waktu_diambil,tahun,bulan,nama_provinsi,nama_kota,sandi,nama,asset,asd,kyd,Kredit yang Diberikan Tahun Sebelumnya,total_hutang,Total Hutang Tahun Sebelumnya,Laba (Rugi) Tahun-tahun Lalu Saat Ini,Laba (Rugi) Tahun-tahun Lalu Tahun Sebelumnya,laba_saat_ini,laba_tahun_lalu,npl_net,kpmm,kap,ppap,roa,cr,ldr,bopo,direksi,dewan_komisaris
5/21/2025 19:28,2021,Maret,Provinsi Jawa Barat,Kab. Bekasi,600137-PT. BPR Artaprima Danajasa,600137-PT. BPR Artaprima Danajasa,0,0,0,0,0,0,0,0,0,0,0,0,0,0,0,0,0,0,,
5/21/2025 19:28,2021,Maret,Provinsi Jawa Barat,Kab. Bekasi,600335-PD. BPR LPK Cibitung,600335-PD. BPR LPK Cibitung,0,0,0,0,0,0,0,0,0,0,0,0,0,0,0,0,0,0,,
5/21/2025 19:28,2021,Maret,Provinsi Jawa Barat,Kab. Bekasi,600337-PD. BPR LPK Sukatani,600337-PD. BPR LPK Sukatani,0,0,0,0,0,0,0,0,0,0,0,0,0,0,0,0,0,0,,
5/21/2025 19:28,2021,Maret,Provinsi Jawa Barat,Kab. Bekasi,600338-PD. BPR LPK Setu,600338-PD. BPR LPK Setu,0,0,0,0,0,0,0,0,0,0,0,0,0,0,0,0,0,0,,
5/21/2025 19:28,2021,Maret,Provinsi Jawa Barat,Kab. Bekasi,600070-PT. BPR Siwa Raharja Utama,600070-PT. BPR Siwa Raharja Utama,21245962,23419344,16676537,17221177,14203823,16633974,3593700,3150000,4712,191643,20.87,74.38,16.02,194.5,1.76,20.08,83.5,91.1,"POSMA ROHANA PANJAITAN, SE., NURHASANAH","DRS. AGUS BONAFIDE SIMANJUNTAK, BANGUN BATAHAN SIAGIAN"
5/21/2025 19:28,2021,Maret,Provinsi Jawa Barat,Kab. Bekasi,600036-PT Bank Perekonomian Rakyat Dana Multi Guna,600036-PT Bank Perekonomian Rakyat Dana Multi Guna,26511069,26782238,17030201,17563429,21189256,21890362,2613432,2323867,209489,69117,21.09,46.32,11.5,100,1.91,11.01,68.33,90.69,"DARHENI CAHYA NOVIYANTI, MUHAMAD ALWIN","BAMBANG WIDIYANTO, RIWANDARI JUNIASTI, Riwandari Juniasti"
5/21/2025 19:28,2021,Maret,Provinsi Jawa Barat,Kab. Bekasi,600007-PT Bank Perekonomian Rakyat Cikarang Raharja,600007-PT Bank Perekonomian Rakyat Cikarang Raharja,80276510,91891096,41906928,61300177,79986589,82928813,"-2,685,648","-1,062,302","-7,024,431",24585,54.84,-0.43,36.34,100,-9.26,8.82,69.23,169.59,"DRS MANGSUR, PONIJO","ROY JANUAR SURYANA, JUNUS SURJA, ROY JANUAR SURYANA"
5/21/2025 19:28,2021,Maret,Provinsi Jawa Barat,Kab. Bekasi,600131-PT. BPR Artha Sentana Hardja,600131-PT. BPR Artha Sentana Hardja,24716935,26596848,19156905,22522021,21274048,23189916,"-4,147,397","-4,318,210",42292,177150,23.01,31.56,18.93,100,0.15,20.3,94.24,99.36,"Yasmina Wiraatmadja, Firmansyah Whisnu W, Erawati Trihardani","Lutfhi Ridwan, Ira Trinovita"
5/21/2025 19:28,2021,Maret,Provinsi Jawa Barat,Kab. Bekasi,600135-PT Bank Perekonomian Rakyat Karya Kurniautama,600135-PT Bank Perekonomian Rakyat Karya Kurniautama,25057800,24642929,16878776,17338514,18697135,18353745,2614110,2604801,246555,184383,7.01,75.15,7.46,100,5.04,20.44,79.83,78.74,"HITMAN BANJARNAHOR, RETNO WULAN AMBARSARI","CHARLES PASARIBU, Kurnia Ria Sianipar,S.E, Rahmad Daud Sianipar,S.Sos, Dr.Syukur T.I Sianipar,S.E,M.M, Berkat Rohani Sianipar,S.S"
5/21/2025 19:28,2021,Maret,Provinsi Jawa Barat,Kab. Bekasi,600139-PT. BPR Olympindo Primadana,600139-PT. BPR Olympindo Primadana,73013244,87282677,30657200,47472522,59182541,72883147,11579333,12152979,"-148,630","-153,449",14.84,34.42,7.99,100,-0.77,12.2,46.35,104.49,"LANY, ANA MARTIANY",
5/21/2025 19:28,2021,Maret,Provinsi Jawa Barat,Kab. Bekasi,600339-PD. BPR LPK Cibarusah,600339-PD. BPR LPK Cibarusah,0,0,0,0,0,0,0,0,0,0,0,0,0,0,0,0,0,0,,
5/21/2025 19:28,2021,Maret,Provinsi Jawa Barat,Kab. Bekasi,600341-PD. BPR LPK Pondok Gede,600341-PD. BPR LPK Pondok Gede,0,0,0,0,0,0,0,0,0,0,0,0,0,0,0,0,0,0,,
5/21/2025 19:29,2021,Maret,Provinsi Jawa Barat,Kab. Bekasi,600103-PT. BPR Sentral Mandiri,600103-PT. BPR Sentral Mandiri,18525487,16313995,13051286,13985265,15104680,15662743,"-4,839,743","-5,074,741",60550,"-274,007",3.69,62.81,7.13,100,3.71,32.45,78.12,84.41,HARYANTO TJAHJADI,FRENKY WITYONO
5/21/2025 19:29,2021,Maret,Provinsi Jawa Barat,Kab. Bekasi,601264-PT. BPR Arthamutiara Permai,601264-PT. BPR Arthamutiara Permai,0,0,0,0,0,0,0,0,0,0,0,0,0,0,0,0,0,0,,
5/21/2025 19:29,2021,Maret,Provinsi Jawa Barat,Kab. Bekasi,601278-PT. BPR Sekar,601278-PT. BPR Sekar,0,0,0,0,0,0,0,0,0,0,0,0,0,0,0,0,0,0,,
5/21/2025 19:29,2021,Maret,Provinsi Jawa Barat,Kab. Bekasi,600098-PT BPR Binadana Makmur,600098-PT BPR Binadana Makmur,6689510,7282785,4292532,3070438,3432939,6739694,"-6,915,710","-6,858,837","-27,719","-98,072",9.1,48.54,11.61,17.92,-0.03,41.73,65.89,102.32,"Ari Zuqnil Fauza, Fatimatuz Zahro","Arisson Hendry, Indra Setiawan, Abdullah Yazid"
5/21/2025 19:29,2021,Maret,Provinsi Jawa Barat,Kab. Bekasi,600342-PT. BPR Wibawa Mukti Jabar,600342-PT. BPR Wibawa Mukti Jabar,36598917,43034727,31560039,36578740,28239943,35935278,"-9,776,174","-10,871,599",262899,98799,11.44,23.7,9.6,100,3.47,12.34,98.64,85.79,DEVI PUSPITASARI,"SUHERMAN, PEMDA PROVINSI JAWABARAT, PEMDA KABUPATEN BEKASI, PT BANK JABAR BANTEN"
5/21/2025 19:29,2021,Maret,Provinsi Jawa Barat,Kab. Bekasi,601257-PT Bank Perekonomian Rakyat Prabu Mitra,601257-PT Bank Perekonomian Rakyat Prabu Mitra,14982325,14617557,6394602,9757102,12319916,11720109,364026,481034,"-341,617",16414,27.88,43.25,17.71,100,-3.34,57.19,46.3,132.18,Dinah Suwarti,Iwan Soetrisna
5/21/2025 19:29,2021,Maret,Provinsi Jawa Barat,Kab. Bekasi,601235-PT BPR Talabumi Ekapersada,601235-PT BPR Talabumi Ekapersada,10028022,10609940,4205727,4697636,6096682,6634990,1516010,1488289,"-51,138",20193,22.92,76.09,8.38,100,-0.53,11.41,44.06,101.03,"Gonti Manogap Hutabarat, Wasdan Manalu,Se","Maiyefni Mansyur, Leonardo Siagian, Leonardo Siagian"
5/21/2025 19:29,2021,Maret,Provinsi Jawa Barat,Kab. Bekasi,601274-PT. BPR Usaha Rakyat,601274-PT. BPR Usaha Rakyat,5269843,5364607,2538931,2530030,1913474,1869460,941435,1109095,14934,"-13,948",15.08,155.56,10.78,97.54,-2.6,138.97,54.24,116.87,Kusuma Candrawati,Nuryanto
5/21/2025 19:29,2021,Maret,Provinsi Jawa Barat,Kab. Bekasi,601294-PT. BPR Trisurya Binaartha,601294-PT. BPR Trisurya Binaartha,0,0,0,0,0,0,0,0,0,0,0,0,0,0,0,0,0,0,,
5/21/2025 19:29,2021,Maret,Provinsi Jawa Barat,Kab. Bekasi,601307-PT Bank Perekonomian Rakyat Cibitung Tanjung Raya,601307-PT Bank Perekonomian Rakyat Cibitung Tanjung Raya,23800809,25450287,15964605,18503219,17628177,19191980,2993775,2993775,100022,186963,9.93,34.92,8.94,100,0.46,51.33,83.79,88.84,"JAJANG HERDIMAN, SE.MM, ELLY","RICARDO PARLINDUNGAN SIMANJUNTAK, BAC, APRIYANTI, PT BPR CIBITUNG TANJUNGRAYA"
5/21/2025 19:29,2021,Maret,Provinsi Jawa Barat,Kab. Bekasi,602060-PT. BPR Sinarenam Permai Jatiasih,602060-PT. BPR Sinarenam Permai Jatiasih,0,0,0,0,0,0,0,0,0,0,0,0,0,0,0,0,0,0,,
5/21/2025 19:29,2021,Maret,Provinsi Jawa Barat,Kab. Bekasi,602076-PT BPR BOJONEGORO SURYAPERSADA,602076-PT BPR BOJONEGORO SURYAPERSADA,0,0,0,0,0,0,0,0,0,0,0,0,0,0,0,0,0,0,,
5/21/2025 19:29,2021,Maret,Provinsi Jawa Barat,Kab. Bekasi,601319-PT BPR Gracia Mandiri,601319-PT BPR Gracia Mandiri,26512014,23438372,17072142,15395369,19155478,16268898,"-2,779,411","-2,648,275",280344,"-37,854",35.35,27.64,25.16,100,0.78,21.69,77.16,94.84,"Ramsius Simamora, Chris Raeval","Kalvin Sihol, SE.MM, Cyrus Yohn Panjaitan, Basirun Sianipar.SE.MM"
5/21/2025 19:29,2021,Maret,Provinsi Jawa Barat,Kab. Bekasi,601315-PT Bank Perekonomian Rakyat Prismaberlian Danarta,601315-PT Bank Perekonomian Rakyat Prismaberlian Danarta,30634820,28064923,18750429,19863222,25486061,22880515,2661161,2618584,87598,165824,11.84,28.11,9.37,100,0.33,33.38,78.01,94.12,"SURYA BUDIMAN, AGUSTINA","LEON KURNIAWAN, DJONI OSCKAR"
5/21/2025 19:29,2021,Maret,Provinsi Jawa Barat,Kab. Bekasi,602083-PT BPR INTI DAYA MASYARAKAT,602083-PT BPR INTI DAYA MASYARAKAT,0,0,0,0,0,0,0,0,0,0,0,0,0,0,0,0,0,0,,
5/21/2025 19:29,2021,Maret,Provinsi Jawa Barat,Kab. Bekasi,601465-PT. BPR Citra Artha Sedana,601465-PT. BPR Citra Artha Sedana,74301372,53955104,59397886,42710062,65094165,46231130,0,0,964992,338850,0.57,15.17,1.61,159.04,5.33,20.68,87.09,83.63,"Drs Heri Susanto, Eva Rani SE, Ramdhani Dwi Atmadja",Irmayanti
5/21/2025 19:29,2021,Maret,Provinsi Jawa Barat,Kab. Bekasi,602095-PD BPR Banyuresmi,602095-PD BPR Banyuresmi,0,0,0,0,0,0,0,0,0,0,0,0,0,0,0,0,0,0,,
5/21/2025 19:29,2021,Maret,Provinsi Jawa Barat,Kab. Bekasi,601793-PT BPR Harapan Saudara,601793-PT BPR Harapan Saudara,40439980,44270920,23785089,31909012,34894804,37137048,4702437,4341566,"-1,557,261",392306,24.35,18.99,16.93,100,-3.85,19.94,69.32,196,,"WIDYA RUMADJA, PT BPR SAUDARA JAYA ABADI, '', '', '', '', '', '', '', '', ''"
5/21/2025 19:29,2021,Maret,Provinsi Jawa Barat,Kab. Bekasi,602097-PD BPR Cibatu,602097-PD BPR Cibatu,0,0,0,0,0,0,0,0,0,0,0,0,0,0,0,0,0,0,,
5/21/2025 19:29,2021,Maret,Provinsi Jawa Barat,Kab. Bekasi,602096-PD BPR Cadasngampar,602096-PD BPR Cadasngampar,0,0,0,0,0,0,0,0,0,0,0,0,0,0,0,0,0,0,,
5/21/2025 19:29,2021,Maret,Provinsi Jawa Barat,Kab. Bekasi,602098-PD BPR Cilawu,602098-PD BPR Cilawu,0,0,0,0,0,0,0,0,0,0,0,0,0,0,0,0,0,0,,
5/21/2025 19:29,2021,Maret,Provinsi Jawa Barat,Kab. Bekasi,602099-PD BPR Conggeang,602099-PD BPR Conggeang,0,0,0,0,0,0,0,0,0,0,0,0,0,0,0,0,0,0,,
5/21/2025 19:29,2021,Maret,Provinsi Jawa Barat,Kab. Bekasi,602100-PD BPR Pakenjang,602100-PD BPR Pakenjang,0,0,0,0,0,0,0,0,0,0,0,0,0,0,0,0,0,0,,
5/21/2025 19:29,2021,Maret,Provinsi Jawa Barat,Kab. Bekasi,601888-PT Bank Perekonomian Rakyat Parasahabat Bekasi,601888-PT Bank Perekonomian Rakyat Parasahabat Bekasi,235430315,271844682,188674786,212495862,195379754,214565461,27048794,40670959,"-248,351",3608144,1.34,27.28,1.28,100,3.57,19.54,88.37,92.11,"R. ANDRY PUTRAWAN S, MARTA ZASWARA, TAUPIK ROHMAN","ENCEP MUNAWAR, IDA PURWANINGSIH, IDA PURWANINGSIH"
5/21/2025 19:29,2021,Maret,Provinsi Jawa Barat,Kab. Bekasi,602101-PD BPR Situraja,602101-PD BPR Situraja,0,0,0,0,0,0,0,0,0,0,0,0,0,0,0,0,0,0,,
5/21/2025 19:29,2021,Maret,Provinsi Jawa Barat,Kab. Bekasi,601978-PT. BPR Prima Nusatama,601978-PT. BPR Prima Nusatama,31912087,30327887,17677683,18124589,24474914,22901080,0,0,237173,226807,14.8,40.02,12.82,100,4.64,44.35,65.48,79.63,"Lambok Marisi Pasaribu, David Yusuf","Ir Saibun Sinaga, Henry Posman Sinaga, PT. NBP"
5/21/2025 19:29,2021,Maret,Provinsi Jawa Barat,Kab. Bekasi,602102-PD BPR Sumedang Utara,602102-PD BPR Sumedang Utara,0,0,0,0,0,0,0,0,0,0,0,0,0,0,0,0,0,0,,
5/21/2025 19:29,2021,Maret,Provinsi Jawa Barat,Kab. Bekasi,602104-PD BPR Tanjungkerta,602104-PD BPR Tanjungkerta,0,0,0,0,0,0,0,0,0,0,0,0,0,0,0,0,0,0,,
5/21/2025 19:29,2021,Maret,Provinsi Jawa Barat,Kab. Bekasi,602105-PD BPR Wanaraja,602105-PD BPR Wanaraja,0,0,0,0,0,0,0,0,0,0,0,0,0,0,0,0,0,0,,
5/21/2025 19:29,2021,Maret,Provinsi Jawa Barat,Kab. Bekasi,602110-PD BPR Talaga,602110-PD BPR Talaga,0,0,0,0,0,0,0,0,0,0,0,0,0,0,0,0,0,0,,
5/21/2025 19:29,2021,Maret,Provinsi Jawa Barat,Kab. Bekasi,602111-PD BPR Argapura,602111-PD BPR Argapura,0,0,0,0,0,0,0,0,0,0,0,0,0,0,0,0,0,0,,
5/21/2025 19:29,2021,Maret,Provinsi Jawa Barat,Kab. Bekasi,602109-PD BPR Majalengka,602109-PD BPR Majalengka,0,0,0,0,0,0,0,0,0,0,0,0,0,0,0,0,0,0,,
5/21/2025 19:29,2021,Maret,Provinsi Jawa Barat,Kab. Bekasi,602010-PT BPR Handalan Danagraha,602010-PT BPR Handalan Danagraha,32753110,27012710,26355776,23022196,26717710,22293503,2132754,770260,522646,568947,2.02,31.22,10.82,100,5.87,22.8,94.71,68.36,Wawat Trisnawati,"Juliana Widyanti, Fransisca Purnamasari Adiwidjaja, Juliana Widyanti"
5/21/2025 19:29,2021,Maret,Provinsi Jawa Barat,Kab. Bekasi,602113-PD BPR Ciledug,602113-PD BPR Ciledug,0,0,0,0,0,0,0,0,0,0,0,0,0,0,0,0,0,0,,
5/21/2025 19:29,2021,Maret,Provinsi Jawa Barat,Kab. Bekasi,602001-PT. BPR Harta Tanamas,602001-PT. BPR Harta Tanamas,15181471,15204243,11028805,9671940,9551187,10360782,3020617,2422581,209667,20880,9.69,87.97,8.48,100,1.4,35.88,75.62,94.23,"Drs. H. Harsono Soni, MM, Puji Rahayu","Drs. Muhamad Djufri, Nuri Wulandari, Nuri Wulandari"
5/21/2025 19:29,2021,Maret,Provinsi Jawa Barat,Kab. Bekasi,602114-PD BPR Cilimus,602114-PD BPR Cilimus,0,0,0,0,0,0,0,0,0,0,0,0,0,0,0,0,0,0,,
5/21/2025 19:29,2021,Maret,Provinsi Jawa Barat,Kab. Bekasi,602112-PD BPR Cibingbin,602112-PD BPR Cibingbin,0,0,0,0,0,0,0,0,0,0,0,0,0,0,0,0,0,0,,
5/21/2025 19:29,2021,Maret,Provinsi Jawa Barat,Kab. Bekasi,602115-PD BPR Ciniru,602115-PD BPR Ciniru,0,0,0,0,0,0,0,0,0,0,0,0,0,0,0,0,0,0,,
5/21/2025 19:29,2021,Maret,Provinsi Jawa Barat,Kab. Bekasi,602116-PD BPR Ciwaru,602116-PD BPR Ciwaru,0,0,0,0,0,0,0,0,0,0,0,0,0,0,0,0,0,0,,
5/21/2025 19:29,2021,Maret,Provinsi Jawa Barat,Kab. Bekasi,602117-PD BPR Dawuan,602117-PD BPR Dawuan,0,0,0,0,0,0,0,0,0,0,0,0,0,0,0,0,0,0,,
5/21/2025 19:29,2021,Maret,Provinsi Jawa Barat,Kab. Bekasi,602103-PD BPR Sumedang Selatan,602103-PD BPR Sumedang Selatan,0,0,0,0,0,0,0,0,0,0,0,0,0,0,0,0,0,0,,
5/21/2025 19:29,2021,Maret,Provinsi Jawa Barat,Kab. Bekasi,602118-PD BPR Indramayu,602118-PD BPR Indramayu,0,0,0,0,0,0,0,0,0,0,0,0,0,0,0,0,0,0,,
5/21/2025 19:29,2021,Maret,Provinsi Jawa Barat,Kab. Bekasi,602119-PD BPR Jalaksana,602119-PD BPR Jalaksana,0,0,0,0,0,0,0,0,0,0,0,0,0,0,0,0,0,0,,
5/21/2025 19:29,2021,Maret,Provinsi Jawa Barat,Kab. Bekasi,602120-PD BPR Jatibarang,602120-PD BPR Jatibarang,0,0,0,0,0,0,0,0,0,0,0,0,0,0,0,0,0,0,,
5/21/2025 19:29,2021,Maret,Provinsi Jawa Barat,Kab. Bekasi,602123-PD BPR Lemahsugih,602123-PD BPR Lemahsugih,0,0,0,0,0,0,0,0,0,0,0,0,0,0,0,0,0,0,,
5/21/2025 19:29,2021,Maret,Provinsi Jawa Barat,Kab. Bekasi,602121-PD BPR Jatiwangi,602121-PD BPR Jatiwangi,0,0,0,0,0,0,0,0,0,0,0,0,0,0,0,0,0,0,,
5/21/2025 19:29,2021,Maret,Provinsi Jawa Barat,Kab. Bekasi,602122-PD BPR Lelea,602122-PD BPR Lelea,0,0,0,0,0,0,0,0,0,0,0,0,0,0,0,0,0,0,,
5/21/2025 19:29,2021,Maret,Provinsi Jawa Barat,Kab. Bekasi,602125-PD BPR Losari,602125-PD BPR Losari,0,0,0,0,0,0,0,0,0,0,0,0,0,0,0,0,0,0,,
5/21/2025 19:29,2021,Maret,Provinsi Jawa Barat,Kab. Bekasi,602126-PD BPR Luragung,602126-PD BPR Luragung,0,0,0,0,0,0,0,0,0,0,0,0,0,0,0,0,0,0,,
5/21/2025 19:29,2021,Maret,Provinsi Jawa Barat,Kab. Bekasi,602127-PD BPR Maja,602127-PD BPR Maja,0,0,0,0,0,0,0,0,0,0,0,0,0,0,0,0,0,0,,
5/21/2025 19:29,2021,Maret,Provinsi Jawa Barat,Kab. Bekasi,602128-PD BPR Majalengka,602128-PD BPR Majalengka,0,0,0,0,0,0,0,0,0,0,0,0,0,0,0,0,0,0,,
5/21/2025 19:29,2021,Maret,Provinsi Jawa Barat,Kab. Bekasi,602131-PD BPR Talaga,602131-PD BPR Talaga,0,0,0,0,0,0,0,0,0,0,0,0,0,0,0,0,0,0,,
5/21/2025 19:29,2021,Maret,Provinsi Jawa Barat,Kab. Bekasi,602132-PT BPR LINGGARTI MAKMUR,602132-PT BPR LINGGARTI MAKMUR,0,0,0,0,0,0,0,0,0,0,0,0,0,0,0,0,0,0,,
5/21/2025 19:29,2021,Maret,Provinsi Jawa Barat,Kab. Bekasi,602129-PD BPR Subang,602129-PD BPR Subang,0,0,0,0,0,0,0,0,0,0,0,0,0,0,0,0,0,0,,
5/21/2025 19:29,2021,Maret,Provinsi Jawa Barat,Kab. Bekasi,602143-MAI BP. KAMBOJA,602143-MAI BP. KAMBOJA,0,0,0,0,0,0,0,0,0,0,0,0,0,0,0,0,0,0,,
5/21/2025 19:29,2021,Maret,Provinsi Jawa Barat,Kab. Bekasi,602138-MAI BP. CATUR KARYA,602138-MAI BP. CATUR KARYA,0,0,0,0,0,0,0,0,0,0,0,0,0,0,0,0,0,0,,
5/21/2025 19:29,2021,Maret,Provinsi Jawa Barat,Kab. Bekasi,602137-PT BD. BALI RESPATI,602137-PT BD. BALI RESPATI,0,0,0,0,0,0,0,0,0,0,0,0,0,0,0,0,0,0,,
5/21/2025 19:29,2021,Maret,Provinsi Jawa Barat,Kab. Bekasi,602142-MAI BP. FAJAR HARAPAN BHUWANA JAYA,602142-MAI BP. FAJAR HARAPAN BHUWANA JAYA,0,0,0,0,0,0,0,0,0,0,0,0,0,0,0,0,0,0,,
5/21/2025 19:29,2021,Maret,Provinsi Jawa Barat,Kab. Bekasi,602145-MAI BP. MAJURE,602145-MAI BP. MAJURE,0,0,0,0,0,0,0,0,0,0,0,0,0,0,0,0,0,0,,
5/21/2025 19:29,2021,Maret,Provinsi Jawa Barat,Kab. Bekasi,602149-MAI BP. PARA SEMETON,602149-MAI BP. PARA SEMETON,0,0,0,0,0,0,0,0,0,0,0,0,0,0,0,0,0,0,,
5/21/2025 19:29,2021,Maret,Provinsi Jawa Barat,Kab. Bekasi,602148-PT BPR MERTHA ADIBHUWANA,602148-PT BPR MERTHA ADIBHUWANA,0,0,0,0,0,0,0,0,0,0,0,0,0,0,0,0,0,0,,
5/21/2025 19:29,2021,Maret,Provinsi Jawa Barat,Kab. Bekasi,602151-MAI BP. PELITA KENCANA JA,602151-MAI BP. PELITA KENCANA JA,0,0,0,0,0,0,0,0,0,0,0,0,0,0,0,0,0,0,,
5/21/2025 19:30,2021,Maret,Provinsi Jawa Barat,Kab. Bekasi,602160-PT BPR BUMI WAHANA ARTHA,602160-PT BPR BUMI WAHANA ARTHA,0,0,0,0,0,0,0,0,0,0,0,0,0,0,0,0,0,0,,
5/21/2025 19:30,2021,Maret,Provinsi Jawa Barat,Kab. Bekasi,602135-PT BD ARTHA SARI SEDANA,602135-PT BD ARTHA SARI SEDANA,0,0,0,0,0,0,0,0,0,0,0,0,0,0,0,0,0,0,,
5/21/2025 19:30,2021,Maret,Provinsi Jawa Barat,Kab. Bekasi,602163-PT BPR CENTRALBHAKTI NIAGATAMA,602163-PT BPR CENTRALBHAKTI NIAGATAMA,0,0,0,0,0,0,0,0,0,0,0,0,0,0,0,0,0,0,,
5/21/2025 19:30,2021,Maret,Provinsi Jawa Barat,Kab. Bekasi,602130-PD BPR Sumberjaya,602130-PD BPR Sumberjaya,0,0,0,0,0,0,0,0,0,0,0,0,0,0,0,0,0,0,,
5/21/2025 19:30,2021,Maret,Provinsi Jawa Barat,Kab. Bekasi,602169-PT BPR SATRIA PERTIWI,602169-PT BPR SATRIA PERTIWI,0,0,0,0,0,0,0,0,0,0,0,0,0,0,0,0,0,0,,
5/21/2025 19:30,2021,Maret,Provinsi Jawa Barat,Kab. Bekasi,602176-PT BPR REJEKI MURAH BINAGUNA,602176-PT BPR REJEKI MURAH BINAGUNA,0,0,0,0,0,0,0,0,0,0,0,0,0,0,0,0,0,0,,
5/21/2025 19:30,2021,Maret,Provinsi Jawa Barat,Kab. Bekasi,602179-PT BPR ARTHAKUTAMAS,602179-PT BPR ARTHAKUTAMAS,0,0,0,0,0,0,0,0,0,0,0,0,0,0,0,0,0,0,,
5/21/2025 19:30,2021,Maret,Provinsi Jawa Barat,Kab. Bekasi,602173-PT BPR SARI DANA MERTA,602173-PT BPR SARI DANA MERTA,0,0,0,0,0,0,0,0,0,0,0,0,0,0,0,0,0,0,,
5/21/2025 19:30,2021,Maret,Provinsi Jawa Barat,Kab. Bekasi,602184-PT BPR Gunung Barisan,602184-PT BPR Gunung Barisan,0,0,0,0,0,0,0,0,0,0,0,0,0,0,0,0,0,0,,
5/21/2025 19:30,2021,Maret,Provinsi Jawa Barat,Kab. Bekasi,602194-PT BP TRIDAYA BHAKTI,602194-PT BP TRIDAYA BHAKTI,0,0,0,0,0,0,0,0,0,0,0,0,0,0,0,0,0,0,,
5/21/2025 19:30,2021,Maret,Provinsi Jawa Barat,Kab. Bekasi,602196-PT BPR MITRA PEMBANGUNAN,602196-PT BPR MITRA PEMBANGUNAN,0,0,0,0,0,0,0,0,0,0,0,0,0,0,0,0,0,0,,
5/21/2025 19:30,2021,Maret,Provinsi Jawa Barat,Kab. Bekasi,602187-PT BPR Cikupa Jaya,602187-PT BPR Cikupa Jaya,0,0,0,0,0,0,0,0,0,0,0,0,0,0,0,0,0,0,,
5/21/2025 19:30,2021,Maret,Provinsi Jawa Barat,Kab. Bekasi,602192-PT BPR Artha Mitra Dhananugraha,602192-PT BPR Artha Mitra Dhananugraha,0,0,0,0,0,0,0,0,0,0,0,0,0,0,0,0,0,0,,
5/21/2025 19:30,2021,Maret,Provinsi Jawa Barat,Kab. Bekasi,602202-PT BPR Bintang Rahardjo,602202-PT BPR Bintang Rahardjo,0,0,0,0,0,0,0,0,0,0,0,0,0,0,0,0,0,0,,
5/21/2025 19:30,2021,Maret,Provinsi Jawa Barat,Kab. Bekasi,602156-PT BPR SARWA SEDANA,602156-PT BPR SARWA SEDANA,0,0,0,0,0,0,0,0,0,0,0,0,0,0,0,0,0,0,,
5/21/2025 19:30,2021,Maret,Provinsi Jawa Barat,Kab. Bekasi,602206-PT BPR MULTIJAYA ARTAPRIMA,602206-PT BPR MULTIJAYA ARTAPRIMA,0,0,0,0,0,0,0,0,0,0,0,0,0,0,0,0,0,0,,
5/21/2025 19:30,2021,Maret,Provinsi Jawa Barat,Kab. Bekasi,602208-PT BPR Roda Mekar Jaya,602208-PT BPR Roda Mekar Jaya,0,0,0,0,0,0,0,0,0,0,0,0,0,0,0,0,0,0,,
5/21/2025 19:30,2021,Maret,Provinsi Jawa Barat,Kab. Bekasi,602203-PT BPR DARMAGA RAYA,602203-PT BPR DARMAGA RAYA,0,0,0,0,0,0,0,0,0,0,0,0,0,0,0,0,0,0,,
5/21/2025 19:30,2021,Maret,Provinsi Jawa Barat,Kab. Bekasi,602210-PT. BPR MITRAKARYA ARTAMULIA,602210-PT. BPR MITRAKARYA ARTAMULIA,0,0,0,0,0,0,0,0,0,0,0,0,0,0,0,0,0,0,,
5/21/2025 19:30,2021,Maret,Provinsi Jawa Barat,Kab. Bekasi,602212-PT BPR Dana Pratama Maju,602212-PT BPR Dana Pratama Maju,0,0,0,0,0,0,0,0,0,0,0,0,0,0,0,0,0,0,,
5/21/2025 19:30,2021,Maret,Provinsi Jawa Barat,Kab. Bekasi,602214-PT BPR MITRA PERDAGANGAN,602214-PT BPR MITRA PERDAGANGAN,0,0,0,0,0,0,0,0,0,0,0,0,0,0,0,0,0,0,,
5/21/2025 19:30,2021,Maret,Provinsi Jawa Barat,Kab. Bekasi,602215-PT BPR DANA KITA,602215-PT BPR DANA KITA,0,0,0,0,0,0,0,0,0,0,0,0,0,0,0,0,0,0,,
5/21/2025 19:30,2021,Maret,Provinsi Jawa Barat,Kab. Bekasi,602225-PT BPR ADIDHANA,602225-PT BPR ADIDHANA,0,0,0,0,0,0,0,0,0,0,0,0,0,0,0,0,0,0,,
5/21/2025 19:30,2021,Maret,Provinsi Jawa Barat,Kab. Bekasi,602226-PT BPR Diana Sapta Surya,602226-PT BPR Diana Sapta Surya,0,0,0,0,0,0,0,0,0,0,0,0,0,0,0,0,0,0,,
5/21/2025 19:30,2021,Maret,Provinsi Jawa Barat,Kab. Bekasi,602200-PT BPR ARTHAMAS MITRASEJATI,602200-PT BPR ARTHAMAS MITRASEJATI,0,0,0,0,0,0,0,0,0,0,0,0,0,0,0,0,0,0,,
5/21/2025 19:30,2021,Maret,Provinsi Jawa Barat,Kab. Bekasi,602217-PT BPR INDRA ARTHA,602217-PT BPR INDRA ARTHA,0,0,0,0,0,0,0,0,0,0,0,0,0,0,0,0,0,0,,
5/21/2025 19:30,2021,Maret,Provinsi Jawa Barat,Kab. Bekasi,602224-PT BPR INTI EKONOMI,602224-PT BPR INTI EKONOMI,0,0,0,0,0,0,0,0,0,0,0,0,0,0,0,0,0,0,,
5/21/2025 19:30,2021,Maret,Provinsi Jawa Barat,Kab. Bekasi,602227-PT BPR PRAWITASARANA UTAMA,602227-PT BPR PRAWITASARANA UTAMA,0,0,0,0,0,0,0,0,0,0,0,0,0,0,0,0,0,0,,
5/21/2025 19:30,2021,Maret,Provinsi Jawa Barat,Kab. Bekasi,602228-BKPD Batujaya,602228-BKPD Batujaya,0,0,0,0,0,0,0,0,0,0,0,0,0,0,0,0,0,0,,
5/21/2025 19:30,2021,Maret,Provinsi Jawa Barat,Kab. Bekasi,602229-BKPD Cikampek,602229-BKPD Cikampek,0,0,0,0,0,0,0,0,0,0,0,0,0,0,0,0,0,0,,
5/21/2025 19:30,2021,Maret,Provinsi Jawa Barat,Kab. Bekasi,602232-BKPD Klari,602232-BKPD Klari,0,0,0,0,0,0,0,0,0,0,0,0,0,0,0,0,0,0,,
5/21/2025 19:30,2021,Maret,Provinsi Jawa Barat,Kab. Bekasi,602233-BKPD Lemahabang Wadas,602233-BKPD Lemahabang Wadas,0,0,0,0,0,0,0,0,0,0,0,0,0,0,0,0,0,0,,
5/21/2025 19:30,2021,Maret,Provinsi Jawa Barat,Kab. Bekasi,602236-BKPD Rawamerta,602236-BKPD Rawamerta,0,0,0,0,0,0,0,0,0,0,0,0,0,0,0,0,0,0,,
5/21/2025 19:30,2021,Maret,Provinsi Jawa Barat,Kab. Bekasi,602237-Rengasdengklok,602237-Rengasdengklok,0,0,0,0,0,0,0,0,0,0,0,0,0,0,0,0,0,0,,
5/21/2025 19:30,2021,Maret,Provinsi Jawa Barat,Kab. Bekasi,602239-BKPD Telukjambe,602239-BKPD Telukjambe,0,0,0,0,0,0,0,0,0,0,0,0,0,0,0,0,0,0,,
5/21/2025 19:30,2021,Maret,Provinsi Jawa Barat,Kab. Bekasi,602241-PT BPR TUGUHARTA,602241-PT BPR TUGUHARTA,0,0,0,0,0,0,0,0,0,0,0,0,0,0,0,0,0,0,,
5/21/2025 19:30,2021,Maret,Provinsi Jawa Barat,Kab. Bekasi,602235-BKPD Pedes,602235-BKPD Pedes,0,0,0,0,0,0,0,0,0,0,0,0,0,0,0,0,0,0,,
5/21/2025 19:30,2021,Maret,Provinsi Jawa Barat,Kab. Bekasi,602248-PT BPR WIRADANA RAHARJA,602248-PT BPR WIRADANA RAHARJA,0,0,0,0,0,0,0,0,0,0,0,0,0,0,0,0,0,0,,
5/21/2025 19:30,2021,Maret,Provinsi Jawa Barat,Kab. Bekasi,602252-PT BPR MAKARTI MAKMUR,602252-PT BPR MAKARTI MAKMUR,0,0,0,0,0,0,0,0,0,0,0,0,0,0,0,0,0,0,,
5/21/2025 19:30,2021,Maret,Provinsi Jawa Barat,Kab. Bekasi,602246-PT BPR GHANESA MATRAARTHA,602246-PT BPR GHANESA MATRAARTHA,0,0,0,0,0,0,0,0,0,0,0,0,0,0,0,0,0,0,,
5/21/2025 19:30,2021,Maret,Provinsi Jawa Barat,Kab. Bekasi,602255-PT BPR KUMARA ABADI,602255-PT BPR KUMARA ABADI,0,0,0,0,0,0,0,0,0,0,0,0,0,0,0,0,0,0,,
5/21/2025 19:30,2021,Maret,Provinsi Jawa Barat,Kab. Bekasi,602266-PT BPR BERLIAN DHANARTA,602266-PT BPR BERLIAN DHANARTA,0,0,0,0,0,0,0,0,0,0,0,0,0,0,0,0,0,0,,
5/21/2025 19:30,2021,Maret,Provinsi Jawa Barat,Kab. Bekasi,602271-PT BPR MANDRADANA MANDIRI,602271-PT BPR MANDRADANA MANDIRI,0,0,0,0,0,0,0,0,0,0,0,0,0,0,0,0,0,0,,
5/21/2025 19:30,2021,Maret,Provinsi Jawa Barat,Kab. Bekasi,602274-PT BPR CARAKARAHAYU LANGGENG,602274-PT BPR CARAKARAHAYU LANGGENG,0,0,0,0,0,0,0,0,0,0,0,0,0,0,0,0,0,0,,
5/21/2025 19:30,2021,Maret,Provinsi Jawa Barat,Kab. Bekasi,602234-BKPD Pangkalan,602234-BKPD Pangkalan,0,0,0,0,0,0,0,0,0,0,0,0,0,0,0,0,0,0,,
5/21/2025 19:30,2021,Maret,Provinsi Jawa Barat,Kab. Bekasi,602279-PT BPR GRAHA PURNAMANDIRI,602279-PT BPR GRAHA PURNAMANDIRI,0,0,0,0,0,0,0,0,0,0,0,0,0,0,0,0,0,0,,
5/21/2025 19:30,2021,Maret,Provinsi Jawa Barat,Kab. Bekasi,602280-PT BPR DAYA PERPENSI,602280-PT BPR DAYA PERPENSI,0,0,0,0,0,0,0,0,0,0,0,0,0,0,0,0,0,0,,
5/21/2025 19:30,2021,Maret,Provinsi Jawa Barat,Kab. Bekasi,602287-PT BPR Kandiarta Rejeki,602287-PT BPR Kandiarta Rejeki,0,0,0,0,0,0,0,0,0,0,0,0,0,0,0,0,0,0,,
5/21/2025 19:30,2021,Maret,Provinsi Jawa Barat,Kab. Bekasi,602244-PT BPR ANEKADANA MANDIRI,602244-PT BPR ANEKADANA MANDIRI,0,0,0,0,0,0,0,0,0,0,0,0,0,0,0,0,0,0,,
5/21/2025 19:30,2021,Maret,Provinsi Jawa Barat,Kab. Bekasi,602289-PT BPR MUTIARA SEMESTA,602289-PT BPR MUTIARA SEMESTA,0,0,0,0,0,0,0,0,0,0,0,0,0,0,0,0,0,0,,
5/21/2025 19:30,2021,Maret,Provinsi Jawa Barat,Kab. Bekasi,602290-PT BPR GEBU LUMBUNG ANDALAS,602290-PT BPR GEBU LUMBUNG ANDALAS,0,0,0,0,0,0,0,0,0,0,0,0,0,0,0,0,0,0,,
5/21/2025 19:30,2021,Maret,Provinsi Jawa Barat,Kab. Bekasi,602291-PT BPR Citra Rekadana,602291-PT BPR Citra Rekadana,0,0,0,0,0,0,0,0,0,0,0,0,0,0,0,0,0,0,,
5/21/2025 19:30,2021,Maret,Provinsi Jawa Barat,Kab. Bekasi,602273-PT BPR KARSA USAHA NIAGA JAYA,602273-PT BPR KARSA USAHA NIAGA JAYA,0,0,0,0,0,0,0,0,0,0,0,0,0,0,0,0,0,0,,
5/21/2025 19:30,2021,Maret,Provinsi Jawa Barat,Kab. Bekasi,602292-PT BPR BERLIAN INTIDANA,602292-PT BPR BERLIAN INTIDANA,0,0,0,0,0,0,0,0,0,0,0,0,0,0,0,0,0,0,,
5/21/2025 19:30,2021,Maret,Provinsi Jawa Barat,Kab. Bekasi,602277-PT BPR GEBU MINSI UTAMA,602277-PT BPR GEBU MINSI UTAMA,0,0,0,0,0,0,0,0,0,0,0,0,0,0,0,0,0,0,,
5/21/2025 19:30,2021,Maret,Provinsi Jawa Barat,Kab. Bekasi,602263-PT BPR HAKIMAH,602263-PT BPR HAKIMAH,0,0,0,0,0,0,0,0,0,0,0,0,0,0,0,0,0,0,,
5/21/2025 19:30,2021,Maret,Provinsi Jawa Barat,Kab. Bekasi,602293-PT BPR SENTRAPRIMA INSANDANA,602293-PT BPR SENTRAPRIMA INSANDANA,0,0,0,0,0,0,0,0,0,0,0,0,0,0,0,0,0,0,,
5/21/2025 19:30,2021,Maret,Provinsi Jawa Barat,Kab. Bekasi,602350-PT BPR TIMOR ALFA DHANA,602350-PT BPR TIMOR ALFA DHANA,0,0,0,0,0,0,0,0,0,0,0,0,0,0,0,0,0,0,,
5/21/2025 19:30,2021,Maret,Provinsi Jawa Barat,Kab. Bekasi,602286-PT BPR Dion Sumber Dana,602286-PT BPR Dion Sumber Dana,0,0,0,0,0,0,0,0,0,0,0,0,0,0,0,0,0,0,,
5/21/2025 19:30,2021,Maret,Provinsi Jawa Barat,Kab. Bekasi,602351-PT BPR JARI JAWA,602351-PT BPR JARI JAWA,0,0,0,0,0,0,0,0,0,0,0,0,0,0,0,0,0,0,,
5/21/2025 19:30,2021,Maret,Provinsi Jawa Barat,Kab. Bekasi,602363-PT BPR LAWANG MAKMUR,602363-PT BPR LAWANG MAKMUR,0,0,0,0,0,0,0,0,0,0,0,0,0,0,0,0,0,0,,
5/21/2025 19:30,2021,Maret,Provinsi Jawa Barat,Kab. Bekasi,602299-PT BPR GATRA ARTHA,602299-PT BPR GATRA ARTHA,0,0,0,0,0,0,0,0,0,0,0,0,0,0,0,0,0,0,,
5/21/2025 19:30,2021,Maret,Provinsi Jawa Barat,Kab. Bekasi,602367-PT BPR SUMBER REJEKI LANCARJAYA,602367-PT BPR SUMBER REJEKI LANCARJAYA,0,0,0,0,0,0,0,0,0,0,0,0,0,0,0,0,0,0,,
5/21/2025 19:30,2021,Maret,Provinsi Jawa Barat,Kab. Bekasi,602405-PD BPR KURK KETAPANG,602405-PD BPR KURK KETAPANG,0,0,0,0,0,0,0,0,0,0,0,0,0,0,0,0,0,0,,
5/21/2025 19:30,2021,Maret,Provinsi Jawa Barat,Kab. Bekasi,602407-MAI BP ABDI ARTHA PEMBANGUNAN,602407-MAI BP ABDI ARTHA PEMBANGUNAN,0,0,0,0,0,0,0,0,0,0,0,0,0,0,0,0,0,0,,
5/21/2025 19:30,2021,Maret,Provinsi Jawa Barat,Kab. Bekasi,602384-PT BPR HIDUP PROVITAMAS,602384-PT BPR HIDUP PROVITAMAS,0,0,0,0,0,0,0,0,0,0,0,0,0,0,0,0,0,0,,
5/21/2025 19:30,2021,Maret,Provinsi Jawa Barat,Kab. Bekasi,602408-KOP.BP NIAGA RAKYAT,602408-KOP.BP NIAGA RAKYAT,0,0,0,0,0,0,0,0,0,0,0,0,0,0,0,0,0,0,,
5/21/2025 19:30,2021,Maret,Provinsi Jawa Barat,Kab. Bekasi,602411-PT BPR MITRA ARTHA NIAGA,602411-PT BPR MITRA ARTHA NIAGA,0,0,0,0,0,0,0,0,0,0,0,0,0,0,0,0,0,0,,
5/21/2025 19:30,2021,Maret,Provinsi Jawa Barat,Kab. Bekasi,602296-PT BPR BERLIAN PANCADANA,602296-PT BPR BERLIAN PANCADANA,0,0,0,0,0,0,0,0,0,0,0,0,0,0,0,0,0,0,,
5/21/2025 19:30,2021,Maret,Provinsi Jawa Barat,Kab. Bekasi,602413-PT BPR DELTA SEJAHTERA MAKMUR,602413-PT BPR DELTA SEJAHTERA MAKMUR,0,0,0,0,0,0,0,0,0,0,0,0,0,0,0,0,0,0,,
5/21/2025 19:30,2021,Maret,Provinsi Jawa Barat,Kab. Bekasi,602428-KOP BPR USAHA JAYA,602428-KOP BPR USAHA JAYA,0,0,0,0,0,0,0,0,0,0,0,0,0,0,0,0,0,0,,
5/21/2025 19:30,2021,Maret,Provinsi Jawa Barat,Kab. Bekasi,602412-PT BPR NUSAGRIYA ARTHAPARIPURNA,602412-PT BPR NUSAGRIYA ARTHAPARIPURNA,0,0,0,0,0,0,0,0,0,0,0,0,0,0,0,0,0,0,,
5/21/2025 19:30,2021,Maret,Provinsi Jawa Barat,Kab. Bekasi,602429-PD BPR Banjar,602429-PD BPR Banjar,0,0,0,0,0,0,0,0,0,0,0,0,0,0,0,0,0,0,,
5/21/2025 19:30,2021,Maret,Provinsi Jawa Barat,Kab. Bekasi,602426-PT BPR GAMANA KRIDABHAKTI,602426-PT BPR GAMANA KRIDABHAKTI,0,0,0,0,0,0,0,0,0,0,0,0,0,0,0,0,0,0,,
5/21/2025 19:30,2021,Maret,Provinsi Jawa Barat,Kab. Bekasi,602430-PD BPR Banjarsari,602430-PD BPR Banjarsari,0,0,0,0,0,0,0,0,0,0,0,0,0,0,0,0,0,0,,
5/21/2025 19:30,2021,Maret,Provinsi Jawa Barat,Kab. Bekasi,602431-PD BPR Ciamis Selatan,602431-PD BPR Ciamis Selatan,0,0,0,0,0,0,0,0,0,0,0,0,0,0,0,0,0,0,,
5/21/2025 19:30,2021,Maret,Provinsi Jawa Barat,Kab. Bekasi,602422-KOP BPR SUKODADI,602422-KOP BPR SUKODADI,0,0,0,0,0,0,0,0,0,0,0,0,0,0,0,0,0,0,,
5/21/2025 19:30,2021,Maret,Provinsi Jawa Barat,Kab. Bekasi,602432-PD BPR Ciamis Utara,602432-PD BPR Ciamis Utara,0,0,0,0,0,0,0,0,0,0,0,0,0,0,0,0,0,0,,
5/21/2025 19:30,2021,Maret,Provinsi Jawa Barat,Kab. Bekasi,602433-PD BPR Cigugur,602433-PD BPR Cigugur,0,0,0,0,0,0,0,0,0,0,0,0,0,0,0,0,0,0,,
5/21/2025 19:30,2021,Maret,Provinsi Jawa Barat,Kab. Bekasi,602434-PD BPR Cihaurbeuti,602434-PD BPR Cihaurbeuti,0,0,0,0,0,0,0,0,0,0,0,0,0,0,0,0,0,0,,
5/21/2025 19:30,2021,Maret,Provinsi Jawa Barat,Kab. Bekasi,602435-PD BPR Cijeungjing,602435-PD BPR Cijeungjing,0,0,0,0,0,0,0,0,0,0,0,0,0,0,0,0,0,0,,
5/21/2025 19:30,2021,Maret,Provinsi Jawa Barat,Kab. Bekasi,602436-PD BPR Cikoneng,602436-PD BPR Cikoneng,0,0,0,0,0,0,0,0,0,0,0,0,0,0,0,0,0,0,,
5/21/2025 19:30,2021,Maret,Provinsi Jawa Barat,Kab. Bekasi,602437-PD BPR Cimaragas,602437-PD BPR Cimaragas,0,0,0,0,0,0,0,0,0,0,0,0,0,0,0,0,0,0,,
5/21/2025 19:30,2021,Maret,Provinsi Jawa Barat,Kab. Bekasi,602441-PD BPR Kalipucang,602441-PD BPR Kalipucang,0,0,0,0,0,0,0,0,0,0,0,0,0,0,0,0,0,0,,
5/21/2025 19:30,2021,Maret,Provinsi Jawa Barat,Kab. Bekasi,602440-PD BPR Cisaga,602440-PD BPR Cisaga,0,0,0,0,0,0,0,0,0,0,0,0,0,0,0,0,0,0,,
5/21/2025 19:30,2021,Maret,Provinsi Jawa Barat,Kab. Bekasi,602442-PD BPR Kawali,602442-PD BPR Kawali,0,0,0,0,0,0,0,0,0,0,0,0,0,0,0,0,0,0,,
5/21/2025 19:30,2021,Maret,Provinsi Jawa Barat,Kab. Bekasi,602443-PD BPR langkaplancar,602443-PD BPR langkaplancar,0,0,0,0,0,0,0,0,0,0,0,0,0,0,0,0,0,0,,
5/21/2025 19:30,2021,Maret,Provinsi Jawa Barat,Kab. Bekasi,602444-PD BPR Pamarican,602444-PD BPR Pamarican,0,0,0,0,0,0,0,0,0,0,0,0,0,0,0,0,0,0,,
5/21/2025 19:30,2021,Maret,Provinsi Jawa Barat,Kab. Bekasi,602439-PD BPR Cipaku,602439-PD BPR Cipaku,0,0,0,0,0,0,0,0,0,0,0,0,0,0,0,0,0,0,,
5/21/2025 19:30,2021,Maret,Provinsi Jawa Barat,Kab. Bekasi,602446-PD BPR Padaherang,602446-PD BPR Padaherang,0,0,0,0,0,0,0,0,0,0,0,0,0,0,0,0,0,0,,
5/21/2025 19:30,2021,Maret,Provinsi Jawa Barat,Kab. Bekasi,602445-PD BPR Panawangan,602445-PD BPR Panawangan,0,0,0,0,0,0,0,0,0,0,0,0,0,0,0,0,0,0,,
5/21/2025 19:30,2021,Maret,Provinsi Jawa Barat,Kab. Bekasi,602447-PD BPR Panjalu,602447-PD BPR Panjalu,0,0,0,0,0,0,0,0,0,0,0,0,0,0,0,0,0,0,,
5/21/2025 19:30,2021,Maret,Provinsi Jawa Barat,Kab. Bekasi,602448-PD BPR Parigi,602448-PD BPR Parigi,0,0,0,0,0,0,0,0,0,0,0,0,0,0,0,0,0,0,,
5/21/2025 19:30,2021,Maret,Provinsi Jawa Barat,Kab. Bekasi,602450-PD BPR Rajadesa,602450-PD BPR Rajadesa,0,0,0,0,0,0,0,0,0,0,0,0,0,0,0,0,0,0,,
5/21/2025 19:30,2021,Maret,Provinsi Jawa Barat,Kab. Bekasi,602449-PD BPR Pataruman,602449-PD BPR Pataruman,0,0,0,0,0,0,0,0,0,0,0,0,0,0,0,0,0,0,,
5/21/2025 19:30,2021,Maret,Provinsi Jawa Barat,Kab. Bekasi,602451-PD BPR Rancah,602451-PD BPR Rancah,0,0,0,0,0,0,0,0,0,0,0,0,0,0,0,0,0,0,,
5/21/2025 19:30,2021,Maret,Provinsi Jawa Barat,Kab. Bekasi,602466-PT BPR ARTHA MASYARAKAT,602466-PT BPR ARTHA MASYARAKAT,0,0,0,0,0,0,0,0,0,0,0,0,0,0,0,0,0,0,,
5/21/2025 19:30,2021,Maret,Provinsi Jawa Barat,Kab. Purwakarta,602262-PT BPR USWATUN HASANAH,602262-PT BPR USWATUN HASANAH,0,0,0,0,0,0,0,0,0,0,0,0,0,0,0,0,0,0,,
5/21/2025 19:30,2021,Maret,Provinsi Jawa Barat,Kab. Purwakarta,602288-PT BPR BEKASI MAKIN MAJU,602288-PT BPR BEKASI MAKIN MAJU,0,0,0,0,0,0,0,0,0,0,0,0,0,0,0,0,0,0,,
5/21/2025 19:30,2021,Maret,Provinsi Jawa Barat,Kab. Purwakarta,602268-PT BPR CAPITANUSA CITRAGUNA,602268-PT BPR CAPITANUSA CITRAGUNA,0,0,0,0,0,0,0,0,0,0,0,0,0,0,0,0,0,0,,
5/21/2025 19:30,2021,Maret,Provinsi Jawa Barat,Kab. Purwakarta,602276-PT BPR ERASKA MAKMOER,602276-PT BPR ERASKA MAKMOER,0,0,0,0,0,0,0,0,0,0,0,0,0,0,0,0,0,0,,
5/21/2025 19:30,2021,Maret,Provinsi Jawa Barat,Kab. Purwakarta,602218-PT BPR KHARISMABARKAH UTAMA,602218-PT BPR KHARISMABARKAH UTAMA,0,0,0,0,0,0,0,0,0,0,0,0,0,0,0,0,0,0,,
5/21/2025 19:30,2021,Maret,Provinsi Jawa Barat,Kab. Purwakarta,600285-Perumda BPR Purwakarta,600285-Perumda BPR Purwakarta,46303313,39030583,36230998,30431772,24804955,22497678,0,0,493296,325601,1.08,56.87,5.67,100,4.97,15.91,92.5,76.74,"Dedeh Kurniasih, Asep Kustiwa","Dadi Sadali, SE., Hendi Rosmana, SE."
5/21/2025 19:30,2021,Maret,Provinsi Jawa Barat,Kab. Purwakarta,600181-PT Bank Perekonomian Rakyat Nusamba Plered,600181-PT Bank Perekonomian Rakyat Nusamba Plered,68515439,78461880,48054885,47052471,55114835,65303051,5602669,5615528,545135,290501,5.57,40.96,6.44,100,1.59,23,74.98,93.31,"RD NINA SUNDARI, SE, DEDI SUHENDAR, SE","ENTIS RAHAYU, AHMAD ROPIK"
5/21/2025 19:31,2021,Maret,Provinsi Jawa Barat,Kab. Bekasi,602681-PT Bank Perekonomian Rakyat Dana Karunia Sejahtera,602681-PT Bank Perekonomian Rakyat Dana Karunia Sejahtera,45682181,58589509,31680780,36437023,36692243,50039364,4191458,3623496,"-1,520",126649,17.07,33.9,13.21,100,1.17,36.81,93.26,95.2,"DHIRUN, ADE SENTOSA","YODI GIOVANI LENGKONG, BELAWATI"
5/21/2025 19:31,2021,Maret,Provinsi Jawa Barat,Kab. Karawang,600040-PT BPR Akar Budaya Dana Indonesia,600040-PT BPR Akar Budaya Dana Indonesia,1340944,1724784,"-1,042",168926,145945,420844,31828,335268,"-36,829","-231,328",23.67,13.65,20.75,0,0.82,235.75,26.05,106.77,,
5/21/2025 19:31,2021,Maret,Provinsi Jawa Barat,Kab. Karawang,600154-PT Bank Perekonomian Rakyat Sayma Karya,600154-PT Bank Perekonomian Rakyat Sayma Karya,33214092,31509799,16807063,18702961,25515457,23507360,0,0,498635,802439,6.45,72.87,4.08,100,5.22,59.18,54.7,59.33,"Edu Manik, SE, Serdima Debataraja, SE","Ir. Saibun Sinaga, Drs. Henry P Sinaga, Ir. Saibun Sinaga"
5/21/2025 19:31,2021,Maret,Provinsi Jawa Barat,Kab. Karawang,600038-PT Bank Perekonomian Rakyat Sanggabuana Agung,600038-PT Bank Perekonomian Rakyat Sanggabuana Agung,18440143,17049706,14711075,12203859,11213524,10133307,4939701,4672831,159749,116399,7.63,88.87,6.6,100,0.86,19.86,84.48,96.04,"ARIPIN WIJAYA, SH","PONIMAN, SE"
5/21/2025 19:31,2021,Maret,Provinsi Jawa Barat,Kab. Karawang,600074-PT Bank Perekonomian Rakyat Gema Esamas Abadi,600074-PT Bank Perekonomian Rakyat Gema Esamas Abadi,3483246,4103578,1099534,2318583,1974912,2168146,"-913,352","-713,312","-208,314",18744,1,12,0,12,2,5,4,3,Dra. Soemarni Darsoem,R. Teddy Haryanto
5/21/2025 19:31,2021,Maret,Provinsi Jawa Barat,Kab. Karawang,600031-PT Bank Perekonomian Rakyat Pantura Abadi,600031-PT Bank Perekonomian Rakyat Pantura Abadi,150501590,124617303,94695260,86096762,134896145,109993756,3109618,1773779,"-4,173",641115,6.68,39.82,4.08,192.56,0.79,7.68,66.41,90.5,"HENRY CHANDRA, PROPHET SIHOMBING","ERNY UTAMA, KARTIKA DEWI, ANTON SULEIMAN, TIMOTY E MARNANDUS"
5/21/2025 19:31,2021,Maret,Provinsi Jawa Barat,Kab. Karawang,600157-PT Bank Perekonomian Rakyat Hagati Wiradana Sejahtera,600157-PT Bank Perekonomian Rakyat Hagati Wiradana Sejahtera,6166935,6167153,3869654,4597123,1873310,2182429,2734819,2372638,58806,112086,4.63,87.28,3.14,100,4.35,118.12,66.47,78.89,"Muhamad Ali Thamrin, SE, Aas Narsiah, Amd","Drg. Hengky Ganda, Ir. Mangiring L. Toroean"
5/21/2025 19:31,2021,Maret,Provinsi Jawa Barat,Kab. Karawang,601244-PT. BPR Polin Jaya,601244-PT. BPR Polin Jaya,0,0,0,0,0,0,0,0,0,0,0,0,0,0,0,0,0,0,,
5/21/2025 19:31,2021,Maret,Provinsi Jawa Barat,Kab. Karawang,600160-PT Bank Perekonomian Rakyat Karawang Jabar (Perseroda),600160-PT Bank Perekonomian Rakyat Karawang Jabar (Perseroda),25939205,23393589,17572676,16272309,15238304,12798972,274524,"-94,576","-46,554",216262,14.49,71.05,14.61,100,0.54,42.62,77.51,94.13,"Atjeng Hadis Susanto,SE, Heri Heryanto SH MM","H Jaja Sumarna SE, DIKDIK KUSTIADI,SE, Pemda Karawang"
5/21/2025 19:31,2021,Maret,Provinsi Jawa Barat,Kab. Karawang,602077-PT BPR BUKIT ROMASA,602077-PT BPR BUKIT ROMASA,0,0,0,0,0,0,0,0,0,0,0,0,0,0,0,0,0,0,,
5/21/2025 19:31,2021,Maret,Provinsi Jawa Barat,Kab. Karawang,600185-PT Bank Perekonomian Rakyat Trisurya Tata Artha,600185-PT Bank Perekonomian Rakyat Trisurya Tata Artha,11201676,10970201,8208767,8264696,8184657,9566407,"-818,069","-797,864",29088,"-4,342",41.55,74.99,36.95,28.27,0.96,12.18,74.02,103.44,"Yani Setiawan, SE, Yoseph Albertus Anang Santoso","Budianto Tirtadjadja, Henry Yulianto SP"
5/21/2025 19:31,2021,Maret,Provinsi Jawa Barat,Kab. Karawang,601232-PT Bank Perekonomian Rakyat Setia Natapala,601232-PT Bank Perekonomian Rakyat Setia Natapala,12703302,11704292,7007894,7613142,8982969,8307222,"-3,397,641","-3,736,507",21183,36786,7.3,48.86,7.42,100,2.76,38.61,59.35,86.52,"Yugia Nugrahardini, Widya Adityawarman","Dwi Agung Prijanto, Budy Setiawan, Agus Cahyo Hadiwinoto, Dwi Agung Prijanto"
5/21/2025 19:31,2021,Maret,Provinsi Jawa Barat,Kab. Karawang,601129-PT Bank Perekonomian Rakyat Saudarakita,601129-PT Bank Perekonomian Rakyat Saudarakita,59093432,56631339,47440919,46420837,49394647,46665767,5816731,2902761,584062,551866,6.76,41.52,5.55,100,4.64,13.68,84.8,81.74,"SUSANTO ISBANDI, FAJAR SUMIRAT","MOEHARDJO SRI WIDODO, SYAMSUDIN, '', '', '', '', '', '', '', '', ''"
5/21/2025 19:31,2021,Maret,Provinsi Jawa Barat,Kab. Karawang,601276-PT Bank Perekonomian Rakyat Bangun Mitrawadas,601276-PT Bank Perekonomian Rakyat Bangun Mitrawadas,10975222,8964508,8155225,8218057,9114854,7368049,"-1,271,998","-1,579,967",57366,101426,7.94,42.51,5.86,100,2.87,33.17,91.72,88,"Saman Abdullah, Aryani Setiadarma",Harianto
5/21/2025 19:31,2021,Maret,Provinsi Jawa Barat,Kab. Karawang,602033-PT Bank Perekonomian Rakyat Nusantara Bona Pasogit Tiga Puluh Dua,602033-PT Bank Perekonomian Rakyat Nusantara Bona Pasogit Tiga Puluh Dua,26469997,29929037,19425625,22009577,22318612,22417256,0,0,103380,453405,6.94,60.28,6.49,100,2.13,16.67,90.41,92.26,"Dyah Ekowati Pelita Ningsih, Matius Perangin Angin","R.S. Fitra Yoga Saputra, Drs. Yan Walter L. Gaol, PT NUSANTARA BONA PASOGIT, YAN WALTER LUMBAN GAOL, VIRGO SINAGA, MARGARETHA TOBING, YENITA ELZA, CESAR PETRUS HASIBUAN"
5/21/2025 19:31,2021,Maret,Provinsi Jawa Barat,Kab. Karawang,601311-PT. BPR Sumber Lumbanmual,601311-PT. BPR Sumber Lumbanmual,5848282,6289648,4571455,4779484,4340039,4889532,"-870,792","-1,133,260","-285,611","-131,270",30.77,54.89,29.25,100,1.59,20.17,88.03,94.92,"Iman Fiermansyah, SE, Drs. Ferdinand MS. Rajagukguk",Prof. DR. KRHT. T. Sinambela
5/21/2025 19:32,2021,Maret,Provinsi Jawa Barat,Kab. Bogor,600030-PT BPR Multi Artha Bersama,600030-PT BPR Multi Artha Bersama,11529184,10196310,6417775,6851108,7172470,6796268,"-431,891","-1,340,019",148605,100061,9.86,64.61,11.81,100,1.36,68.61,60.56,75.93,BERNAD NAPITUPULU,"STEVEN ADRI SANTOSO, PLACIDUS SUCAHYO, HS"
5/21/2025 19:32,2021,Maret,Provinsi Jawa Barat,Kab. Bogor,600072-PT Bank Perekonomian Rakyat Dana Raya Jakarta,600072-PT Bank Perekonomian Rakyat Dana Raya Jakarta,78534751,92133408,56707572,70327587,69536614,81775713,2454515,3549311,"-456,378","-191,616",28.86,17.17,22.25,100,-1.62,7.89,78.9,112.81,"Jeffrey Nathanael Odiwidjaya, Lisana","Beliyana, Ignatius Riyadi, Jemmy Hendra Uisan"
5/21/2025 19:32,2021,Maret,Provinsi Jawa Barat,Kab. Karawang,602045-PT Bank Perekonomian Rakyat Laksana Luhurcilamaya,602045-PT Bank Perekonomian Rakyat Laksana Luhurcilamaya,16557029,13949168,10713070,10788059,8177612,5838253,1485153,1309507,510102,482721,6.57,96.35,9.5,100,9.73,108.09,77.32,65.33,DYAH PENI ARTINI ARI,RISMA NIAN ARUAN
5/21/2025 19:32,2021,Maret,Provinsi Jawa Barat,Kab. Bogor,600411-PT. BPR Sebaru Sejahtera Lestari,600411-PT. BPR Sebaru Sejahtera Lestari,0,0,0,0,0,0,0,0,0,0,0,0,0,0,0,0,0,0,,
5/21/2025 19:32,2021,Maret,Provinsi Jawa Barat,Kab. Bogor,600077-Bank Perekonomian Rakyat Dana Mandiri Bogor,600077-Bank Perekonomian Rakyat Dana Mandiri Bogor,270551387,303446892,207781364,201845013,229562791,263031469,24165758,23697099,3622838,3518324,0.32,22.42,1.59,100,0.21,30.13,94.1,97.86,"Risdianto Sudarno, Rima Melati, Yuda Pramono","Benyamin, Hani Handayani I, PT. Dana Mandiri Sejahtera"
5/21/2025 19:32,2021,Maret,Provinsi Jawa Barat,Kab. Bogor,600602-PD. BPR LPK Pancoran Mas,600602-PD. BPR LPK Pancoran Mas,0,0,0,0,0,0,0,0,0,0,0,0,0,0,0,0,0,0,,
5/21/2025 19:32,2021,Maret,Provinsi Jawa Barat,Kab. Bogor,600604-PD. BPR LPK Leuwiliang,600604-PD. BPR LPK Leuwiliang,0,0,0,0,0,0,0,0,0,0,0,0,0,0,0,0,0,0,,
5/21/2025 19:32,2021,Maret,Provinsi Jawa Barat,Kab. Bogor,600606-PD. BPR LPK Citeureup,600606-PD. BPR LPK Citeureup,0,0,0,0,0,0,0,0,0,0,0,0,0,0,0,0,0,0,,
5/21/2025 19:32,2021,Maret,Provinsi Jawa Barat,Kab. Bogor,600123-PT BPR Artha Kurnia Raharja,600123-PT BPR Artha Kurnia Raharja,26721502,24269569,16188303,14832985,23166178,21153906,"-1,305,734","-122,605",108058,"-254,732",7.49,36.57,3.9,100,-3.77,14.45,73.76,120.07,"IWAN MARTIONO, TB. FRANDY PRIYA PURWANTO","ANO KURNIADI, '', '', '', '', '', '', '', '', ''"
5/21/2025 19:32,2021,Maret,Provinsi Jawa Barat,Kab. Bogor,600129-PT BPR Indomitra Artha Pertiwi,600129-PT BPR Indomitra Artha Pertiwi,25379306,19334352,19062794,15655487,22372308,16195209,615347,772006,"-22,979","-47,493",2.04,19.96,1.7,100,-0.11,17.57,78.27,102.11,"Nyimas Yusti Rahmasari, Hasta Sawindah","I Dewa Gde Suthapa, Amirullah, I Dewa Gde Suthapa, "
5/21/2025 19:32,2021,Maret,Provinsi Jawa Barat,Kab. Bogor,600114-PT Bank Perekonomian Rakyat Tentram Optimis Pusaka,600114-PT Bank Perekonomian Rakyat Tentram Optimis Pusaka,2943211,3149793,182176,548750,1212611,1333615,"-2,426,369","-2,341,378","-73,526","-72,939",20.97,163.45,12.52,100,-5.02,109.81,15.07,123.14,Adis Sukmagumilar,Y. Sandra Isrudianti
5/21/2025 19:32,2021,Maret,Provinsi Jawa Barat,Kab. Bogor,600189-PT Bank Perekonomian Rakyat Sinar Mas Pelita,600189-PT Bank Perekonomian Rakyat Sinar Mas Pelita,277083668,266834842,215033972,186216318,196530626,197423150,18950933,7844130,5380042,5824719,1.89,34.49,3.33,99.97,8.5,23.03,84.78,70.94,"ANDRI MASJANI, SITI RIJAH, HOLIK SUKMANA, WAWAN RUSWANDI","MIKAEL RIDWAN, DERRY PANAHATAN SITORUS, HARUN ALI ISYA IDRIS, TAUFIQ NUGRAHA"
5/21/2025 19:32,2021,Maret,Provinsi Jawa Barat,Kab. Bogor,600601-PT Bank Perekonomian Rakyat Bogor Jabar (Perseroda),600601-PT Bank Perekonomian Rakyat Bogor Jabar (Perseroda),103869368,106954888,70352344,62857928,77378041,83010718,1573453,"-736,262",580535,466813,6.08,44.1,12.15,100,2.07,40.2,83.24,89.01,"ASEP DADAN SURYADARMA, RUPINI SURTIASTUTI","PEMDA KABUPATEN BOGOR, PEMDA PROVINSI JAWA BARAT, PT BANK BJB"
5/21/2025 19:32,2021,Maret,Provinsi Jawa Barat,Kab. Bogor,601238-PT Bank Perekonomian Rakyat Cileungsi Krida Sejahtera,601238-PT Bank Perekonomian Rakyat Cileungsi Krida Sejahtera,40998411,40454278,33011883,33483411,37402395,37494234,"-1,666,245","-1,596,084",15969,9836,6.91,13.59,5.99,87.09,-0.16,5.84,86.57,102.81,"R.ANTON TRI UNTORO RAHARJO, ARWIN HARLAN","LIE YOHANES, SIMON HASAN GUNADI, LIE YOHANES, NYO BAN LIONG, ISWARA PRANAWAHADI, JOHANNES EKAWINOTO, LINARSIH SETIO KARTONO, JOHANNES A.W KARUNIA"
5/21/2025 19:32,2021,Maret,Provinsi Jawa Barat,Kab. Bogor,601240-PT. BPR Nusantara Bona Pasogit 2,601240-PT. BPR Nusantara Bona Pasogit 2,81562040,72578175,57242040,58639918,70279393,60885013,4321264,4221264,811383,1321898,1.41,19.83,3.73,100,4.74,9.65,78.04,82.56,"Marjan Manurung, Melky Roma Tua Sinaga","Saikum Siregar, Leonardo Siagian, PT. NUSANTARA BONA PASOGIT"
5/21/2025 19:32,2021,Maret,Provinsi Jawa Barat,Kab. Bogor,601287-PT BPR Interskala Mandiri Sejahtera,601287-PT BPR Interskala Mandiri Sejahtera,19586885,15094935,7560680,8228777,16111681,11629608,62772,212035,9897,40792,3.34,42.44,3.95,100,0.06,35.85,58.05,98.23,FRANKLIN THEODORUS,HADI SUNARDI
5/21/2025 19:33,2021,Maret,Provinsi Jawa Barat,Kab. Bogor,601296-PT Bank Perekonomian Rakyat Mitra Daya Mandiri,601296-PT Bank Perekonomian Rakyat Mitra Daya Mandiri,106565645,106655193,85065218,87039389,88451913,90134070,9296361,7173264,1437371,1967859,1.03,25,2.57,100,5.92,17.51,89.33,81.99,"EFFI BUDIHERNIWAN EMOR, GATOT SUMARGONO","BARBARA BANI KUSWANTI, SUKANTO BEDJO"
5/21/2025 19:33,2021,Maret,Provinsi Jawa Barat,Kab. Bogor,601468-PT. BPR Hitamajaya Argamandiri,601468-PT. BPR Hitamajaya Argamandiri,70913603,70832895,54705794,57746689,56431787,59843442,5728945,3317686,652871,821767,1.52,30.58,1.06,100,4.49,31.16,80.52,81.21,"Minar M.Pardede A.Md, Udin Samsuddin SE","Edi Kristiawan, Nurpadja Sorta Berliana S, Nurpadja Sorta Berliana"
5/21/2025 19:33,2021,Maret,Provinsi Jawa Barat,Kab. Bogor,601286-PT Bank Perekonomian Rakyat Datagita Mustika,601286-PT Bank Perekonomian Rakyat Datagita Mustika,12868962,13189709,7487914,8165251,8316048,9346130,"-2,639,575","-2,767,970",54489,73549,11.02,68.03,11.85,100,0.88,41.6,63.94,93.39,"SISWANTO, MIA HERMALIANA","MEILA DHARMAYANTI, TAUFIK"
5/21/2025 19:33,2021,Maret,Provinsi Jawa Barat,Kab. Bogor,601303-PT. BPR Surya Kencana,601303-PT. BPR Surya Kencana,25794851,23996993,16303302,16172742,21625409,20330672,1722752,1016276,46690,250045,22.46,25.91,15.61,52.6,2.23,5.31,66.06,87.94,CHRISTINA CARLINA,"EDDY SYAFMOON, SUDIRMAN MARPAUNG, '', '', '', '', '', '', '', '', ''"
5/21/2025 19:33,2021,Maret,Provinsi Jawa Barat,Kab. Bogor,601305-PT Bank Perekonomian Rakyat Berfasi Raharja,601305-PT Bank Perekonomian Rakyat Berfasi Raharja,27884719,29751340,17640753,17966204,21617478,22728118,746144,1731854,121097,194730,11.54,31.33,7.21,100,2.17,18.8,67.08,87.26,Kurnia Ria,"Sri Pamoso Rahardjo Salim, Budi Wiranto"
5/21/2025 19:33,2021,Maret,Provinsi Jawa Barat,Kab. Cianjur,600192-PT. BPR Cipanas Artha,600192-PT. BPR Cipanas Artha,0,0,0,0,0,0,0,0,0,0,0,0,0,0,0,0,0,0,,
5/21/2025 19:33,2021,Maret,Provinsi Jawa Barat,Kab. Bogor,601806-PT. BPR Nusantara Bona Pasogit 14,601806-PT. BPR Nusantara Bona Pasogit 14,50600174,49300423,38191491,36489678,41984875,42625402,59212,0,146343,265277,10.59,23.59,12.65,100,-0.09,10.2,80.7,100.42,"Mulyadi, Rawaty Tampubolon","Abraham Theo Silaban, Magus Sitindaon, PT. Nusantara Bona Pasogit, CS Hutasoit, M Silitonga, Marsaulina H, Yenita Elza, Tunggul Parasian Sinaga"
5/21/2025 19:33,2021,Maret,Provinsi Jawa Barat,Kab. Bogor,601807-PT. BPR Nature Primadana Capital,601807-PT. BPR Nature Primadana Capital,41668114,48490577,27678709,35715066,34845316,41371774,44647,787713,22151,"-424,910",18.47,17.15,19.01,94.71,-1.44,6.7,77.3,96.96,JOHN R.P HUTABARAT,"SHIERLY DEBORA NATALINA HUTAPEA, John Ramses Poltak Hutabarat"
5/21/2025 19:33,2021,Maret,Provinsi Jawa Barat,Kab. Sukabumi,601342-PT Bank Perekonomian Rakyat Nusantara Bona Pasogit Sebelas,601342-PT Bank Perekonomian Rakyat Nusantara Bona Pasogit Sebelas,86217675,88435304,57877598,50702004,71726126,75649943,"-2,826,006","-4,853,335",535034,856175,16.06,28.74,16.43,100,2.01,25.59,80.56,91,YULIUS TRI HARYANTO,"RISON MARULI PASARIBU, WIRASNO"
5/21/2025 19:33,2021,Maret,Provinsi Jawa Barat,Kab. Bogor,602073-PT. BPR Artha Karya Sejahtera,602073-PT. BPR Artha Karya Sejahtera,19177133,18502096,9718057,10994877,13216228,13004731,3400359,2843237,60546,154128,11.13,64.22,8.8,100,2.51,44.4,58.24,85.69,ROBERTUS TEGUH SANTOSO,"PLACIDUS SUCAHYO, NANDI SYUKRI, FARAI TODY"
5/21/2025 19:33,2021,Maret,Provinsi Jawa Barat,Kab. Sukabumi,600182-PT Bank Perekonomian Rakyat Nusamba Sukaraja,600182-PT Bank Perekonomian Rakyat Nusamba Sukaraja,67630806,61409129,45399218,46975489,55940728,50059311,4208762,3908388,473316,433430,0,0,0,0,0,0,0,0,"PUDJIHARTO, SE, NONO ROEHIONO, SE","NANANG CAHYANA SE,MM,MBA, NURDIN, SH.MM, PT. SENTRA MODAL HARMONI, PT. FAJAR MAS MURNI"
5/21/2025 19:33,2021,Maret,Provinsi Jawa Barat,Kab. Sukabumi,602050-PT Bank Perekonomian Rakyat Semesta Megadana,602050-PT Bank Perekonomian Rakyat Semesta Megadana,39480811,40313648,22033607,22824767,32555612,33004133,3845089,3908902,80110,400613,19.35,32.94,10.48,100,1.77,26.5,60.65,91.46,"ANTONIUS SEBAYANG, SE., ROKY BENITO HUTAJULU,SE.MM.","I GEDE HARTADI KURNIAWAN, SE, DRS AMAN A SINULINGGA"
5/21/2025 19:33,2021,Maret,Provinsi Jawa Barat,Kab. Cianjur,602242-PT BPR ARTHABUMI CITRASATYA,602242-PT BPR ARTHABUMI CITRASATYA,0,0,0,0,0,0,0,0,0,0,0,0,0,0,0,0,0,0,,
5/21/2025 19:33,2021,Maret,Provinsi Jawa Barat,Kab. Sukabumi,601359-PT Bank Perekonomian Rakyat Supra Artapersada,601359-PT Bank Perekonomian Rakyat Supra Artapersada,844509176,843112545,593318718,584256439,721085084,725219323,47095428,39227233,609179,3125208,2.92,19.53,3.4,100,0.82,13.13,73.82,95.42,"ADRIAN KURNIA KHOE, ANDI GUNAWAN, SH, JEFFRY THAMBUNANTO, WIANTO WIRIANTA","BUDI THAMBUNANTO, HASAN BASRIE S LAGO, SALOHOT LUBIS, YUSUF HAMDANI, YUSUF HAMDANI"
5/21/2025 19:33,2021,Maret,Provinsi Jawa Barat,Kab. Bandung,600179-PT. BPR Kredit Mandiri Jabar,600179-PT. BPR Kredit Mandiri Jabar,0,0,0,0,0,0,0,0,0,0,0,0,0,0,0,0,0,0,,
5/21/2025 19:34,2021,Maret,Provinsi Jawa Barat,Kab. Cianjur,601332-PT Bank Perekonomian Rakyat Arta Gandhita,601332-PT Bank Perekonomian Rakyat Arta Gandhita,8002391,8781827,4448326,4599012,6986213,7913575,"-5,485,018","-5,501,860","-27,402","-158,486",12.36,23.21,9.99,100,8.38,45.32,60.65,85.57,YENI RISNAWATI,"MAMAN SUPARMAN, LELY SULASTRI"
5/21/2025 19:34,2021,Maret,Provinsi Jawa Barat,Kab. Cianjur,601357-PT Bank Perekonomian Rakyat Nusa,601357-PT Bank Perekonomian Rakyat Nusa,59951025,61487191,26413752,32632585,46353210,47655532,1634029,1701385,555311,721799,4.51,55.73,3.29,100,4.18,8.95,48.22,87.74,"Wianto Himawan Hardosubroto, AMAN KUSHADI","FUJIANTO, BAMBANG SOEGIONO, YANTIANDI"
5/21/2025 19:34,2021,Maret,Provinsi Jawa Barat,Kab. Cianjur,601328-PT Bank Perekonomian Rakyat Bumi Pendawa Raharja,601328-PT Bank Perekonomian Rakyat Bumi Pendawa Raharja,12625189,16041058,9674026,10259866,9266495,12375835,527663,984670,15355,"-135,123",5.77,47.16,14.56,96.32,-2.09,20.75,86.12,107.99,"Heru Prawoto,SH.,M.Kn","Temmy Trully Senewe, Drs Triyogo"
5/21/2025 19:34,2021,Maret,Provinsi Jawa Barat,Kab. Cianjur,601889-PT Bank Perekonomian Rakyat Dana Pos,601889-PT Bank Perekonomian Rakyat Dana Pos,19493863,33992294,13090305,23474560,14914613,31400760,"-6,022,024",944258,"-551,917","-8,005,915",17.69,31.24,16.94,100,1.75,29.94,77.32,91.53,"MUHAMMAD ALI, DADAN SLAMET RIYADI","H. MUHAMMAD DADANG RACHMAT, SE, MSi, INDAH TRISKIYANTI"
5/21/2025 19:34,2021,Maret,Provinsi Jawa Barat,Kab. Bandung,600190-PT Bank Perekonomian Rakyat Bina Sono Artha,600190-PT Bank Perekonomian Rakyat Bina Sono Artha,30415299,29630565,5881364,7244187,21902819,20987112,1846684,2106018,165796,37435,4.26,95.03,0.94,100,0.56,14.09,14.87,94.17,"BENIYANTO SUTANTO, SE, HENDRA GUMILAR, SH","DRS. JAHJA SANTOSO, APTH"
5/21/2025 19:34,2021,Maret,Provinsi Jawa Barat,Kab. Bandung,600406-PT Bank Perekonomian Rakyat Hayura Artalola,600406-PT Bank Perekonomian Rakyat Hayura Artalola,28735199,25978264,22590373,21174288,24952804,22534173,600000,500000,542395,304091,0.63,15.16,4.08,100,5.05,23.48,93.27,83.31,"DEDI RUSAMSI, TEULIS RATNA KOMALA","MUTIQ YUSMITA HADYAT, TATAN SURATMAN"
5/21/2025 19:34,2021,Maret,Provinsi Jawa Barat,Kab. Bandung,601333-PT Bank Perekonomian Rakyat Kertamulia,601333-PT Bank Perekonomian Rakyat Kertamulia,183042223,184821908,47959285,56005798,162918635,162127065,3330763,5608818,"-87,175",206025,5.07,26.13,1.49,100,-0.24,5.32,26.81,101.85,"Julianti Hanjoyo, Ir., Yanti Yuliana T, SH., Benny Benyamin Sundjaja, SE.","Hendi H Sundjaja, Drs., Abdul Hamid, SE., Haryandi Nadeak, SP., Hendi H Sundjaja, Drs"
5/21/2025 19:34,2021,Maret,Provinsi Jawa Barat,Kab. Bandung,601356-PT Bank Perekonomian Rakyat Mitra Kanaka Santosa,601356-PT Bank Perekonomian Rakyat Mitra Kanaka Santosa,90927778,92651193,49410459,63292936,41671323,47012782,41147414,36859107,804333,1424866,5.35,124.54,6.59,100,0.99,25.06,62.35,77.83,"TINNY M DANIHARDJA, AI YUHATI","ERIC TANDUAJAJA, ASEP NANDARISNA"
5/21/2025 19:34,2021,Maret,Provinsi Jawa Barat,Kab. Bandung,601336-PT. BPR Pangandaran,601336-PT. BPR Pangandaran,21401380,25325733,12434305,20864232,14145196,15728904,521625,2346343,"-33,995",599249,9.82,74.24,8.76,134.81,3.12,48.55,85.94,85.94,"BARLIAN, SE, HILMAN RISWANTO, S.KOM","MUJI RAHARJO, SE, BHARATA HOT BATAHAN, SE, LUCERIA SIAGIAN"
5/21/2025 19:34,2021,Maret,Provinsi Jawa Barat,Kab. Bandung,600307-PT Bank Perekonomian Rakyat Panjawan Mitra Usaha,600307-PT Bank Perekonomian Rakyat Panjawan Mitra Usaha,13628512,8246423,9287854,6495697,12586725,7135456,"-4,850,092","-4,817,742",40216,77046,0.11,10.29,1.61,100,-0.72,29.63,71.77,102.67,"Ellin Yuharlina, Edy Muziardy","Prof. Dr. Ir. H. Burhan Arief, Prof. Dr. Ir. H. Burhan Arief"
5/21/2025 19:35,2021,Maret,Provinsi Jawa Barat,Kab. Bandung,600402-PT Bank Perekonomian Rakyat Muria Harta Nusantara,600402-PT Bank Perekonomian Rakyat Muria Harta Nusantara,22416407,19705305,19008718,14423277,18681195,17486678,"-2,722,092","-3,132,728",317304,11355,3.78,21.6,3.67,100,1.43,14.84,103.48,76.64,"AAM AMINAH, WILDAN FIRMANSYAH","ASEP JANUARSAH, HELMI TAS'AN WARTONO, HELMI TAS'AN WARTONO"
5/21/2025 19:35,2021,Maret,Provinsi Jawa Barat,Kab. Bandung,601354-PT Bank Perekonomian Rakyat Sarikusuma Surya,601354-PT Bank Perekonomian Rakyat Sarikusuma Surya,32503475,31074389,23488253,25078860,26042681,24229388,3446346,3317696,194448,707305,1499,2724,1274,100,302,1909,7648,8773,"NANI SUTIANINGSIH SE MM, HUSIN SH","I GEDE HARTADI KURNIAWAN SE, YUYUN INDAYATI, I GEDE HARTADI KURNIAWAN, SE,M.Kn"
5/21/2025 19:35,2021,Maret,Provinsi Jawa Barat,Kab. Bandung,601901-PT BPR Brata Nusantara,601901-PT BPR Brata Nusantara,0,0,0,0,0,0,0,0,0,0,0,0,0,0,0,0,0,0,,
5/21/2025 19:35,2021,Maret,Provinsi Jawa Barat,Kab. Bandung,602056-PT BPR Nusantara Bona Pasogit 30,602056-PT BPR Nusantara Bona Pasogit 30,0,0,0,0,0,0,0,0,0,0,0,0,0,0,0,0,0,0,,
5/21/2025 19:35,2021,Maret,Provinsi Jawa Barat,Kab. Bandung,601798-PT BPR Nusantara Bona Pasogit 26,601798-PT BPR Nusantara Bona Pasogit 26,0,0,0,0,0,0,0,0,0,0,0,0,0,0,0,0,0,0,,
5/21/2025 19:35,2021,Maret,Provinsi Jawa Barat,Kab. Bandung,601358-PT Bank Perekonomian Rakyat Jujur Arghadana,601358-PT Bank Perekonomian Rakyat Jujur Arghadana,10048522,11106247,6525102,8123692,6270421,6363256,2429682,4206495,145419,"-666,504",2.32,53.78,3.07,100,-12.16,50.42,69.64,83.39,"ORI HERDIYANA , S.FIL.I","WIEKE LIMART, SE, DANIEL NATALIUS SIAGIAN , SE"
5/21/2025 19:35,2021,Maret,Provinsi Jawa Barat,Kab. Bandung,601890-PT Bank Perekonomian Rakyat Ukabima Lumbung Sejahtera,601890-PT Bank Perekonomian Rakyat Ukabima Lumbung Sejahtera,37405557,46158553,20749607,33213141,26902016,34967597,8008714,7911846,94827,879110,7.42,36.42,14.5,100,4.02,19.4,68.4,81.23,ESTI RAHAYU PUSITASARI,"PAULA SETIADI, SANNY LILIGANDAPRIATNA, PT USAHA KARYA BINA MANDIRI"
5/21/2025 19:35,2021,Maret,Provinsi Jawa Barat,Kab. Bandung,601997-PT Bank Perekonomian Rakyat Baleendah Rahayu,601997-PT Bank Perekonomian Rakyat Baleendah Rahayu,10473599,10162790,5993852,6144942,6020341,6501920,1584958,1221537,119309,90342,2.47,58.38,3.82,100,1.18,65.99,61.53,79.33,"Drs. Momon Sukirman, Yani Handayani,S.Ak","H. Rubino, SH, R. H Lily Somantri, R.H Achmad Darmawan, R.H Firman B. Sumantri MBA, R. Regie Fauzan Ismail, Idang Sopandi, Dr. Eddy Fadlyana, H. Rubino, SH, Drs. Momon Sukirman"
5/21/2025 19:35,2021,Maret,Provinsi Jawa Barat,Kab. Bandung,602012-PT Bank Perekonomian Rakyat Jelita Arta,602012-PT Bank Perekonomian Rakyat Jelita Arta,31792273,31015107,17754166,15562862,1293215,1466099,25482326,24364937,120002,287341,45.11,170.01,50.77,100,1.53,51.08,64.62,86.14,Toto Sugianto,"Liemas Chenlin Sandjaja, Rudy Sanjaya, Kang Jeli Adita"
5/21/2025 19:35,2021,Maret,Provinsi Jawa Barat,Kab. Bandung,602046-PT Bank Perekonomian Rakyat Mitra Rukun Mandiri,602046-PT Bank Perekonomian Rakyat Mitra Rukun Mandiri,36072320,37042269,24385382,26457657,26326715,28442783,7039647,5961842,665958,597644,0.58,44.8,1.43,100,2.09,17.82,74.16,68.14,"Denny Adenan, Insan Nulkarim Martakusumah","Yosi Mas Muhammad Yusuf, Ermantan Parlaungan Siregar, Kopkar Bank Yudha Bhakti"
5/21/2025 19:35,2021,Maret,Provinsi Jawa Barat,Kab. Bandung,601366-PT Bank Perekonomian Rakyat Bandung Kidul,601366-PT Bank Perekonomian Rakyat Bandung Kidul,55966555,48813643,37189936,36466648,46627218,40300923,6286493,5719172,652844,513548,3.66,31.47,4.52,97.49,1.35,44.91,73.3,69.76,"HENDRA TURGA D.,SE, ASEP SAEFUL BAKHRI, Drs","IR. ADANG SHALAHUDDIN, H. W. HERMANSYAH., SE, KPBS PANGALENGAN"
5/21/2025 19:35,2021,Maret,Provinsi Jawa Barat,Kab. Bandung,602638-PT Bank Perekonomian Rakyat Kerta Raharja Perseroda,602638-PT Bank Perekonomian Rakyat Kerta Raharja Perseroda,340874618,356588699,240760835,233564269,296179887,308249671,0,5506841,1765931,1690364,2.68,23.05,5.47,100,1.49,8.6,82.52,89.31,"MOCHAMAD SOLEH PIOS, BOY FERLI SUMAATMAJA, BENI SUBARSYAH","SOFYAN, BAMBANG BUDIRAHARJO, UMUM"
5/21/2025 19:36,2021,Maret,Provinsi Jawa Barat,Kab. Tasikmalaya,601349-PT. BPR Sahat Sentosa,601349-PT. BPR Sahat Sentosa,0,0,0,0,0,0,0,0,0,0,0,0,0,0,0,0,0,0,,
5/21/2025 19:36,2021,Maret,Provinsi Jawa Barat,Kab. Bandung,602048-PT Bank Perekonomian Rakyat Nusantara Bona Pasogit Dua Puluh Tujuh,602048-PT Bank Perekonomian Rakyat Nusantara Bona Pasogit Dua Puluh Tujuh,55526943,47236942,35287064,29270919,44976277,36716199,0,0,83833,254422,1.89,37.32,3.59,100,4.56,33.37,69.62,81.39,"Adi Wobowo, Edwar Lumban Gaol","M.A.Indiah B.Efendi, Virgo Sinaga, PT NUSANTARA BONA PASOGIT"
5/21/2025 19:36,2021,Maret,Provinsi Jawa Barat,Kab. Sumedang,601796-PT Bank Perekonomian Rakyat Karpana Tasia,601796-PT Bank Perekonomian Rakyat Karpana Tasia,8831343,8663200,7922422,7723504,2465768,2423727,4234814,4222535,49063,116435,12.73,77.05,13.01,100.09,2.23,30.34,93.3,80.47,"Nanang Sutisna, Agus Dadi","Indriyani Agustina, Farida Silitonga"
5/21/2025 19:36,2021,Maret,Provinsi Jawa Barat,Kab. Sumedang,600183-PT Bank Perekonomian Rakyat Nusamba Tanjungsari,600183-PT Bank Perekonomian Rakyat Nusamba Tanjungsari,82831013,75634774,52834231,50528337,72870193,65555465,989127,"-1,528,658",154238,222131,6.68,23.83,5.54,100,0.28,34.46,66.38,94.96,"WAHYU EKA SAPUTRA, SH., HENI SUKMAWATI, SE","ENTIS RAHAYU, SE, AHMAD ROPIK, S.TP, M. INDRA PERMANA, SH, IR. BAMBANG EDI YANTO"
5/21/2025 19:36,2021,Maret,Provinsi Jawa Barat,Kab. Tasikmalaya,600301-PT Bank Perekonomian Rakyat Nusamba Singaparna,600301-PT Bank Perekonomian Rakyat Nusamba Singaparna,68089409,74216470,50812288,49066411,55701373,61676943,4216552,4299928,193884,301999,5.49,38.31,6.33,100,0.33,20.34,77.65,94.25,"ADE HASAN FIRDAUS, S.E., EDDY MUCHTADY, S.E.","H. NANANG CAHYANA, S.E., M.M.,, NURDIN, S.H., M.M, PT. SENTRA MODAL HARMONI, PT. FAJAR MAS MURNI"
5/21/2025 19:36,2021,Maret,Provinsi Jawa Barat,Kab. Bandung,602567-PT Bank Perekonomian Rakyat Duta Artha Sejahtera,602567-PT Bank Perekonomian Rakyat Duta Artha Sejahtera,19115711,18695937,12784349,14073110,15879109,17235050,"-4,411,330","-4,705,893",47932,89780,12.48,26.78,9.53,100,1.39,15.94,69.28,93.82,IWAN ABDUL RAHMAN,"JOHANNES HUTAGALUNG, MAHFUD FAUZI, JOHANNES HUTAGALUNG"
5/21/2025 19:36,2021,Maret,Provinsi Jawa Barat,Kab. Tasikmalaya,602761-PT Bank Perekonomian Rakyat Nusumma Jawa Barat,602761-PT Bank Perekonomian Rakyat Nusumma Jawa Barat,0,0,0,0,0,0,0,0,0,0,0,0,0,0,0,0,0,0,,
5/21/2025 19:36,2021,Maret,Provinsi Jawa Barat,Kab. Tasikmalaya,600409-PT Bank Perekonomian Rakyat Cipatujah Jawa Barat Perseroda,600409-PT Bank Perekonomian Rakyat Cipatujah Jawa Barat Perseroda,276958428,285820389,194256073,215591506,231502547,245520923,7053220,31,542301,2439081,6.36,31.82,6.34,100.05,2.37,77.36,33.56,87.03,"Iman Dermawan, Asep Darlianto","Asep Budiman, Pemerintah Kabupaten Tasikmalaya"
5/21/2025 19:36,2021,Maret,Provinsi Jawa Barat,Kab. Garut,601339-PT. BPR Mustika Permai,601339-PT. BPR Mustika Permai,0,0,0,0,0,0,0,0,0,0,0,0,0,0,0,0,0,0,,
5/21/2025 19:36,2021,Maret,Provinsi Jawa Barat,Kab. Sumedang,601248-PT Bank Perekonomian Rakyat Tutur Ganda,601248-PT Bank Perekonomian Rakyat Tutur Ganda,27259885,27929580,14557159,19904802,18782390,18168320,1435483,2041528,130640,910436,10.31,51.13,9.25,100,6.27,63.28,65.48,84.73,"HANTUS TOMMY ALEXANDRA S, ST, SUYADI, AMD","DAMRI SIAGIAN, S.E, SOPIAN RUMAHORBO, S.E, NY LUCERIA SIAGIAN"
5/21/2025 19:36,2021,Maret,Provinsi Jawa Barat,Kab. Sumedang,602627-Perumda BPR Bank Sumedang,602627-Perumda BPR Bank Sumedang,284287957,271511608,217000253,201810393,233039445,228589475,0,0,3040091,2642323,2.62,32.03,4.5,100,5.75,21.02,89.7,73.6,"YANTI KRISYANA DEWI, SE., BUDI KAMSIN, S.E, H. BANGBANG YOYON H, SH.","H. NURDIN ZAEN, S.E, NASAM, SE.Ak., TAUFIK HIDAYAT, PEMDA KABUPATEN SUMEDANG"
5/21/2025 19:36,2021,Maret,Provinsi Jawa Barat,Kab. Tasikmalaya,601810-PT. BPR Nusumma Singaparna,601810-PT. BPR Nusumma Singaparna,41000528,32491429,26094367,23910164,32444355,26084236,876162,"-1,506,299",482011,715492,1.96,26.72,1.39,100.22,6.77,24.47,80.82,77.35,"Ir. Lingga Putra, Suhaedi","Eky Amarullah, Cecep Rustiaji"
5/21/2025 19:36,2021,Maret,Provinsi Jawa Barat,Kab. Cirebon,600416-PD. BPR Arjawinangun,600416-PD. BPR Arjawinangun,0,0,0,0,0,0,0,0,0,0,0,0,0,0,0,0,0,0,,
5/21/2025 19:36,2021,Maret,Provinsi Jawa Barat,Kab. Ciamis,600221-PT. BPR Sehat Ekonomi,600221-PT. BPR Sehat Ekonomi,0,0,0,0,0,0,0,0,0,0,0,0,0,0,0,0,0,0,,
5/21/2025 19:36,2021,Maret,Provinsi Jawa Barat,Kab. Tasikmalaya,602047-PT Bank Perekonomian Rakyat Nusantara Bona Pasogit Tiga Puluh Satu,602047-PT Bank Perekonomian Rakyat Nusantara Bona Pasogit Tiga Puluh Satu,33349103,20552678,24066978,17392721,27706738,14552891,3815470,4165100,"-1,237,305",80487,12.39,25.69,12.14,100,-0.3,18.46,80.33,101.15,"Zulfikar Pane, Ully Mulyaningsih Sitorus","Dini Itasari Rumondang, Yan Walter L. Gaol, Marjono Gultom, PT. Nusantara Bona Pasogit"
5/21/2025 19:36,2021,Maret,Provinsi Jawa Barat,Kab. Tasikmalaya,601364-PT Bank Perekonomian Rakyat Mitra Kopjaya Mandiri,601364-PT Bank Perekonomian Rakyat Mitra Kopjaya Mandiri,54876143,53010723,36616234,35626703,41876610,40760141,4667610,4540002,831923,1110580,1.76,42.54,2.42,100,5.02,34.93,72.69,75.71,"IR H BUDIMAN, ELIS KARYATI HERLINA SE","IR YOSI MAS MUHAMMAD YUSUF, HERI HERDIYANA, KOPKAR BANK YUDHA BHAKTI, KUD MANONJAYA"
5/21/2025 19:36,2021,Maret,Provinsi Jawa Barat,Kab. Cirebon,600426-PD. BPR Beber,600426-PD. BPR Beber,0,0,0,0,0,0,0,0,0,0,0,0,0,0,0,0,0,0,,
5/21/2025 19:36,2021,Maret,Provinsi Jawa Barat,Kab. Cirebon,600438-PD. BPR Cirebon Barat,600438-PD. BPR Cirebon Barat,0,0,0,0,0,0,0,0,0,0,0,0,0,0,0,0,0,0,,
5/21/2025 19:36,2021,Maret,Provinsi Jawa Barat,Kab. Tasikmalaya,602665-PD. BPR Artha Sukapura,602665-PD. BPR Artha Sukapura,249878320,252142106,188009478,201551180,216566791,218867441,0,0,1702532,2818254,5.48,18.29,7.86,100.64,2.49,20.7,84.04,82.14,"Hendra Kuswaya, Uus Ruslan Hamid","Dedi Kusmayadi, Pemerintah Daerah Kabupaten Tasikmalaya"
5/21/2025 19:37,2021,Maret,Provinsi Jawa Barat,Kab. Cirebon,600440-PD. BPR Cirebon Selatan,600440-PD. BPR Cirebon Selatan,0,0,0,0,0,0,0,0,0,0,0,0,0,0,0,0,0,0,,
5/21/2025 19:37,2021,Maret,Provinsi Jawa Barat,Kab. Cirebon,600442-PD. BPR Cirebon Utara,600442-PD. BPR Cirebon Utara,0,0,0,0,0,0,0,0,0,0,0,0,0,0,0,0,0,0,,
5/21/2025 19:37,2021,Maret,Provinsi Jawa Barat,Kab. Cirebon,600474-PD. BPR Karangsembung,600474-PD. BPR Karangsembung,0,0,0,0,0,0,0,0,0,0,0,0,0,0,0,0,0,0,,
5/21/2025 19:37,2021,Maret,Provinsi Jawa Barat,Kab. Garut,600437-PT Bank Perekonomian Rakyat Intan Jabar,600437-PT Bank Perekonomian Rakyat Intan Jabar,256915630,241213652,212239465,212656331,221835944,208943257,0,0,1770325,949489,5.34,16.28,6.93,100,2.94,17.08,86.18,84.15,"Dani Hadian, Deden Rachmat Syawaludin","RAHMAT, Bunyamin Saepudin, PT BPD JAWA BARAT DAN BANTEN, TBK, PEMERINTAH PROVINSI JAWA BARAT, PEMERINTAH KABUPATEN GARUT"
5/21/2025 19:37,2021,Maret,Provinsi Jawa Barat,Kab. Cirebon,600470-PD. BPR Kapetakan,600470-PD. BPR Kapetakan,0,0,0,0,0,0,0,0,0,0,0,0,0,0,0,0,0,0,,
5/21/2025 19:37,2021,Maret,Provinsi Jawa Barat,Kab. Cirebon,600444-PD. BPR Ciwaringin,600444-PD. BPR Ciwaringin,0,0,0,0,0,0,0,0,0,0,0,0,0,0,0,0,0,0,,
5/21/2025 19:37,2021,Maret,Provinsi Jawa Barat,Kab. Cirebon,600452-PD. BPR Gegesik,600452-PD. BPR Gegesik,0,0,0,0,0,0,0,0,0,0,0,0,0,0,0,0,0,0,,
5/21/2025 19:37,2021,Maret,Provinsi Jawa Barat,Kab. Cirebon,600488-PD. BPR Lemahabang,600488-PD. BPR Lemahabang,0,0,0,0,0,0,0,0,0,0,0,0,0,0,0,0,0,0,,
5/21/2025 19:37,2021,Maret,Provinsi Jawa Barat,Kab. Cirebon,600517-PD. BPR Sumber,600517-PD. BPR Sumber,0,0,0,0,0,0,0,0,0,0,0,0,0,0,0,0,0,0,,
5/21/2025 19:37,2021,Maret,Provinsi Jawa Barat,Kab. Garut,602640-Perumda BPR Garut,602640-Perumda BPR Garut,252435575,258795036,172292061,183338667,208786799,218952976,0,0,1477514,1842301,3.64,35.28,8.83,100,2.72,16.66,81.57,85.9,"Drs. Asep Cepy,M.M, Yanyan Zaenal Yasin, SE, Yayan.,SE","Yatie Rohayati, SH.,M.Si, Dedi Achmad Santika SE,MM, Netti Susanti,Dra,MM, disi"
5/21/2025 19:37,2021,Maret,Provinsi Jawa Barat,Kab. Cirebon,600504-PD. BPR Palimanan,600504-PD. BPR Palimanan,0,0,0,0,0,0,0,0,0,0,0,0,0,0,0,0,0,0,,
5/21/2025 19:37,2021,Maret,Provinsi Jawa Barat,Kab. Ciamis,600356-Perumda BPR Galuh Ciamis,600356-Perumda BPR Galuh Ciamis,17743037,16028219,13373684,13548564,11169840,9661421,70251,1146163,65116,71939,3.41,43.04,8.61,100,0.47,37.18,84.12,98.93,"Prasetya Budi Utomo,SE, H. DARSIMAN,S.H","Dr.H.Kurniawan,S.E.,M.Si.,Ak.,CA.,ACPA, H.DIDIN SAADUDIN A.F.,S.Ag.,M.Si"
5/21/2025 19:37,2021,Maret,Provinsi Jawa Barat,Kab. Cirebon,600506-PD. BPR Plumbon,600506-PD. BPR Plumbon,0,0,0,0,0,0,0,0,0,0,0,0,0,0,0,0,0,0,,
5/21/2025 19:37,2021,Maret,Provinsi Jawa Barat,Kab. Cirebon,600520-PD. BPR Susukan,600520-PD. BPR Susukan,0,0,0,0,0,0,0,0,0,0,0,0,0,0,0,0,0,0,,
5/21/2025 19:37,2021,Maret,Provinsi Jawa Barat,Kab. Cirebon,600523-PD. BPR Waled,600523-PD. BPR Waled,0,0,0,0,0,0,0,0,0,0,0,0,0,0,0,0,0,0,,
5/21/2025 19:37,2021,Maret,Provinsi Jawa Barat,Kab. Cirebon,600525-PD. BPR Weru,600525-PD. BPR Weru,0,0,0,0,0,0,0,0,0,0,0,0,0,0,0,0,0,0,,
5/21/2025 19:37,2021,Maret,Provinsi Jawa Barat,Kab. Cirebon,600418-PT Bank Perekonomian Rakyat Cirebon Jabar (Perseroda),600418-PT Bank Perekonomian Rakyat Cirebon Jabar (Perseroda),355246900,358966107,212527400,215666843,307562423,312651239,7442404,7007846,1452086,1810696,4.87,26.94,7.11,100,2.7,28.23,67.31,86.52,"MULTAHIBUN, SH, MH., URIPA ENDANG SUSANTO, SE","DEDI SAMANHUDI, SE, M.SI, BADAWI, SE, M.SI"
5/21/2025 19:37,2021,Maret,Provinsi Jawa Barat,Kab. Ciamis,600319-PT BPR Artha Galuh Mandiri Jawa Barat Perseroda,600319-PT BPR Artha Galuh Mandiri Jawa Barat Perseroda,18358103,18282870,14236782,13861239,10911039,10914909,537586,1239598,149819,189807,8.24,55.78,14.31,100,2.85,28.07,87.93,83.71,"E SURYONO,SE, Asep Herman","Amir Nuryadin, Nandang Herdiana, Provinsi Jawa Barat"
5/21/2025 19:37,2021,Maret,Provinsi Jawa Barat,Kab. Cirebon,601338-PT. BPR Dipon Sejahtera,601338-PT. BPR Dipon Sejahtera,0,0,0,0,0,0,0,0,0,0,0,0,0,0,0,0,0,0,,
5/21/2025 19:37,2021,Maret,Provinsi Jawa Barat,Kab. Kuningan,600428-PD. BPR BKPD Kec. Ciawigebang,600428-PD. BPR BKPD Kec. Ciawigebang,0,0,0,0,0,0,0,0,0,0,0,0,0,0,0,0,0,0,,
5/21/2025 19:37,2021,Maret,Provinsi Jawa Barat,Kab. Cirebon,600420-PERUMDA Bank Perekonomian Rakyat Kabupaten Cirebon,600420-PERUMDA Bank Perekonomian Rakyat Kabupaten Cirebon,431637227,425938547,296000510,285482601,371361094,367258432,17503100,15521467,2554930,3544855,6.93,19.66,8.32,100,2.48,46.91,75.83,86.24,"Ir. Hj. Suating, H. Asna","H. Mukmin, SH, MH, Novi Widyaningsih, SH, MSi, PEMDA KABUPATEN CIREBON"
5/21/2025 19:37,2021,Maret,Provinsi Jawa Barat,Kab. Indramayu,600413-PD. BPR Anjatan,600413-PD. BPR Anjatan,0,0,0,0,0,0,0,0,0,0,0,0,0,0,0,0,0,0,,
5/21/2025 19:37,2021,Maret,Provinsi Jawa Barat,Kab. Indramayu,600421-PD. BPR LPK Arahan Kidul,600421-PD. BPR LPK Arahan Kidul,0,0,0,0,0,0,0,0,0,0,0,0,0,0,0,0,0,0,,
5/21/2025 19:37,2021,Maret,Provinsi Jawa Barat,Kab. Cirebon,602052-PT Bank Perekonomian Rakyat Baldah Sentosa,602052-PT Bank Perekonomian Rakyat Baldah Sentosa,25166859,23135955,18779813,17599403,20287282,19307729,"-1,010,495","-2,079,342",202800,220296,3.64,25.39,3.25,100,0.92,12.31,88.95,85.11,"R. Sumargono SE, Agus As'yari S.Ag","Syamsurizal MBA, M. Radyar Sukiman"
5/21/2025 19:37,2021,Maret,Provinsi Jawa Barat,Kab. Indramayu,600419-PD. BPR LPK Cantigi Kulon,600419-PD. BPR LPK Cantigi Kulon,0,0,0,0,0,0,0,0,0,0,0,0,0,0,0,0,0,0,,
5/21/2025 19:38,2021,Maret,Provinsi Jawa Barat,Kab. Cirebon,601797-PT. BPR Harapganda,601797-PT. BPR Harapganda,15184521,16814648,12190509,12921911,8510458,8531532,59284,1225741,"-128,911",374972,17.24,64.48,13.13,100,0.69,26.16,88.47,92.16,"EDO WIDODO, SE, EDUARD LUBIS, SE","DEDDY BEGMAN EDWARD SIHOMBING, RICHARD TIGOR SITORUS, LUCERIA SIAGIAN"
5/21/2025 19:38,2021,Maret,Provinsi Jawa Barat,Kab. Indramayu,600422-PD. BPR Bangodua,600422-PD. BPR Bangodua,0,0,0,0,0,0,0,0,0,0,0,0,0,0,0,0,0,0,,
5/21/2025 19:38,2021,Maret,Provinsi Jawa Barat,Kab. Cirebon,601348-PT Bank Perekonomian Rakyat Sahabat Sejati,601348-PT Bank Perekonomian Rakyat Sahabat Sejati,61378047,57822591,46712725,43576365,53665480,50976713,4181055,3328938,156617,355074,5.16,20.45,5.8,100,1.84,26.28,81.19,92.63,"AGUS HERU SAJUGO, AIE SOESAN","TOTO FIANDHY, M HATTA SESE SE  MM, JAN JULIANTO HARTANA"
5/21/2025 19:38,2021,Maret,Provinsi Jawa Barat,Kab. Cirebon,602058-PT Bank Perekonomian Rakyat Nusantara Bona Pasogit Dua Puluh Delapan,602058-PT Bank Perekonomian Rakyat Nusantara Bona Pasogit Dua Puluh Delapan,29612482,26485688,17840263,15830876,22967432,20352111,4386367,0,187573,187007,4.72,30.05,3.82,100,3.77,29.37,66.17,85.82,"MARULI BASA SITOMPUL, DEDI KURNIADI","CHARIYANSYAH, WIRASNO"
5/21/2025 19:38,2021,Maret,Provinsi Jawa Barat,Kab. Kuningan,601903-PT Bank Perekonomian Rakyat Raksa Wacana Agri Purnama,601903-PT Bank Perekonomian Rakyat Raksa Wacana Agri Purnama,23684294,19888079,18679904,14647587,20000163,16959231,2192445,1808954,88760,"-283,032",3.82,19.69,7.83,100,3.84,20.51,90.64,86.2,"AGUS SUPRAYITNO,SE, DIDI SUKARDI","DEDI MUHADI, SE, IBNU FAZRI"
5/21/2025 19:38,2021,Maret,Provinsi Jawa Barat,Kab. Indramayu,600425-PD. BPR LPK Sukra,600425-PD. BPR LPK Sukra,0,0,0,0,0,0,0,0,0,0,0,0,0,0,0,0,0,0,,
5/21/2025 19:38,2021,Maret,Provinsi Jawa Barat,Kab. Indramayu,600427-PD. BPR LPK Bongas,600427-PD. BPR LPK Bongas,0,0,0,0,0,0,0,0,0,0,0,0,0,0,0,0,0,0,,
5/21/2025 19:38,2021,Maret,Provinsi Jawa Barat,Kab. Indramayu,600433-PD. BPR Cikedung,600433-PD. BPR Cikedung,0,0,0,0,0,0,0,0,0,0,0,0,0,0,0,0,0,0,,
5/21/2025 19:38,2021,Maret,Provinsi Jawa Barat,Kab. Indramayu,600454-PD. BPR Haurgeulis,600454-PD. BPR Haurgeulis,0,0,0,0,0,0,0,0,0,0,0,0,0,0,0,0,0,0,,
5/21/2025 19:38,2021,Maret,Provinsi Jawa Barat,Kab. Indramayu,600448-PD. BPR Gabuswetan,600448-PD. BPR Gabuswetan,0,0,0,0,0,0,0,0,0,0,0,0,0,0,0,0,0,0,,
5/21/2025 19:38,2021,Maret,Provinsi Jawa Barat,Kab. Indramayu,600481-PD. BPR Krangkeng,600481-PD. BPR Krangkeng,0,0,0,0,0,0,0,0,0,0,0,0,0,0,0,0,0,0,,
5/21/2025 19:38,2021,Maret,Provinsi Jawa Barat,Kab. Indramayu,600462-PD. BPR Juntinyuat,600462-PD. BPR Juntinyuat,0,0,0,0,0,0,0,0,0,0,0,0,0,0,0,0,0,0,,
5/21/2025 19:38,2021,Maret,Provinsi Jawa Barat,Kab. Indramayu,600472-PD. BPR Karangampel,600472-PD. BPR Karangampel,0,0,0,0,0,0,0,0,0,0,0,0,0,0,0,0,0,0,,
5/21/2025 19:38,2021,Maret,Provinsi Jawa Barat,Kab. Kuningan,602674-PT Bank Perekonomian Rakyat Danatama Artha Kassiti,602674-PT Bank Perekonomian Rakyat Danatama Artha Kassiti,28311737,28536217,22718027,22043188,21696045,22161496,1342932,631984,22760,492737,2.84,56.74,2.73,100,0.93,19.86,86.18,96.05,"Drs. Supardi, Jaja, SE","Ibrahim Bidjuri, Lim Angie Christina"
5/21/2025 19:38,2021,Maret,Provinsi Jawa Barat,Kab. Indramayu,600468-PD. BPR Kandanghaur,600468-PD. BPR Kandanghaur,0,0,0,0,0,0,0,0,0,0,0,0,0,0,0,0,0,0,,
5/21/2025 19:38,2021,Maret,Provinsi Jawa Barat,Kab. Indramayu,600494-PD. BPR Lohbener,600494-PD. BPR Lohbener,0,0,0,0,0,0,0,0,0,0,0,0,0,0,0,0,0,0,,
5/21/2025 19:38,2021,Maret,Provinsi Jawa Barat,Kab. Kuningan,600483-PERUMDA BPR Kuningan,600483-PERUMDA BPR Kuningan,234977357,240358658,175075101,189582736,205686367,212339237,2201752,0,513622,2524448,0.89,15.5,4.64,100,0.44,28.71,85.32,100.53,"DODO WARDA, SE, DENI HERYANA, S.SOS","DRS. H. NANDANG SUDRAJAT, DRS. H. KAMIL GANDA PERMADI, MM, PEMERINTAH DAERAH KABUPATEN KUNINGAN"
5/21/2025 19:38,2021,Maret,Provinsi Jawa Barat,Kab. Indramayu,600478-PD. BPR Kertasemaya,600478-PD. BPR Kertasemaya,0,0,0,0,0,0,0,0,0,0,0,0,0,0,0,0,0,0,,
5/21/2025 19:38,2021,Maret,Provinsi Jawa Barat,Kab. Indramayu,600496-PD. BPR Losarang,600496-PD. BPR Losarang,0,0,0,0,0,0,0,0,0,0,0,0,0,0,0,0,0,0,,
5/21/2025 19:38,2021,Maret,Provinsi Jawa Barat,Kab. Majalengka,600403-PD. BPR LPK Cingambul,600403-PD. BPR LPK Cingambul,0,0,0,0,0,0,0,0,0,0,0,0,0,0,0,0,0,0,,
5/21/2025 19:38,2021,Maret,Provinsi Jawa Barat,Kab. Majalengka,600405-PD. BPR LPK Cigasong,600405-PD. BPR LPK Cigasong,0,0,0,0,0,0,0,0,0,0,0,0,0,0,0,0,0,0,,
5/21/2025 19:38,2021,Maret,Provinsi Jawa Barat,Kab. Indramayu,600510-PD. BPR Sindang,600510-PD. BPR Sindang,0,0,0,0,0,0,0,0,0,0,0,0,0,0,0,0,0,0,,
5/21/2025 19:38,2021,Maret,Provinsi Jawa Barat,Kab. Indramayu,600398-PT Bank Perekonomian Rakyat Mitra Harmoni Indramayu,600398-PT Bank Perekonomian Rakyat Mitra Harmoni Indramayu,85358671,88849553,63885069,64383609,77735537,80224777,"-315,544","-1,027,029","-406,922","-409,430",11.37,17.47,11.62,97.69,-2.06,25.05,78.28,108.92,"ABAN SOBANA, SE, EDI SUWARSONO, SE, MM","NANANG CAHYANA, SE, MM, MBA, NURDIN, SH, MM, PT SENTRA MODAL HARMONI, PT. FAJAR MAS MURNI"
5/21/2025 19:38,2021,Maret,Provinsi Jawa Barat,Kab. Indramayu,600527-PD. BPR Widasari,600527-PD. BPR Widasari,0,0,0,0,0,0,0,0,0,0,0,0,0,0,0,0,0,0,,
5/21/2025 19:38,2021,Maret,Provinsi Jawa Barat,Kab. Subang,600305-PT. BPR Nauli Danaraya,600305-PT. BPR Nauli Danaraya,0,0,0,0,0,0,0,0,0,0,0,0,0,0,0,0,0,0,,
5/21/2025 19:38,2021,Maret,Provinsi Jawa Barat,Kab. Indramayu,600429-PT Bank Perekonomian Rakyat Indramayu Jabar (Perseroda),600429-PT Bank Perekonomian Rakyat Indramayu Jabar (Perseroda),238564220,246904092,188949405,213806727,216824992,221988534,"-242,316",5906221,"-2,148,952","-2,785,199",18.35,12.59,19.23,100,-0.47,23.25,91.74,106.32,"JAYANA, SE, H.MUNANDAR, SE","Drs.H.DARMA, MSi, H.WAHYUDI, SE"
5/21/2025 19:39,2021,Maret,Provinsi Jawa Barat,Kab. Majalengka,600515-PERUMDA BPR Majalengka,600515-PERUMDA BPR Majalengka,150921247,167830686,99187592,107542058,131283620,145938848,0,3666081,441701,200553,4.24,20.25,6.99,100,0.37,26.73,73.03,92.96,RUDI KURNIAWAN,"ABDUL JAMIL, Pemda Kab. Majalengka"
5/21/2025 19:39,2021,Maret,Provinsi Jawa Barat,Kab. Subang,600303-PT BPR Nusumma Cisalak,600303-PT BPR Nusumma Cisalak,39628531,33110148,16749226,12335386,33974909,30098362,453679,61442,"-91,517",158884,6.39,36.34,5.47,95.15,-0.22,51.36,52.49,107.21,"Alex Pangemanan, Triono","Zainul Kamal, Eky Amrullah, PT NUSANTARA BINA ARTHA"
5/21/2025 19:39,2021,Maret,Provinsi Jawa Barat,Kab. Indramayu,602702-Perumda BPR Karya Remaja Indramayu,602702-Perumda BPR Karya Remaja Indramayu,597956363,640840162,496830853,451610519,532661500,579605775,9749850,11802257,3949934,1377728,2.1,19,5.93,100,2.66,11.96,90.98,83.74,"Drs. H. Sugiyanto, H.Bambang Supena,SE","Nurjaman, SE, Drs. H. Darma, M.Si"
5/21/2025 19:39,2021,Maret,Provinsi Jawa Barat,Kab. Indramayu,601341-PT Bank Perekonomian Rakyat Dana Agung Internusa,601341-PT Bank Perekonomian Rakyat Dana Agung Internusa,22200449,11631188,16154152,8817820,18699392,8534178,"-1,639,618","-2,040,694",80675,77704,0.57,0,0,0,0,0,0,0,"NUNUNG NURHAYATI, SITI HAMIDAH",IR ANTON ADAM NANGOY
5/21/2025 19:39,2021,Maret,Provinsi Jawa Barat,Kab. Subang,600324-PT Bank Perekonomian Rakyat Karyautama Jabar Perseroda,600324-PT Bank Perekonomian Rakyat Karyautama Jabar Perseroda,219656875,240877969,178211918,185546467,189810943,212856005,1749028,0,654679,579739,3.85,16.47,8.33,100,1.08,20.82,90.18,94.95,"DRS OMAN SUNANDAR, R MOHAMAD NOOR RAHMAN, AYIP MUHDIATULLAH","RUBYANA RAMDHAN, HJ SITI HODIJAH, PT BPD JAWA BARAT DAN BANTEN, TBK, PEMERINTAH PROVINSI JAWA BARAT, PEMERINTAH KABUPATEN SUBANG"
5/21/2025 19:39,2021,Maret,Provinsi Jawa Barat,Kab. Majalengka,600407-PT BPR Majalengka Jabar (Perseroda),600407-PT BPR Majalengka Jabar (Perseroda),60129356,62986402,35091197,38152047,48671570,52052730,105789,0,229774,"-188,551",6.49,38.17,6,100,0.54,42.13,63.19,90.39,"H OCI SANUSI S.IP, MM, H. NANO PRIATNO SP.","Drs. UYET SUYATNA S.Sos., Drs. H. ENGKUN KURNADI MM., disi"
5/21/2025 19:39,2021,Maret,Provinsi Jawa Barat,Kab. Majalengka,600743-PT. BPR Wahana Sentra Artha,600743-PT. BPR Wahana Sentra Artha,175693116,174187462,138030010,152657743,155599262,156199570,750423,0,1030191,1674652,0.2,14.42,2.33,236.63,3.04,29.93,90.3,89.71,"Amin, Leli Ernawati, Dedi Hidayat","Wiguna Kardimansyah, Sunarko, Irvan Rustandar, Zainal Abidinsyah Siregar"
5/21/2025 19:39,2021,Maret,Provinsi Jawa Barat,Kab. Subang,601267-PT Bank Perekonomian Rakyat Markoni Saranajaya,601267-PT Bank Perekonomian Rakyat Markoni Saranajaya,66165032,61742803,35283885,33003545,56939874,53462342,6210347,5222254,207508,250904,12.29,25.6,9.57,100,0.36,9.84,59.07,90.54,"Asep Zenal Arifin, Mardiana","Emanuel Suherling, Nanang Rozana, EMANUEL SUHERLING"
5/21/2025 19:39,2021,Maret,Provinsi Jawa Barat,Kab. Subang,601254-PT Bank Perekonomian Rakyat Gede Arthaguna,601254-PT Bank Perekonomian Rakyat Gede Arthaguna,7868343,7779439,5691799,5681682,827775,861283,1668959,1420122,63340,189765,9.84,108,7.74,99.91,1.71,208.38,73.17,89.42,"MADISON HUTAHAEAN,SE, ANNI BUDINURANI, SE.","DRS.MOEBARICK ASDJ., MM., AGUS EKO KRISTANTO, SE., MM., Silvana Suryani,SE,MM, Agus Eko Kristanto,SE,MM, Drs. Moebarick ASDJ,MM"
5/21/2025 19:39,2021,Maret,Provinsi Jawa Barat,Kab. Subang,601268-PT Bank Perekonomian Rakyat Tata Asia,601268-PT Bank Perekonomian Rakyat Tata Asia,3685149,3877396,3275314,3406014,1757307,1853533,807154,763198,"-79,312",60665,21.47,61.98,16.91,100,-2.33,13.11,95.25,110.68,"UDIN WAHRUDIN, NONO SUTONO","NANDA KRISHNA WIKRAMA, SUKANDAR, NANDA KRISHNA WIKRAMA, IWAN KRISHNA WARDHANA"
5/21/2025 19:39,2021,Maret,Provinsi Jawa Barat,Kab. Subang,602548-PT Bank Perekonomian Rakyat Subang Gemi Nastiti (Perseroda),602548-PT Bank Perekonomian Rakyat Subang Gemi Nastiti (Perseroda),645307794,593081275,547967673,498518202,551336824,506396868,0,0,3477403,6629498,1.6,16.98,3.36,100,5.08,13.99,97.33,79.9,"ANTON ABDUL ROSYD, KANDAR PERMANA, IDRIS","TARWAN, METI JUWITA NINGASIH, E. GHANDI PRIATNA, PEMERINTAH KABUPATEN SUBANG"
5/21/2025 19:39,2021,Maret,Provinsi Jawa Barat,Kab. Subang,601331-PT Bank Perekonomian Rakyat Bangunarta,601331-PT Bank Perekonomian Rakyat Bangunarta,161342985,140235032,128572420,104691134,141048376,122844799,7790233,5873262,2704376,1916971,5.26,20.26,6.24,103.07,5.91,6.49,89.59,71.34,"MOH MUKSIN, DEDI KUSNADI","FELIX SETIAWAN, SUHALIM ABUNAWAS, PT BPR PAMANUKAN BANGUNARTA"
5/21/2025 19:39,2021,Maret,Provinsi Jawa Barat,Kab. Subang,602057-PT Bank Perekonomian Rakyat Nusantara Bona Pasogit Dua Puluh Sembilan,602057-PT Bank Perekonomian Rakyat Nusantara Bona Pasogit Dua Puluh Sembilan,37604012,39822034,26315910,25550607,29230297,32156007,4882490,4779604,251225,346423,21.44,28.99,16.87,100,5.06,16.05,81.06,84.93,"MANAHAN GULTOM, LISEU GUSNIAWATI","RISON MARULI PASARIBU, SAMUEL ADHITYA ZAKHARIA SINAGA, PT. NBP, "
5/21/2025 19:40,2021,Maret,Provinsi Jawa Barat,Kab. Bandung Barat,600024-PT Bank Perekonomian Rakyat Mulya Arta,600024-PT Bank Perekonomian Rakyat Mulya Arta,12076060,13099659,6944522,9401153,8224476,10211729,"-1,032,879","-1,385,053","-115,537",272983,18.76,53.15,15.07,100,-0.31,58.55,62.7,91.67,"Andri Setiadi, Yono Triyono Muharam","Asep Januarsah, Samuel Elim, Fanny Elikawati Elim"
5/21/2025 19:40,2021,Maret,Provinsi Jawa Barat,Kab. Bandung Barat,600193-PT Bank Perekonomian Rakyat Vima,600193-PT Bank Perekonomian Rakyat Vima,18086390,18030734,10055862,11627401,14985856,14664402,558591,557620,"-218,498",48271,4.71,32.52,2.7,4.2,-1.53,106.04,76.02,110.63,"DANIEL NANANG, EUIS YANTI R","VIARINE PRANATA, REZA WIDJAJA, REZA WIDJAJA"
5/21/2025 19:40,2021,Maret,Provinsi Jawa Barat,Kab. Bandung Barat,600745-PT Bank Perekonomian Rakyat Arthaguna Mandiri,600745-PT Bank Perekonomian Rakyat Arthaguna Mandiri,186257183,192253890,156065706,159450966,161670670,172117688,0,0,1386513,1536202,0,20.11,2.45,194.95,3.36,8.74,94.72,89.24,"Helin Suherlina, SE, Edy Supriadi, SE, Aam Aminudin, A.Md","Wiguna Kardimansyah, SE, Sunarko, SE, MM, Irvan Rustandar, SE. MM, Zainal Abidinsyah Siregar, Koperasi Swadharma, Wiguna Kardimansyah, Helin Suherlina, Edy Supriadi, Pramono, Imam Soegiro, Tana Purwata, Poedjoko, Perorangan lainnya"
5/21/2025 19:40,2021,Maret,Provinsi Jawa Barat,Kab. Bandung Barat,600188-PT Bank Perekonomian Rakyat Nehemia,600188-PT Bank Perekonomian Rakyat Nehemia,23995403,26780224,6129992,9309051,11691321,15213553,9733550,8794868,167532,368803,2.38,124.36,5.11,156.67,3.13,12.55,35.6,80.82,"Edrianto Sitorus, Nimas Ayu Pamungkas","Rosi Rostianti, Pahala Silitonga, Drs. Sagom Edward Sitorus"
5/21/2025 19:40,2021,Maret,Provinsi Jawa Barat,Kota Bandung,600838-PT BPR Utama Kita Mandiri,600838-PT BPR Utama Kita Mandiri,0,0,0,0,0,0,0,0,0,0,0,0,0,0,0,0,0,0,,
5/21/2025 19:40,2021,Maret,Provinsi Jawa Barat,Kota Bandung,600166-PT Bank Perekonomian Rakyat Rheksa Berkah,600166-PT Bank Perekonomian Rakyat Rheksa Berkah,21889317,22701982,4236239,6636239,17011647,21360184,"-3,814,424","-3,483,297","-91,414","-93,363",41.64,59.06,9.25,100,-1.45,12.64,25.96,116.45,"LIFINA, SUHAENI SUGANDI","SOETRISNO PRIYADI, VERAWATI SURYAPUTRA, Sinatra Arto Hardy, William Arto Hardy, Lina Arto Hardy"
5/21/2025 19:40,2021,Maret,Provinsi Jawa Barat,Kota Bandung,600180-Koperasi Jasa Bank Perekonomian Rakyat Tanjung Raya,600180-Koperasi Jasa Bank Perekonomian Rakyat Tanjung Raya,28665366,24163686,15415418,18480151,23639356,19347784,287061,61577,53142,130095,0.11,25.88,0.11,100,0.88,9.47,57.45,94.28,"Ferry Hidajat, Abang Muhammad Irwan","Ong Tjie Hin, Unang Sularko, Na Surya Sucipto"
5/21/2025 19:40,2021,Maret,Provinsi Jawa Barat,Kab. Bandung Barat,601353-PT Bank Perekonomian Rakyat Mekar Adidana,601353-PT Bank Perekonomian Rakyat Mekar Adidana,23561290,28340687,16489931,17243010,17971587,22004706,"-1,331,879","-598,057","-78,418","-65,962",6.79,64.18,9.38,100,-2.79,9.39,76.39,123.35,"VINSENSIUS SETIAWAN, ELISABETH TUMIYATI","DION ARDANTE YUNKINS, AMN WIDJAJA, DENNY HENDRAJANA SURYADIPUTRA"
5/21/2025 19:40,2021,Maret,Provinsi Jawa Barat,Kota Bandung,601327-PT. BPR Kop. Jawa Barat,601327-PT. BPR Kop. Jawa Barat,0,0,0,0,0,0,0,0,0,0,0,0,0,0,0,0,0,0,,
5/21/2025 19:40,2021,Maret,Provinsi Jawa Barat,Kota Bandung,600311-PT Bank Perekonomian Rakyat Karyajatnika Sadaya,600311-PT Bank Perekonomian Rakyat Karyajatnika Sadaya,2477180540,2573986116,773200745,1178592276,2142729622,2155799129,"-30,630,517",24551799,"-28,132,771",531625,1.06,31.3,1.56,100,-3.47,5.34,34.86,125.79,"Ny. Linda Hidayati, Ny. Oka Astuti, Ny. Helda Febrosa Wirayati Durmi Haro, Ny. Mariah Gunawan","Tn.Budi Sumadihardja, Ny. Jany Jashinta, Ny. Christine Widythia, PT Nuansa Niaga Permata"
5/21/2025 19:40,2021,Maret,Provinsi Jawa Barat,Kota Bandung,600184-Koperasi BPR Bara Ujungberung,600184-Koperasi BPR Bara Ujungberung,8082577,9624449,6055050,8669735,6080958,6850075,"-1,787,636","-1,279,612","-180,836",83895,12,34.47,20.66,101.74,-6.92,24.05,88.99,138.03,"Juner Limbong, Jannes M Sagala, SH,MH","Ronah, Tidak, Tidak, Tidak, Tidak, Tidak, Tidak, Tidak, Tidak, Tidak, Tidak"
5/21/2025 19:40,2021,Maret,Provinsi Jawa Barat,Kota Bandung,601344-PT BPR Mutiara Artha Pratama,601344-PT BPR Mutiara Artha Pratama,0,0,0,0,0,0,0,0,0,0,0,0,0,0,0,0,0,0,,
5/21/2025 19:40,2021,Maret,Provinsi Jawa Barat,Kota Bandung,600765-PT Bank Perekonomian Rakyat Bina Maju Usaha,600765-PT Bank Perekonomian Rakyat Bina Maju Usaha,27264232,25864615,16218389,17632822,21547757,20721320,3286179,2400931,30296,342364,2.94,38.58,1.35,100,2.37,30.99,61.82,91.48,"PAULUS MARTANA, RUSMAYA ANTON","IDA BAGUS ARGA SARJANA, FRANSISKA RENITA OKTAVIANI"
5/21/2025 19:40,2021,Maret,Provinsi Jawa Barat,Kota Bandung,601284-PT Bank Perekonomian Rakyat Artha Mitra Kencana,601284-PT Bank Perekonomian Rakyat Artha Mitra Kencana,168853731,176109140,98639671,116374710,157058683,163917815,3773895,3946926,103462,326708,2.86,15.98,3.02,100,0.43,5.08,61.59,98.33,"VINNA WINARDI, SHINTA LAKHSMI LESTARI","MIEKEWATI TANUDIWIDJAJA, NANSI KINTARINA KINTADI, MIEKEWATI TANUDIWIDJAJA"
5/21/2025 19:40,2021,Maret,Provinsi Jawa Barat,Kota Bandung,600806-PT Bank Perekonomian Rakyat Ratna Artha Pusaka,600806-PT Bank Perekonomian Rakyat Ratna Artha Pusaka,75368502,65524013,61482375,50980324,67655751,58090818,4980742,4851014,332009,182181,2.58,13.1,3.8,100,0.35,10.68,85.46,73.03,"RUDY ISHAK, F XRISTYASTUTI","HANNA MASLI, HARTO SOLICHIN MARGO, HARTO SOLICHIN MARGO"
5/21/2025 19:40,2021,Maret,Provinsi Jawa Barat,Kota Bandung,601329-PT Bank Perekonomian Rakyat Nata Citraperdana,601329-PT Bank Perekonomian Rakyat Nata Citraperdana,114377890,108686570,55838492,59648430,104734801,99361207,0,0,543089,375363,1.07,16.05,0.74,140.68,1.95,21.99,49.74,86.41,"Nanin Handani Rachmawanti, Novi Cahyariani","Gouw Lili, Hermawan Widjaya, Gouw Lili"
5/21/2025 19:40,2021,Maret,Provinsi Jawa Barat,Kota Bandung,601326-PT Bank Perekonomian Rakyat Artha Niaga Finatama,601326-PT Bank Perekonomian Rakyat Artha Niaga Finatama,63595522,64561188,22130774,24728806,54778055,55811715,"-29,444,567","-30,246,663","-487,966",146136,8.17,31.5,6.45,95.11,-1.52,7.02,40.82,110.28,"RD. IKHSAN BELA NAGARA, PRAYITNO YUDO MURDOWO","FERIANTO SOEMARLI, LIONG JIEN NYAN"
5/21/2025 19:41,2021,Maret,Provinsi Jawa Barat,Kota Bandung,601340-PT Bank Perekonomian Rakyat Permata Dhanawira,601340-PT Bank Perekonomian Rakyat Permata Dhanawira,75228720,43960171,20280269,13933211,66709709,36260001,3628972,2958522,490039,341648,4.04,30.61,1.47,100.84,1.57,5.32,28.08,85.77,"ALEX SULAIMAN, DIANA FERONIKA SANDJAJA","HANS YANUAR GUNAWAN, HERRY, HERRY"
5/21/2025 19:41,2021,Maret,Provinsi Jawa Barat,Kota Bandung,601345-PT Bank Perekonomian Rakyat Parinama Simfoni Indonesia,601345-PT Bank Perekonomian Rakyat Parinama Simfoni Indonesia,30361743,27072945,20908884,18293089,22592118,19586316,"-6,066,792","-6,490,232",136417,276861,3.21,73.21,2.36,100,1.04,6.15,77.83,96.44,"JONATHAN, IRIANI DARMAYANTI","RONALD KARAMOY, IFDOL"
5/21/2025 19:41,2021,Maret,Provinsi Jawa Barat,Kota Bandung,601343-PT Bank Perekonomian Rakyat Mangun Pundiyasa,601343-PT Bank Perekonomian Rakyat Mangun Pundiyasa,16815088,18627383,12294655,11184275,10012412,11800465,3415850,3488154,"-83,388","-131,450",10.1,79.56,15.63,100,4.2,38.33,86.95,83.18,Sriyanti,"Imanuella Simangunsong, Paul Rospita Simanjuntak, Wesly Simangunsong, Imanuella Simangunsong"
5/21/2025 19:41,2021,Maret,Provinsi Jawa Barat,Kota Bandung,601346-PT Bank Perekonomian Rakyat Emasnusantara Sentosa,601346-PT Bank Perekonomian Rakyat Emasnusantara Sentosa,26622321,25483637,14758080,17815398,19952064,19484595,3631096,3899671,539161,99371,30.44,61.01,19.96,100,0.66,16.27,61.61,89.96,"Budi Darmawan, Ekaristi Awang","Utuy Ariffin, Maria Silvia Inge Santoso"
5/21/2025 19:41,2021,Maret,Provinsi Jawa Barat,Kota Bandung,601347-PT Bank Perekonomian Rakyat Lima Padma Mandiri,601347-PT Bank Perekonomian Rakyat Lima Padma Mandiri,39663228,38854445,29787005,29075162,34496848,35118191,1729556,181731,186824,304523,2.65,14.97,3.26,100,5.12,16.19,85.91,78.52,"ADE SUPRIATNA, HERLAMBANG SEDIONO, FIRMAN ISMANTO","NIDA GARNIDA FITRIANTI, RADEN RORO FATMASARI KUSUMAWARDHANI, ZAENAL ARIPIN, RR. FATMASARI KUSUMAWARDHANI"
5/21/2025 19:41,2021,Maret,Provinsi Jawa Barat,Kota Bandung,601350-PT Bank Perekonomian Rakyat Mitra Parahyangan,601350-PT Bank Perekonomian Rakyat Mitra Parahyangan,61261915,52888170,40726447,46924311,55137326,49737390,"-3,804,617","-3,921,042","-70,794",71822,13.12,17.88,11.38,100,-0.05,8.48,71.78,100.33,"TONI MULIADI, MOCHAMAD YADI MULYADI","NANI WIRIANTI SUGATA, HANNY RIDWAN GUNADHARMA, NANI WIRIANTI SUGATA"
5/21/2025 19:41,2021,Maret,Provinsi Jawa Barat,Kota Bandung,601351-PT Bank Perekonomian Rakyat Mulia Yuganta Indonesia,601351-PT Bank Perekonomian Rakyat Mulia Yuganta Indonesia,23369454,28715209,10052798,17783007,18708162,23711566,"-1,325,994","-9,618","-243,171","-217,196",7.73,45.02,14.01,100,-5.24,12.76,55.13,122.75,CHRISTIANUS ENDRU,"BUDI SETYAWAN, SYAMSUDIN, ANDY TETEN SOERJONO"
5/21/2025 19:41,2021,Maret,Provinsi Jawa Barat,Kota Bandung,601363-PT Bank Perekonomian Rakyat Pundi Kencana Makmur,601363-PT Bank Perekonomian Rakyat Pundi Kencana Makmur,22213480,23129473,11256510,12202939,19946997,19024674,"-6,823,591","-5,158,882","-447,426","-273,819",20.06,16.44,16.44,100,-7.99,37.63,54.31,174.72,"ELVA, DIANI WULANSARI","GRACE LIE, GRACE LIE"
5/21/2025 19:41,2021,Maret,Provinsi Jawa Barat,Kota Bandung,601791-PT Bank Perekonomian Rakyat Sentral Investasi Prima,601791-PT Bank Perekonomian Rakyat Sentral Investasi Prima,23837068,26639485,9569552,13932160,17367608,18314570,3200052,4687039,"-30,592",337876,6.76,50.1,16.32,100,-0.04,24.9,59.79,100.15,"JOHAN KRISTANTO IRWAN,BBA, KURAESIN,SE.,MM","ANTON WIJAYA IRWAN, NONON SUKMAWATI,SE, SURIPTO IRWAN"
5/21/2025 19:41,2021,Maret,Provinsi Jawa Barat,Kota Bandung,601891-PT Bank Perekonomian Rakyat Karya Guna Mandiri,601891-PT Bank Perekonomian Rakyat Karya Guna Mandiri,131336144,159995868,111583495,108942051,103147040,137867271,6532298,4967069,156806,661528,7.04,34.18,7.66,100,1.17,8.6,87.76,92.32,"RINI SETIADI, TOSIN SUDJANA","IBRAHIM BIDJURI, RATNADANI ERAWATI, HENRY HUSADA"
5/21/2025 19:41,2021,Maret,Provinsi Jawa Barat,Kota Bogor,600709-PT. BPR Sumber Ekonomi,600709-PT. BPR Sumber Ekonomi,0,0,0,0,0,0,0,0,0,0,0,0,0,0,0,0,0,0,,
5/21/2025 19:41,2021,Maret,Provinsi Jawa Barat,Kota Bandung,602000-PT Bank Perekonomian Rakyat Citradana Rahayu,602000-PT Bank Perekonomian Rakyat Citradana Rahayu,140389828,139950072,94245536,79641063,114895759,114949724,15396076,15227995,497993,172353,1.38,36.34,0.7,100,1.83,17.36,69.37,90.32,"LIEM, BUDI LIMAN ABADI DARMIN, SRININGSIH SURJA","ALEXANDER TJANDANA M KOENTORO, DANNY SURJADI BRATA, SENFRY LIMANJAYA"
5/21/2025 19:41,2021,Maret,Provinsi Jawa Barat,Kota Bandung,602053-Perumda BPR Kota Bandung,602053-Perumda BPR Kota Bandung,242840626,261448044,178437701,212847404,152579847,166594579,"-32,873,430","-29,466,587","-1,782,540",13811,13.21,33.34,15.69,76.89,-0.46,18.07,85,104.15,"MOCHAMAD DIDI SUNARDI, DADANG JUANDA, JUWAIRIAH WIJAYANTI","FERALDI HANAFI, ASEP EFFENDI R, PEMERINTAH KOTA BANDUNG"
5/21/2025 19:41,2021,Maret,Provinsi Jawa Barat,Kota Bandung,602055-PT Bank Perekonomian Rakyat Daya Lumbung Asia,602055-PT Bank Perekonomian Rakyat Daya Lumbung Asia,629888476,629019132,135484643,138188212,526138679,528394268,67759079,62162270,2505468,5477344,0,49.54,2.76,162.11,3.36,5.41,27.48,77.89,"YONG AMING PRIATNA, EVELINE LINDA BUDIAWAN, MELLY HARSONO","JULIUS GUNAWAN, SEN YUNG, LAUW MERRY, JAYADI GUNAWAN"
5/21/2025 19:41,2021,Maret,Provinsi Jawa Barat,Kota Bogor,601802-PT. BPR Kujang Artha Sembada,601802-PT. BPR Kujang Artha Sembada,0,0,0,0,0,0,0,0,0,0,0,0,0,0,0,0,0,0,,
5/21/2025 19:41,2021,Maret,Provinsi Jawa Barat,Kota Bandung,602051-PT Bank Perekonomian Rakyat Gunadhana Mitrasembada,602051-PT Bank Perekonomian Rakyat Gunadhana Mitrasembada,68521047,62227582,39170204,34637233,60012756,55472020,"-28,267,077","-28,855,751",1175368,11313,10.74,15.43,6.61,100,3,8.22,63.28,81.73,ENDAH SRI LESTARI,"CECILIA HANSEL, MEGGY ROUMIMPER, TEDDY HARYADI"
5/21/2025 19:41,2021,Maret,Provinsi Jawa Barat,Kota Bogor,602568-PT BPR Supra Wahana Arta,602568-PT BPR Supra Wahana Arta,0,0,0,0,0,0,0,0,0,0,0,0,0,0,0,0,0,0,,
5/21/2025 19:41,2021,Maret,Provinsi Jawa Barat,Kota Bandung,602054-PT Bank Perekonomian Rakyat Cemara Artha Pratama,602054-PT Bank Perekonomian Rakyat Cemara Artha Pratama,12913071,14305732,9208664,7810024,9725430,10522492,"-2,529,081","-1,862,813","-83,278","-153,947",22.87,41.64,17.96,100,-0.11,36.37,68,101.03,"Hidayat Wirasuwanda, Reni Trisdianti",FX JULIUS JULIADI
5/21/2025 19:41,2021,Maret,Provinsi Jawa Barat,Kota Sukabumi,600309-PT. BPR Bumitani Mandiri,600309-PT. BPR Bumitani Mandiri,0,0,0,0,0,0,0,0,0,0,0,0,0,0,0,0,0,0,,
5/21/2025 19:41,2021,Maret,Provinsi Jawa Barat,Kota Bandung,602563-PT Bank Perekonomian Rakyat Metro Asia Mandiri,602563-PT Bank Perekonomian Rakyat Metro Asia Mandiri,47118767,40383822,21064362,24868121,40718844,35735877,"-1,510,242","-1,967,104",10165,215049,14.39,41.42,9.12,100,0.81,10.73,48.4,94.02,"HERYANI, NUNIEK FENAWATI","ROBY LASMANA, CLARISSA WIJAYA, ROBY LASMANA, RONNY LASMANA, MIMIE MARJANI"
5/21/2025 19:42,2021,Maret,Provinsi Jawa Barat,Kota Bandung,602612-PT Bank Perekonomian Rakyat Artha Karya Usaha,602612-PT Bank Perekonomian Rakyat Artha Karya Usaha,51113206,48327404,22091246,17981193,47461590,44100672,218286,1105542,240330,"-71,810",0.97,17.36,6.88,100,0.47,11.19,50.6,90.12,Dwikun Agus Pamudji,"Suwandie, Elvina Sylvianti, Fathah Gandawidjaja"
5/21/2025 19:42,2021,Maret,Provinsi Jawa Barat,Kota Bogor,600019-Perumda BPR Bank Kota Bogor,600019-Perumda BPR Bank Kota Bogor,195711185,175915019,135986346,133140973,115208791,96374901,0,0,1769023,2637613,0.87,53.21,2.55,100,5.74,23.99,77.87,69.73,"H. Ibrahim, S.E, Ir. Budi Sulistio, Anjas Asmara","Bhima Irsi Faliandri, Euis Risnawati, S.E, NULL"
5/21/2025 19:42,2021,Maret,Provinsi Jawa Barat,Kota Bogor,601310-PT Bank Perekonomian Duta Pakuan Mandiri,601310-PT Bank Perekonomian Duta Pakuan Mandiri,52980046,59793026,35623144,45348800,25733960,32376498,14150323,13905593,"-194,237",220935,11.8,125.6,10.21,100,-0.37,63.15,81.14,105.26,"JULIANA, MAICHEL V. KATUUK, SH.","SIMON SUARDI SURYA, TIRTA HADI SURJANA, SUTARDI"
5/21/2025 19:42,2021,Maret,Provinsi Jawa Barat,Kota Bogor,601330-PT. BPR Universal Jabar,601330-PT. BPR Universal Jabar,52559366,46618418,44853690,41283945,47098484,42291117,"-14,836,077","-15,841,729",235598,107669,9.58,27.36,9.87,100.58,1.77,5.17,114.22,90.98,"Rohalman Erycson Siboro, Ronny Loen","Kaman Siboro, Victor Toto Sudytio, Kaman Siboro, PT SAPTA PUTRA JAYA, Stephen Satyahadi, Victor Toto Sudityo, Sarman Siboro, Dapot Limbong, Johan Rusli"
5/21/2025 19:42,2021,Maret,Provinsi Jawa Barat,Kota Bogor,601800-PT. BPR Rama Ganda,601800-PT. BPR Rama Ganda,64177470,64919788,50284620,50913120,55668641,57448355,0,2067919,241281,578150,11.81,30.96,10.32,100.18,2.32,15.23,89.38,89.91,"Linda Sri Rezeki, Ramlan Saragih","Holidin Sipayung, Reynaldo Saragih"
5/21/2025 19:42,2021,Maret,Provinsi Jawa Barat,Kota Sukabumi,600271-Perumda BPR Sukabumi,600271-Perumda BPR Sukabumi,391174645,371053313,224808773,240495363,351140126,329859172,2027935,0,"-2,203,587",983970,20.39,17.07,12.95,100,-2.66,42.6,62.36,114.28,"H.ENGKOS ROSIDIN,SE,MM, WIBOWO HADIKUSUMA,SH,SE,MSI, HJ.NINA OKTARIA,SE","DRS.H.IYOS SOMANTRI,MSI, PEMDA KABUPATEN SUKABUMI"
5/21/2025 19:42,2021,Maret,Provinsi Jawa Barat,Kota Sukabumi,600176-Perumda BPR Kota Sukabumi,600176-Perumda BPR Kota Sukabumi,34677391,36863182,17656906,21548620,18625418,21703047,1192632,1202165,239778,578715,8.34,108.16,8.48,100,0.77,27.64,58.48,80.34,"Yudi Permadi, S.H, Anthon Kurnia Permana S.Si","Dida Sembada, SE, MM, H, Pemerintah Kota Sukabumi"
5/21/2025 19:42,2021,Maret,Provinsi Jawa Barat,Kota Cirebon,600395-PT Bank Perekonomian Rakyat Triastra Sejahtera,600395-PT Bank Perekonomian Rakyat Triastra Sejahtera,82878018,72296404,64292700,60940127,74193505,63518324,1331888,1629029,640893,601350,2,14.75,5.37,100,2.49,31.42,84.73,83.82,"Halomoan Sihite, Handi","Drs. M. Radyar Sukiman, Iriana Nugrahani SH, MM, Hiroo Prasetyo H Tolani"
5/21/2025 19:42,2021,Maret,Provinsi Jawa Barat,Kota Cirebon,601360-PT Bank Perekonomian Rakyat Arthia Sere,601360-PT Bank Perekonomian Rakyat Arthia Sere,44775559,42116141,32443268,29609436,37455551,35830738,5455024,4273356,338984,486047,0.39,25.32,0.98,100,2.38,26.83,76.2,85.36,"IRSAD, SE, EMMY MESTIKA SIREGAR","TIOFANNY TARULLY SION OCTAVIANA, RONALD BURNASDO GOKLAS SIAHAAN, YUSAK MANGARATUA SIAHAAN"
5/21/2025 19:42,2021,Maret,Provinsi Jawa Barat,Kota Cirebon,600097-PT Bank Perekonomian Rakyat Artha Prima Inti,600097-PT Bank Perekonomian Rakyat Artha Prima Inti,1208573,1603545,386039,894142,889189,871996,"-1,642,127","-1,283,763","-97,157","-43,356",3.8,52.9,10.17,100,-8,71,35.6,227,Erkyansyah S.Si,"Dr.Ir.H.Pasril Wahid, Dr.Ir.H.Faisal Kasryno, DR. IR. H. FAISAL KASRYNO"
5/21/2025 19:42,2021,Maret,Provinsi Jawa Barat,Kota Cirebon,600392-PERUMDA BPR Bank Cirebon,600392-PERUMDA BPR Bank Cirebon,250089433,245778165,176947992,178710430,223433618,220634767,3164538,1121414,"-307,646",354243,0,0,0,0,0,0,0,0,"DIDI GUNADI, ASEP SUPRIATNA, TITIN AGUSTIN","MUHAMMAD AYATULLAH RONI, AGUS MULYADI, PEMERINTAH KOTA CIREBON, "
5/21/2025 19:43,2021,Maret,Provinsi Jawa Barat,Kota Tasikmalaya,601337-PT. BPR Pola Dana,601337-PT. BPR Pola Dana,20382798,21610255,11992420,16493673,12559942,13044305,657986,1211767,155186,405087,8.48,37.21,10.05,100,3.06,37.47,69.77,93.39,"SUPRIYADI, IWAN SOLIHIN","RUSBANER MANIK, LUCERIA SIAGIAN, SABAR GANDA LEONARDO SITORUS, ADUMAHATI RENTAULI M SITORUS, SIHAR PANGIHUTAN H SITORUS, HAKIM AGUS SUNGKUNAN SITORUS, IKA ROHANI TIURLARA SITORUS, DUMARAYA SIREGAR, WILSON MUCHTAR SITORUS, BUDIMAN LEONARDO SITORUS, POLIN SITORUS"
5/21/2025 19:43,2021,Maret,Provinsi Jawa Barat,Kota Cirebon,601365-PT Bank Perekonomian Rakyat Sumber Sibapudung,601365-PT Bank Perekonomian Rakyat Sumber Sibapudung,3885524,4423766,1662728,878934,1113076,1139121,1639487,"-929,619","-67,039",3014264,7.68,128.34,7.04,100,-12.57,97.06,47.08,191.25,"Arief Gunawan, Poenky Firdusanta Henny Poernawan","Ivan Ibana, Elviana"
5/21/2025 19:43,2021,Maret,Provinsi Jawa Barat,Kota Cirebon,602474-PT Bank Perekonomian Rakyat Cahaya Fajar,602474-PT Bank Perekonomian Rakyat Cahaya Fajar,306133794,363434844,174352560,211770656,275521612,335954669,21746926,18520569,1365256,1459606,4.9,20,5.48,100,1.19,11.84,61.46,89.67,"ROBBY SANTOSO, GUNADI, FEBY FERNADY MASURA","WIDODO, SOENARYO HALIM, SOEGENG NOTODIHARDJO"
5/21/2025 19:43,2021,Maret,Provinsi Jawa Barat,Kota Tasikmalaya,601352-PT Bank Perekonomian Rakyat Banjar Arthasariguna,601352-PT Bank Perekonomian Rakyat Banjar Arthasariguna,37802540,34067288,12944087,10767457,31328588,27604140,2471397,2562749,95199,"-6,957",21.68,44.28,8.99,100,0.28,7.18,36.23,98.6,"GRIFFIN ANDRIAN HENDRA, YENI RACHMAN","MELVIN ELISABETH, LELYANA DIAH SARI, Melvin Elisabeth, Betty"
5/21/2025 19:43,2021,Maret,Provinsi Jawa Barat,Kota Tasikmalaya,602068-PT Bank Perekonomian Rakyat Siliwangi Kota Tasikmalaya,602068-PT Bank Perekonomian Rakyat Siliwangi Kota Tasikmalaya,44840155,36787972,30946886,24836878,38489412,30436059,1889615,1868137,181128,203776,2.31,28.11,2.19,100,2.39,28.09,82.84,87.56,"Sanni Erwansyah, Taufik Barkah","Teddy Yuli Setiadi, Arif Heppy Yana, disi"
5/21/2025 19:43,2021,Maret,Provinsi Jawa Barat,Kota Cimahi,601335-PT Bank Perekonomian Rakyat Bumi Bandung Kencana,601335-PT Bank Perekonomian Rakyat Bumi Bandung Kencana,46030399,41732029,31602150,27979160,39674925,35428714,3785440,3768379,170034,134936,0.66,31.08,0.87,100,1.89,14.66,71.49,92.64,"Litawati, Anna Rostiana, Ujang Yuyu Kusnadi","Suryawan Andy Perdana, R. Dedi Achmad Santika., MM, Mahfud fauzi, SE"
5/21/2025 19:43,2021,Maret,Provinsi Jawa Barat,Kota Depok,600073-PT BPR Mega Karsa Mandiri,600073-PT BPR Mega Karsa Mandiri,0,0,0,0,0,0,0,0,0,0,0,0,0,0,0,0,0,0,,
5/21/2025 19:43,2021,Maret,Provinsi Jawa Barat,Kota Cimahi,601885-PT Bank Perekonomian Rakyat Danamasa Cimahi,601885-PT Bank Perekonomian Rakyat Danamasa Cimahi,9819280,9972272,6026991,7775542,5062276,4980145,2389565,2598194,"-32,561","-6,067",17.83,75.61,11.76,100,-2.38,52.18,64.53,111.41,"Ida Fitri Rahaju, SE, Yuniarsih, SE","Ir. Heru Absoro, MBA, Daeng Waluyo, SE"
5/21/2025 19:43,2021,Maret,Provinsi Jawa Barat,Kota Tasikmalaya,602666-PT Bank Perekonomian Rakyat Artha Galunggung Perseroda,602666-PT Bank Perekonomian Rakyat Artha Galunggung Perseroda,246388117,230388033,142769135,144215115,217940874,202314447,0,0,788490,1230268,3.33,18.74,7.32,100,1.91,43.09,66.67,86.9,"Dedeh Misriati, Dede Ruhadiat","Yusuf Abdullah, Nana Suryana, Pemerintah Kabupaten Tasikmalaya"
5/21/2025 19:43,2021,Maret,Provinsi Jawa Barat,Kota Cimahi,600134-PT Bank Perekonomian Rakyat Tata Artha Sadaya,600134-PT Bank Perekonomian Rakyat Tata Artha Sadaya,21202706,16400345,15914394,9696881,17367052,13310963,"-634,922","-1,558,635",10576,188017,0.01,21.55,0.18,100,4.09,22.27,66.17,83.84,Prihatiman Sidik,"DR.H. Gagan Sugandi, MM, Ir Hanny Ridwan Gunadharma, DR H Gagan Sugandi MM"
5/21/2025 19:43,2021,Maret,Provinsi Jawa Barat,Kota Depok,600005-PT BPR Hasa Mitra Jawa Barat,600005-PT BPR Hasa Mitra Jawa Barat,69602419,53558112,51755362,47068227,51427175,47192627,"-8,807,938","-9,937,022",783182,102507,1.41,39.79,0.4,102.69,3.22,17.57,78.91,84.08,"Ketut Sugiata, Prim Budi Susanto","Yonggris, I Gusti Putu Gunawan, Yonggris, Satya Pradhana, Widya Pranita, Tyaga Padhana"
5/21/2025 19:43,2021,Maret,Provinsi Jawa Barat,Kota Depok,600100-PT. BPR Cinere Artha Raya,600100-PT. BPR Cinere Artha Raya,0,0,0,0,0,0,0,0,0,0,0,0,0,0,0,0,0,0,,
5/21/2025 19:43,2021,Maret,Provinsi Jawa Barat,Kota Depok,600014-PT Bank Perekonomian Rakyat Muliatama Dananjaya,600014-PT Bank Perekonomian Rakyat Muliatama Dananjaya,54633798,58818799,45607388,43647465,49599205,52281926,"-2,299,760","-997,572","-665,647","-465,555",17.48,27.81,14.42,100,-2.5,13.6,86.57,149.22,Agus Salim,"Oding Hirawan Masdari, Ir H Ade Ruhyana, Ir Oding Hirawan Masdari, MBA, Raden Andy Oetario Putro"
5/21/2025 19:43,2021,Maret,Provinsi Jawa Barat,Kota Depok,600599-PD. BPR LPK Sawangan,600599-PD. BPR LPK Sawangan,0,0,0,0,0,0,0,0,0,0,0,0,0,0,0,0,0,0,,
5/21/2025 19:43,2021,Maret,Provinsi Jawa Barat,Kota Tasikmalaya,602062-PT Bank Perekonomian Rakyat Artha Jaya Mandiri,602062-PT Bank Perekonomian Rakyat Artha Jaya Mandiri,17392115,16158881,13794043,13474151,12291691,11269238,764831,1316093,107260,"-654,783",9,46.22,13.25,100,0.89,24.28,88.38,95.6,"Andy Pamungkas, Erizal Eka Saputra","Totong Fitoyo, I. Wayan Sudharma"
5/21/2025 19:44,2021,Maret,Provinsi Jawa Barat,Kota Depok,600064-PT Bank Perekonomian Rakyat Cibitung Permai,600064-PT Bank Perekonomian Rakyat Cibitung Permai,16222277,15562083,9099957,11972274,13014291,12020010,"-462,005",139306,"-30,009","-297,233",14.2,33.11,7.66,100,-2.14,17.36,57.21,104.92,"Janto Suhanto, Herowati Meike Lestari","SHIRLEY D LASUT, EMMY SRIHARYANTI"
5/21/2025 19:44,2021,Maret,Provinsi Jawa Barat,Kota Depok,600147-PT Bank Perekonomian Rakyat Amara Madina Sejahtera,600147-PT Bank Perekonomian Rakyat Amara Madina Sejahtera,2464471,2532687,1946797,2073070,1800814,1780282,"-3,448,888","-3,449,995","-2,455",87400,26.21,28.67,16.45,134.96,0.84,28.05,128.29,104.47,INA LUCHITA,"DICKY SYARIEF HIDAYAT, BILL TRIANDONO KUNDIMANG"
5/21/2025 19:44,2021,Maret,Provinsi Jawa Barat,Kota Depok,600119-PT Bank Perekonomian Rakyat Panca Dana,600119-PT Bank Perekonomian Rakyat Panca Dana,46057779,38144339,36139618,28416116,37337634,29530978,5212735,1966115,452015,337034,4.01,53,3.79,100,4.13,8.25,83.69,79.17,"ARIE KURNIAWAN, MUNAWAROH","ANO KURNIADI, MUHARDJO SRI WIDODO, '', '', '', '', '', '', '', '', ''"
5/21/2025 19:44,2021,Maret,Provinsi Jawa Barat,Kota Depok,601256-PT. BPR Bantoru Perintis,601256-PT. BPR Bantoru Perintis,21259798,17299218,12827539,12739387,15687838,12364396,1185868,1205079,327092,325851,3.48,44.49,1.91,100,4.58,41.45,83.2,84.6,"Lynda Uliasi Pardede, SE, S.Psi, Khoirul Anam, S.Si","Lavinia Siagian, Hasiholan Siagian"
5/21/2025 19:44,2021,Maret,Provinsi Jawa Barat,Kota Depok,601249-PT Bank Perekonomian Rakyat Sukma Kemang Agung,601249-PT Bank Perekonomian Rakyat Sukma Kemang Agung,68233317,74218524,51196034,57213733,56780793,64866341,7053484,4956419,497843,494567,2.37,26.57,1.38,115.51,3.56,36.72,79.61,86.47,"Elfi Husaini Lubis, SH, Henry Palthy Tambunan, SH","I Made Winarta, Edi Kristiawan, Nurpadja Sorta Berliana"
5/21/2025 19:44,2021,Maret,Provinsi Jawa Barat,Kota Depok,601245-PT. BPR Artha Bersama,601245-PT. BPR Artha Bersama,40625904,36827858,34420855,31997071,36495400,32936965,"-1,740,359","-1,941,500",170863,132393,5.03,16.58,4.54,108.87,0.46,10.52,87.9,95,"Abdul Rahman Susilo, Yanuar Wibawa","Andri Prima Cahyadi, T.P. Sihombing, disi"
5/21/2025 19:44,2021,Maret,Provinsi Jawa Barat,Kota Depok,601246-PT BPR KARUNIA,601246-PT BPR KARUNIA,39262675,41444244,29522228,31267619,31688809,34029521,2625047,2450608,48819,64115,13.82,33.48,11.52,100,0.23,12.39,89.79,97.85,"Semuel RWS Lengkong, Juniati Sinambela","Jemmy Johannis Golose, B Harry Santoso"
5/21/2025 19:44,2021,Maret,Provinsi Jawa Barat,Kota Depok,601809-PT. BPR Efita Dana Sejahtera,601809-PT. BPR Efita Dana Sejahtera,0,0,0,0,0,0,0,0,0,0,0,0,0,0,0,0,0,0,,
5/21/2025 19:44,2021,Maret,Provinsi Jawa Barat,Kota Depok,601996-PT BPR Fajar Artha Makmur,601996-PT BPR Fajar Artha Makmur,0,0,0,0,0,0,0,0,0,0,0,0,0,0,0,0,0,0,,
5/21/2025 19:45,2021,Maret,Provinsi Jawa Barat,Kota Depok,601258-PT Bank Perekonomian Rakyat Difobutama,601258-PT Bank Perekonomian Rakyat Difobutama,38659858,35285992,27484430,28649383,31758490,28576614,3266427,3049189,"-205,059","-179,811",19.83,40.82,12.2,93.64,0.79,12.01,91.35,96.24,"IR HAMDANI, FILBERT SOERYADI","DICKY OSSA SOERYADI, ABDUL SALAM CHASLAN S.E, DICKY OSSA SOERYADI, FILBERT SOERYADI, NAOMI SOERYADI"
5/21/2025 19:45,2021,Maret,Provinsi Jawa Barat,Kota Depok,601314-PT Bank Perekonomian Rakyat Xen,601314-PT Bank Perekonomian Rakyat Xen,4962451,4536882,1737236,2910161,2027268,4012353,"-5,136,984","-5,211,229","-127,833",135758,13.01,132.52,4,74.86,-3.9,98.51,37.48,112.51,DAVID WINATA PURBA,"SYAHRUL J. BUNGAMAYANG, CHARLES PASARIBU"
5/21/2025 19:45,2021,Maret,Provinsi Jawa Barat,Kota Depok,601262-PT Bank Perekonomian Rakyat Dana Lestari,601262-PT Bank Perekonomian Rakyat Dana Lestari,6378195,7825528,3290495,3976583,2447438,4065343,"-2,564,678","-2,637,148",95435,"-2,667",15.39,134.26,14.1,100,0.55,95.3,61.03,97.36,"Teger Julius Agung PB,SE","Sunyeto,SE"
5/21/2025 19:45,2021,Maret,Provinsi Jawa Barat,Kota Depok,601467-PT. BPR Daya Perdana Nusantara,601467-PT. BPR Daya Perdana Nusantara,44868114,48874493,27121223,30341241,37829136,42290084,238536,229320,259467,43434,2.72,20.22,3.22,100,1.08,25.87,64.37,97.79,"RICARDO SIMATUPANG, HERMONO FAUZI","HASAHATAN GULTOM, HALOMPOAN RONY MANURUNG"
5/21/2025 19:45,2021,Maret,Provinsi Jawa Barat,Kota Depok,601977-PT Bank Perekonomian Rakyat Tapeunadana,601977-PT Bank Perekonomian Rakyat Tapeunadana,30269123,41571069,18458903,24828189,16472512,26882797,"-151,926",369516,"-513,016","-142,797",0,0,0,0,0,0,0,0,JUNJUNAN MULIYA YUSUF,"BUSTARI MANSYUR, ASTRI NOVANITA ALI"
5/21/2025 19:45,2021,Maret,Provinsi Jawa Barat,Kota Depok,601323-PT Bank Perekonomian Rakyat Laksana Binacimanggis,601323-PT Bank Perekonomian Rakyat Laksana Binacimanggis,8067932,8598096,5386645,6659025,2667157,3486125,1662333,1773361,138442,216662,18.49,135.46,17.3,100,3.75,134.93,74.87,85.97,"ROSMITA, SEDYA NURJATI SE","Abigail Clarissa Saurma, S. Ak, PERORANGAN"
5/21/2025 19:45,2021,Maret,Provinsi Jawa Barat,Kota Depok,601466-PT Bank Perekonomian Rakyat Arthaguna Sejahtera,601466-PT Bank Perekonomian Rakyat Arthaguna Sejahtera,81078236,110504685,66395631,89140042,68817449,96715584,2194930,3398276,199909,524877,2.05,17.46,2.97,100,0.93,10.72,87.87,96.12,"Siti Komariah, Frengkie Natawijaya","Voliana, Margaretha Ida Lestari"
5/21/2025 19:45,2021,Maret,Provinsi Jawa Barat,Kota Depok,602031-PT BPR Nusantara Bona Pasogit 19,602031-PT BPR Nusantara Bona Pasogit 19,41209531,39006378,23038229,22797002,34414827,32233386,794025,2400000,679,72992,11.18,28.48,9.85,100,0.02,18.11,60.97,100.1,"JAN RUDOLF PARLINDUNGAN, KHASANUDIN","JIMMI SIMANUNGKALIT, JONI CAHYONO, PT. NBP"
5/21/2025 19:45,2021,Maret,Provinsi Jawa Barat,Kota Depok,602003-PT. BPR Apta Sejahtera,602003-PT. BPR Apta Sejahtera,14489526,12816354,4397358,4559096,8082346,8801983,"-152,461",251930,"-140,359","-37,559",21.45,74.6,10.48,100,-4.01,11.37,32.63,129.75,"BEBE IBRAHIM, HARMEN KUSUMA","MARLIADI EKO Y MBA, SARTONO HARDJO OETOMO"
5/21/2025 19:45,2021,Maret,Provinsi Jawa Barat,Kota Depok,602004-PT Bank Perekonomian Rakyat Brata Bhakti Sejahtera,602004-PT Bank Perekonomian Rakyat Brata Bhakti Sejahtera,26166789,27226107,15946519,16209323,23194597,23966314,"-10,774,025","-10,120,506",160209,"-205,709",52.55,21.05,27.79,100,0.61,27.96,64.66,91.28,"DRS.TJAHJO HERNOADI, IR.ATANG FIRMANSYAH","MUTIARA HANUM,SE. MH, DR.IR.NINING SRIASTUTI, MA"
5/21/2025 19:45,2021,Maret,Provinsi Jawa Barat,Kota Bekasi,600042-PT. BPR Supradana Mas,600042-PT. BPR Supradana Mas,78355590,76471944,56382618,58175476,64470974,63341046,"-6,013,044","-10,296,180",104178,"-109,404",21.4,34.79,19.22,100,0.91,8.91,82.44,95.31,"GILAR WIDYORATMOKO, NANTHEN KUMAR","BACHTIAR M MARBUN, NOFIAN, HARDY YUNNARAGA"
5/21/2025 19:45,2021,Maret,Provinsi Jawa Barat,Kota Bekasi,600032-PT Bank Perekonomian Rakyat Bringin Dana Sejahtera,600032-PT Bank Perekonomian Rakyat Bringin Dana Sejahtera,76010323,93045311,47147074,47008898,49192479,66230351,663228,828093,"-72,780",132112,12.85,94.44,8.64,100,0.68,6.43,63.76,95.17,"AGUNG YUGOPRATMO, KHAIRULLAH","NUNU HERYANA, DYAH KUSUMOWARDANI"
5/21/2025 19:45,2021,Maret,Provinsi Jawa Barat,Kota Bekasi,600009-PT Bank Perekonomian Rakyat Berkat Artha Melimpah,600009-PT Bank Perekonomian Rakyat Berkat Artha Melimpah,4503175,6450193,3630939,5021570,1712977,3294769,198474,284247,"-316,941","-37,488",17.41,76.42,8.48,8.48,1.21,33.13,83.55,71.45,Rosita Parulian Sinaga,"Ir.Togar Gerhard Marpaung, Ir.Togar Gerhard Marpaung, Pahala Rajagukguk SH, Yanto Togi Marpaung, Martin Laurence Marpaung, Ir.Marham Simbolon MBA, Dra.Lelly Nancy Rajagukguk, Amen Mangihut Basa Simbolon, Ronald Romein Rajagukguk, Dumaria Tampubolon, Benny Rajagukguk dan Rosita Parulian Sinaga"
5/21/2025 19:46,2021,Maret,Provinsi Jawa Barat,Kota Bekasi,600707-PT. BPR Lugano,600707-PT. BPR Lugano,0,0,0,0,0,0,0,0,0,0,0,0,0,0,0,0,0,0,,
5/21/2025 19:46,2021,Maret,Provinsi Jawa Barat,Kota Bekasi,600869-PT. BPR Multi Artha Mas Sejahtera,600869-PT. BPR Multi Artha Mas Sejahtera,0,0,0,0,0,0,0,0,0,0,0,0,0,0,0,0,0,0,,
5/21/2025 19:46,2021,Maret,Provinsi Jawa Barat,Kota Bekasi,600016-PT Bank Perekonomian Rakyat Siraya Karya Bakti,600016-PT Bank Perekonomian Rakyat Siraya Karya Bakti,6965364,8231477,5591192,6888168,3030341,4401920,1534787,1304087,"-11,436",113798,24.24,79.66,19.34,100,0.14,33.19,87.71,94.24,Drs. Zimmerlin TH Simbolon,"Partogi Simbolon, ST., MS., Ir. Pandapotan Purba, Dr. Ir. Marham Simbolon, MBA"
5/21/2025 19:46,2021,Maret,Provinsi Jawa Barat,Kota Bekasi,600053-PT BPR Ana Artha,600053-PT BPR Ana Artha,39798285,37992731,31642463,27514807,32529528,29529495,3011598,3948215,261232,519094,4.21,51.37,4.57,100,4.8,13.05,88.89,73.95,"SARMAN SIBORO, MOEKTI PRASTOWO","MUHARDJO SRI WIDODO, AGUS PURNOMO SUDIYANTO, '', '', '', '', '', '', '', '', ''"
5/21/2025 19:46,2021,Maret,Provinsi Jawa Barat,Kota Bekasi,600068-PT. BPR Metropolitan Putra,600068-PT. BPR Metropolitan Putra,36135344,27691167,20408423,22531132,27680813,20281527,5785456,4345379,106187,501373,3.95,30.89,3.11,100,1.34,10.99,67.21,90,"SUBARTINAH, DADANG ISNANDAR","AGUS PURNOMO SUDIYANTO, DELWANSYAH, DRS AGUS PRAMONO"
5/21/2025 19:46,2021,Maret,Provinsi Jawa Barat,Kota Bekasi,600091-PT Bank Perekonomian Rakyat Menaramas Mitra,600091-PT Bank Perekonomian Rakyat Menaramas Mitra,37856338,41749214,18591882,25775543,30841748,34929646,2872878,2547175,2184,132865,11.84,44.61,6.11,100,0.55,38.98,56.95,97.72,Ir. Edy Pratiknyo,"Bowo Harry Santoso, Yodi Giovani Lengkong"
5/21/2025 19:46,2021,Maret,Provinsi Jawa Barat,Kota Bekasi,600111-PT Bank Perekonomian Rakyat Dana Pensiun Taspen,600111-PT Bank Perekonomian Rakyat Dana Pensiun Taspen,446792488,427873349,349982352,348885774,394183146,390478206,14525568,0,3539922,2851291,0.64,18.25,2.52,100,4.41,14.58,89.3,72.96,"Sucipto, Anak Agung Ngurah Parwata","Wiharto, Drs. Sofyan Bangun, MM. Ak.CA, Dana Pensiun Taspen"
5/21/2025 19:46,2021,Maret,Provinsi Jawa Barat,Kota Bekasi,601231-PT. BPR Lestari Jabar (d/h PT BPR Jayamora Krida),601231-PT. BPR Lestari Jabar (d/h PT BPR Jayamora Krida),211882761,144101102,105955750,76853474,195056117,127076929,314876,1832931,1589944,669418,1.83,28.27,0.63,100,4.07,17.58,57.6,74.88,"I MADE SUTRISNA, RM BAYU PRABANGKARA","ONTARYO CHANDRA, FANTY, PT LESTARI CAPITAL"
5/21/2025 19:46,2021,Maret,Provinsi Jawa Barat,Kota Bekasi,600926-PT Bank Perekonomian Rakyat Depo Mitra Mandiri,600926-PT Bank Perekonomian Rakyat Depo Mitra Mandiri,29650145,28090513,18817820,17503474,19985771,19821557,3204660,2423363,430714,216593,5.43,45.22,3.95,100,1.76,15.3,78.68,74.45,"I Gede Suprapta, Teti Ofianti","Harun Rasyid Syuhada, RM Wahyu Yulianto, Sonni Dwi Harsono"
5/21/2025 19:46,2021,Maret,Provinsi Jawa Barat,Kota Bekasi,601239-PT. BPR Nasional Nusantara,601239-PT. BPR Nasional Nusantara,8836793,13980828,6551700,9153425,6209973,11561961,"-3,704,488","-1,425,875","-735,954","-222,520",29.94,54.98,21.58,100,-10.04,24.91,88.1,188.19,,"Cornelius Edwin Dastin Halim, PT. NBP"
5/21/2025 19:46,2021,Maret,Provinsi Jawa Barat,Kota Bekasi,601272-PT Bank Perekonomian Rakyat Aditama Arta,601272-PT Bank Perekonomian Rakyat Aditama Arta,32265754,28576702,18516123,14556457,23577551,20059933,6365723,5949407,"-77,520",167362,10.46,61.3,7.26,100,0.57,47.93,60.5,98.98,"Pitua Simanjuntak, Teruna Jaya Tarigan","I Gede Hartadi Kurniawan, Mayson Manurung, I GEDE HARTADI KURNIAWAN"
5/21/2025 19:46,2021,Maret,Provinsi Jawa Barat,Kota Bekasi,601271-PT Bank Perekonomian Rakyat Karinamas Permai,601271-PT Bank Perekonomian Rakyat Karinamas Permai,36426997,37574049,16040968,21041415,31883406,33688320,1620947,1008200,322644,277529,15.53,22.01,10.12,100,1.01,14.21,54.67,77.78,Yenedrifel,"Mery Christina, Ikhwan Hidayat, Rudy Wijaya"
5/21/2025 19:47,2021,Maret,Provinsi Jawa Barat,Kota Bekasi,601263-PT Bank Perekonomian Rakyat Danasari Persada,601263-PT Bank Perekonomian Rakyat Danasari Persada,25882120,29796196,18270959,22439119,18449082,22984813,1302456,584010,130582,227373,10.14,59,7.96,100,2.37,51.05,78.05,86.67,"MARIHOT SITUMORANG, TULUSAN PURBA","ONG TINA HARMADI, CHARLON SINAMBELA, Lukman Siregar"
5/21/2025 19:47,2021,Maret,Provinsi Jawa Barat,Kota Bekasi,601282-PT. BPR Arthasraya Sejahtera,601282-PT. BPR Arthasraya Sejahtera,0,0,0,0,0,0,0,0,0,0,0,0,0,0,0,0,0,0,,
5/21/2025 19:47,2021,Maret,Provinsi Jawa Barat,Kota Bekasi,601298-PT. BPR Bina Dian Citra,601298-PT. BPR Bina Dian Citra,0,0,0,0,0,0,0,0,0,0,0,0,0,0,0,0,0,0,,
5/21/2025 19:47,2021,Maret,Provinsi Jawa Barat,Kota Bekasi,600705-PT. BPR Ulima Djumpa Marom,600705-PT. BPR Ulima Djumpa Marom,2452952,2645538,1653530,1818635,294593,509616,14873,63165,53486,"-17,243",13.02,140.22,9.84,100,0.93,260.18,70.7,95.53,Shinta J Butar Butar,"V Parulian Butar Butar, Julius Butar Butar, Shinta J Butar Butar, Rahmi Maryana Butar Butar, Ria Noviari Butar Butar, Sam Omarom Butar Butar"
5/21/2025 19:47,2021,Maret,Provinsi Jawa Barat,Kota Bekasi,601255-PT. BPR Genades Putranindo,601255-PT. BPR Genades Putranindo,3279563,3347083,2029090,2093445,220256,283053,"-136,721","-132,648",-36,614,3.97,144.61,2.22,100,0,47.07,62.49,99.52,,
5/21/2025 19:47,2021,Maret,Provinsi Jawa Barat,Kota Bekasi,601275-PT Bank Perekonomian Rakyat Kranji Krida Sejahtera,601275-PT Bank Perekonomian Rakyat Kranji Krida Sejahtera,37792520,35202828,24565066,24317045,33266085,30808692,1934035,1857839,192400,136297,4.85,16.23,7.03,99.17,0.53,34.63,69.48,87.68,"AGUNG BUNTARAN, SUKOLIS","EDY SUKARNO, ANDI DEWI MADANING"
5/21/2025 19:47,2021,Maret,Provinsi Jawa Barat,Kota Bekasi,601279-PT Bank Perekonomian Rakyat Artha Sarana Abadi,601279-PT Bank Perekonomian Rakyat Artha Sarana Abadi,53434642,53646877,31359502,33909442,42711214,43192991,3483085,3234562,240343,219324,18.16,41.53,11.05,100,1.33,16.4,59.99,92.99,"SOEBROTO GONDO, MOAWIYAH HASYIM","DRS. Syarifuddin HM, Farai Tody"
5/21/2025 19:47,2021,Maret,Provinsi Jawa Barat,Kota Bekasi,601281-PT. BPR Alsaba Prima,601281-PT. BPR Alsaba Prima,3720321,4429196,972667,2035105,2887855,4062581,"-4,717,063","-3,784,083","-252,446","-171,277",26.36,55.75,13.22,100,-7.06,79.88,33.67,222.75,"Yaya Achyadi, SE","Doddy Indrayadhie, Yeti Nurhayati, Entih Waasiah, Reina Rasyidah, Wahyono Bintarto, Ernawati Saleh, Reza Saleh, Zulaiha Marlan, Iskadir Chottob, Ety Satriawati, lain lain"
5/21/2025 19:47,2021,Maret,Provinsi Jawa Barat,Kota Bekasi,601290-PT Bank Perekonomian Rakyat Mitra Sejahtera Lestari,601290-PT Bank Perekonomian Rakyat Mitra Sejahtera Lestari,24772198,23429642,9496233,5015314,23324514,21931251,"-3,896,530","-2,234,837",44822,"-366,164",31.63,14.42,8.47,100,-5.79,0,0,149.27,"Kisnandar, SH","ABDUL CHAMID, Junaidi Adinata, Koperasi karyawan Bank  Yudha Bhakti, Syahril Yoserizal, Abdul Chamid, Drs. Muhamad Sugito, MM"
5/21/2025 19:47,2021,Maret,Provinsi Jawa Barat,Kota Bekasi,601292-PT BPR Hosing Jaya,601292-PT BPR Hosing Jaya,55772165,60799723,35832368,44107454,46471987,49521338,5600352,7414679,600590,764470,4.31,22.77,3.02,100,5,8.02,67.55,77.3,"HARRY ARMANSYAH, PUTRI RETNO PAMUNGKAS SE","AGUS PURNOMO SUDIYANTO, ERWIN PRASETIO, PT SAUDARAJAYA ABADI, '', '', '', '', '', '', '', '', ''"
5/21/2025 19:47,2021,Maret,Provinsi Jawa Barat,Kota Bekasi,601905-PT. BPR Bumibekasi Artha,601905-PT. BPR Bumibekasi Artha,0,0,0,0,0,0,0,0,0,0,0,0,0,0,0,0,0,0,,
5/21/2025 19:47,2021,Maret,Provinsi Jawa Barat,Kota Bekasi,601306-PT Bank Perekonomian Rakyat Bekasi Binatanjung Makmur,601306-PT Bank Perekonomian Rakyat Bekasi Binatanjung Makmur,21255832,20084688,10655843,10735913,14770322,13730295,260755,116610,26769,39797,10.47,59.1,8.94,100,0.66,50.23,65.46,96.43,"Hiras Lumban Tobing, Merry Komariah","Bachtiar Sonda, Hasran Maria Br H"
5/21/2025 19:47,2021,Maret,Provinsi Jawa Barat,Kota Bekasi,601308-PT Bank Perekonomian Rakyat Varia Centralartha,601308-PT Bank Perekonomian Rakyat Varia Centralartha,51681842,44705427,32164703,32103130,34867221,29270728,278409,"-1,117,182",280752,296421,10.92,58.46,7.53,100,3.26,8.61,76.68,63.03,"PAULUS RASUBALA, EDI SUKMAYADI","FELICIA HAKIM, PT. HAKIM PUTERA PERKASA"
5/21/2025 19:47,2021,Maret,Provinsi Jawa Barat,Kota Bekasi,601309-PT Bank Perekonomian Rakyat Arta Pundi Mekar,601309-PT Bank Perekonomian Rakyat Arta Pundi Mekar,77819531,44861094,64600112,39202581,69908470,38044365,4018424,3269920,612637,266809,0.64,22.78,0.77,100,2.31,13.15,85.62,87.46,YOHANES KURNIAWAN KRISTIANTO,"ROBERT HUTABARAT, SE,MM, ANDRI WIDYA LESTARI, ANGELA LEW DERMAWAN"
5/21/2025 19:47,2021,Maret,Provinsi Jawa Barat,Kota Bekasi,601321-PT Bank Perekonomian Rakyat Sumber Artha Rahayu,601321-PT Bank Perekonomian Rakyat Sumber Artha Rahayu,19905610,18671474,12675584,14476425,15408810,14606912,2258630,1841625,37702,22469,12.95,42.87,12.76,100,2.42,40.38,69.18,89.14,"MARTHA SANDA TODING, APRIATI NININGSI R","BAMBANG MEI SETIAWAN, YOSHUANIEL TODING"
5/21/2025 19:47,2021,Maret,Provinsi Jawa Barat,Kota Bekasi,601805-PT. BPR Danatama Indonesia,601805-PT. BPR Danatama Indonesia,17412529,25380373,10221299,12572272,19389151,18696156,"-7,861,940","-4,952,159","-6,284,682","-533,624",40.26,-12.19,50.7,100,-35.81,22.08,91.27,875.47,RAHADIYANTO SETIAWAN,
5/21/2025 19:47,2021,Maret,Provinsi Jawa Barat,Kota Bekasi,601316-PT. BPR Dian Faraqo Gemilang,601316-PT. BPR Dian Faraqo Gemilang,70486914,66008484,40727315,43477982,65499231,62545077,1485838,1305474,401845,151260,5.55,13.03,5.26,100,0.55,31,72.64,97.87,"RATIH SUSILOWATY PANUT, ACHMAD SORYA GERHANTARA","IMAM PRAWOTO, MOEYADI BOEDIHARDJO, Imam Prawoto, Reyno Yoana"
5/21/2025 19:48,2021,Maret,Provinsi Jawa Barat,Kota Bekasi,601794-PT Bank Perekonomian Rakyat Mitra Ekonomi Andalas,601794-PT Bank Perekonomian Rakyat Mitra Ekonomi Andalas,18222001,17932628,15379609,15825970,13158049,13429866,1475595,752537,"-11,643",250225,4.79,31.67,4.91,100,4.95,15.03,97.65,81.01,"Edison, Khairul","EH. Nizar DT. Kayo, Abrar Agust"
5/21/2025 19:48,2021,Maret,Provinsi Jawa Barat,Kota Bekasi,601883-PT Bank Perekonomian Rakyat Bangun Solusi Bersama,601883-PT Bank Perekonomian Rakyat Bangun Solusi Bersama,11591439,9620781,5970784,5280566,4957046,3873913,2069812,1246958,58464,"-6,207",14.53,112.19,11.38,100,2.05,66.4,57.16,83.94,"Drs. YUSRA, MM, ZULKIFLI MUCHTAR, SE","Ir. YETTY IFNELDY, MBA, SUSANTI, SE"
5/21/2025 19:48,2021,Maret,Provinsi Jawa Barat,Kota Bekasi,602035-PT Bank Perekonomian Rakyat Wingsati,602035-PT Bank Perekonomian Rakyat Wingsati,122995947,115216756,98877532,96106177,101336539,94987179,12990518,11461081,1018890,1118496,19.03,33.62,17.5,100,3.56,15.71,88.12,80.21,"I KETUT BAGIARTHA, SH, RAININGSIH SEDANA","NYOMAN BUDIYADNYA, I KETUT ARTHA"
5/21/2025 19:48,2021,Maret,Provinsi Banten,Kab. Lebak,600611-PD. BPR LPK Cipanas,600611-PD. BPR LPK Cipanas,0,0,0,0,0,0,0,0,0,0,0,0,0,0,0,0,0,0,,
5/21/2025 19:48,2021,Maret,Provinsi Banten,Kab. Lebak,600607-PD. BPR LPK Malingping,600607-PD. BPR LPK Malingping,0,0,0,0,0,0,0,0,0,0,0,0,0,0,0,0,0,0,,
5/21/2025 19:48,2021,Maret,Provinsi Jawa Barat,Kota Bekasi,602591-PT Bank Perekonomian Rakyat Karya Bakti Sejahtera,602591-PT Bank Perekonomian Rakyat Karya Bakti Sejahtera,23431015,24490233,18593142,19990658,17580913,18930885,2771512,2400324,68590,199024,3.1,60.72,2.8,115.33,1.23,10.35,83.22,93.98,"Eko Nuryanto, Lauw Sumiwati","Jacky Hardi, Tjong Hendriyanto"
5/21/2025 19:48,2021,Maret,Provinsi Jawa Barat,Kab. Pangandaran,600369-Perumda BPR BKPD Pangandaran,600369-Perumda BPR BKPD Pangandaran,48180141,49796492,25630341,32655457,41391941,42930094,476121,188844,"-135,473",267771,6.28,24.99,11.01,100,0.23,30.69,60.98,98.02,"AANG ISMAIL, YANA MAULANA",
5/21/2025 19:48,2021,Maret,Provinsi Jawa Barat,Kab. Pangandaran,600332-Perumda BPR BKPD Cijulang,600332-Perumda BPR BKPD Cijulang,8179174,8597200,4158731,4927740,4194365,4578928,1034428,1024428,1931,45394,5.01,82.32,8.84,104.21,-0.34,66.82,57.82,100.28,"NANDANG ROCHYAT,SE, SULAEMAN",KABUPATEN PANGANDARAN
5/21/2025 19:48,2021,Maret,Provinsi Banten,Kab. Lebak,600609-PT BPR Lebak Sejahtera,600609-PT BPR Lebak Sejahtera,50524792,45272503,37337889,37385877,31798443,29692245,3121379,0,1033282,1008570,5.92,39.83,3.76,100,8.27,37.25,94.29,63.84,"ABDUL MUKTI, ELLY BURHANUDIN","IMAN SANTOSO, ENDANG RASYIDIN ILYAS, PEMERINTAH DAERAH KABUPATEN LEBAK"
5/21/2025 19:48,2021,Maret,Provinsi Banten,Kab. Pandeglang,600613-PT BPR Berkah (Perseroda),600613-PT BPR Berkah (Perseroda),176281353,155353518,146290136,128818883,156575529,136644802,0,0,1812599,1992013,0.97,21.09,2.31,100,4.88,21.3,94.77,78.33,"JAENUDIN, KIKI DIKDUL HUDA","TRI WASKITO BUDININGRAT, TATI SUWAGIHARTI, PEMERINTAH KAB PANDEGLANG"
5/21/2025 19:48,2021,Maret,Provinsi Banten,Kab. Serang,601362-PT BANK PEREKONOMIAN RAKYAT LAMBANG GANDA,601362-PT BANK PEREKONOMIAN RAKYAT LAMBANG GANDA,33405934,39428862,20862279,28124054,21474892,26318426,3970058,4872537,791625,1312167,4.5,35.33,2.6,100,6.81,35.33,77.49,61.11,"RUSLAN SIMAMORA, S.T.","RUKIAH MARIANI TAMBUNAN, WARIYANA, A.MD., LUCERIA SIAGIAN"
5/21/2025 19:49,2021,Maret,Provinsi Banten,Kab. Tangerang,600020-PT Bank Perekonomian Rakyat Marcorindo Perdana,600020-PT Bank Perekonomian Rakyat Marcorindo Perdana,28889895,32735157,17421257,19151995,23066771,27170109,3335667,3079648,87457,85400,6.06,54.68,3.42,100,1.03,4.31,65.83,94.06,"FAISAL ACHMAD, SYAMSURIZAL","DICKY OSSA SOERYADI, ABDUL SALAM CHASLAN, DICKY OSSA SOERYADI"
5/21/2025 19:49,2021,Maret,Provinsi Banten,Kab. Tangerang,600101-PT BPR Sisibahari Dana,600101-PT BPR Sisibahari Dana,0,0,0,0,0,0,0,0,0,0,0,0,0,0,0,0,0,0,,
5/21/2025 19:49,2021,Maret,Provinsi Banten,Kab. Tangerang,600035-PT Bank Perekonomian Rakyat Pusaka Dana,600035-PT Bank Perekonomian Rakyat Pusaka Dana,27976447,27822206,16235851,21921261,17617571,16227926,2648956,3465342,505944,924962,7.64,67.14,3.15,100,11.94,67.37,60.52,70.55,"GUNUNG SIAGIAN, NURHAINI","ANTONIUS SIAGIAN, WARIYANA, LUCERIA SIAGIAN"
5/21/2025 19:49,2021,Maret,Provinsi Banten,Kab. Tangerang,600047-PT Bank Perekonomian Rakyat Ragam Peranmandiri,600047-PT Bank Perekonomian Rakyat Ragam Peranmandiri,6996148,6854374,2294913,2445067,189450,195299,1736981,1772962,29717,86113,16.74,221.77,5.05,100,2.13,121.93,36.75,84.33,ABDUL RACHIM,FREDERICK RACHMAT
5/21/2025 19:49,2021,Maret,Provinsi Banten,Kab. Serang,600343-PT Bank Perekonomian Rakyat Serang (Perseroda),600343-PT Bank Perekonomian Rakyat Serang (Perseroda),574393163,584792490,453781346,454524478,497217972,509768208,0,0,3420035,3510616,4.63,25.85,5.79,94.83,2.65,27.37,85.83,84.84,"ACEP HERI SUHANA, TEGUH IMAN DARMAWAN, DADI SURYADI","MOHAMAD TAHYAR, KABUPATEN SERANG, PEMPROV. BANTEN, PEMPROV. JAWA BARAT, PT. BJB"
5/21/2025 19:49,2021,Maret,Provinsi Banten,Kab. Tangerang,600082-PT Bank Perekonomian Rakyat Aneka Danaraya,600082-PT Bank Perekonomian Rakyat Aneka Danaraya,8656069,11836129,3648366,6157540,2953495,5579540,1866133,2361832,"-63,559","-5,243",20.3,132.88,10.47,100,-4.65,87.26,45.13,132.91,"SANIATMA ADINOTO, ALBERTUS SUSILO","KRISTIAN KAWIRAN, GOEI ELVIAN KERTOJOYO, Tidak terdapat ultimate shareholder"
5/21/2025 19:49,2021,Maret,Provinsi Banten,Kab. Tangerang,600093-PT BPR Gita Makmur Utama,600093-PT BPR Gita Makmur Utama,124713227,119052743,66419838,68931102,110620744,104221173,711244,959074,"-380,480",210777,8,39.05,3.91,180,-0.51,7.67,56.56,103.16,"SRI WAHJUNINGSIH, LISA ANDRIANI","KARTIKA DEWI, SOESILO BASOEKI, ANTON SULEIMAN, TIMOTY E MARNANDUS, KARTIKA DEWI, ERNY UTAMA, JUNY PUSPITA"
5/21/2025 19:49,2021,Maret,Provinsi Banten,Kab. Tangerang,600079-PT. BPR Lestari Banten,600079-PT. BPR Lestari Banten,186413426,141019050,62036686,62323148,167577815,126900131,"-630,421","-2,839,466",756442,643385,4.44,32.95,1.45,100,1.92,12.57,36.9,84.17,"NI PUTU EKA DESYANTI, NI MADE HERLINDA DWI YANTINI","FANTY, ONTARYO CHANDRA, PT LESTARI CAPITAL, ONTARYO CHANDRA, FANTY"
5/21/2025 19:49,2021,Maret,Provinsi Banten,Kab. Tangerang,600106-PT. BPR Matahari Artadaya,600106-PT. BPR Matahari Artadaya,10805787,10734212,5334212,5440151,4361514,4144779,"-234,596","-160,350","-56,131",14783,8.06,159.6,9.42,100,-0.61,59.69,56.97,108.54,"Drs. Akhmad H. Abubakar M.M., Herwin Kurniawan S.E., M.M.","Dr. Ir. H. Muchdie M.S., Denny Nuryadi, S.E., M.Si."
5/21/2025 19:49,2021,Maret,Provinsi Banten,Kab. Tangerang,600144-PT Bank Perekonomian Rakyat Kemuning Mitra Cemerlang,600144-PT Bank Perekonomian Rakyat Kemuning Mitra Cemerlang,51277265,50437656,43136833,41986449,37795606,37812902,5800670,5050026,480989,374728,2.8,51.06,2.49,100,2.02,23.78,90.46,87.38,"K. Abriansyah H, Ali Arifin","Sugihartono, Salsallya DC Ginting"
5/21/2025 19:49,2021,Maret,Provinsi Banten,Kab. Tangerang,600152-PT. BPR Makmur Merata,600152-PT. BPR Makmur Merata,14185697,13267038,11610948,10669021,8460032,7225308,"-343,333",431405,18998,"-389,675",13.41,45.18,12.02,100,0.15,14.87,87.14,96.29,"EMMA CHRISTDORA, NANANG KRISTIONO","EDY SUKARNO, BUDI WIRANTO"
5/21/2025 19:49,2021,Maret,Provinsi Banten,Kab. Tangerang,601304-PT. BPR Cita Makmur Lestari,601304-PT. BPR Cita Makmur Lestari,0,0,0,0,0,0,0,0,0,0,0,0,0,0,0,0,0,0,,
5/21/2025 19:49,2021,Maret,Provinsi Banten,Kab. Tangerang,600266-PT BPR EDCCASH,600266-PT BPR EDCCASH,17603707,13202926,4182034,6538431,12008292,14284197,"-11,730,992","-8,659,621","-558,630","-1,306,687",22.21,58.98,20,100,52.77,34.37,35.92,321.73,Rellavianita,"Ir Hariyadi BS Sukamdani, Ibrahim Sarasin Soegomo, ABDULRAHMAN YSUF, RATU BIJAK LESTARI"
5/21/2025 19:49,2021,Maret,Provinsi Banten,Kab. Tangerang,601789-PT BPR Mandiri Berkarya Sentosa,601789-PT BPR Mandiri Berkarya Sentosa,0,0,0,0,0,0,0,0,0,0,15.06,28.83,11,100,-7.79,34.24,65.35,189.85,LILIANY,"JONY MULYAWAN, HENDRI WIRJA KUSUMA"
5/21/2025 19:50,2021,Maret,Provinsi Banten,Kab. Tangerang,601259-PT. BPR Fidusia Civitas,601259-PT. BPR Fidusia Civitas,45749198,45815260,34090918,37022738,39446766,40287593,1981804,885203,120628,442464,13.91,22.11,10.77,100,2.94,20.36,84.28,83.37,"YUSAK PETER, TATA ZULKARNAEN","BACHTIAR MANGASI MARBUN, H. IMRAN DANI, DRS.MM, BACHTIAR MANGASI MARBUN, HARDY YUNNARAGA, KESIANNA SILITONGA"
5/21/2025 19:50,2021,Maret,Provinsi Banten,Kab. Tangerang,600414-PT Bank Perekonomian Rakyat Kuta Bumi Sidomukti,600414-PT Bank Perekonomian Rakyat Kuta Bumi Sidomukti,13935698,13683355,11390938,12391627,7484559,7433979,1143973,876018,"-92,834","-26,642",16.81,81.4,16.9,100,1.65,18.21,88.45,93.02,"RAHMA LIA, MUHAMAD ISKANDAR ZAINUDIN","ANTONIUS TEDDY S., RAHMA LIA"
5/21/2025 19:50,2021,Maret,Provinsi Banten,Kab. Tangerang,602079-PT BPR ZAKA MITRA,602079-PT BPR ZAKA MITRA,0,0,0,0,0,0,0,0,0,0,0,0,0,0,0,0,0,0,,
5/21/2025 19:50,2021,Maret,Provinsi Banten,Kab. Tangerang,601265-PT Bank Perekonomian Rakyat Cahaya Arthasejati,601265-PT Bank Perekonomian Rakyat Cahaya Arthasejati,72774372,68184367,23806255,19690369,63691421,59625041,530370,278991,152581,"-119,665",0,44.88,0,100,0.72,12.9,33.28,92.39,"Siska Patrajaya, Asri Nurhidayat","Anton, Drs. Abdul Kholiq"
5/21/2025 19:50,2021,Maret,Provinsi Banten,Kab. Tangerang,601261-PT Bank Perekonomian Rakyat Dassa,601261-PT Bank Perekonomian Rakyat Dassa,420986261,486372926,372388679,435085258,355707235,425034284,18767949,11408975,1287919,4706509,0.87,19.32,0.61,100,2.35,11.99,103.23,91.23,"Inge Djawanto, Tb. Sidik Jaya Permana, Boyzar Lukman","Agus Hendarto, Ong Tek Tjan, Handoko A Tanuadji"
5/21/2025 19:50,2021,Maret,Provinsi Banten,Kota Cilegon,601790-PT. BPR Cakra Dharma Arthamandiri,601790-PT. BPR Cakra Dharma Arthamandiri,0,0,0,0,0,0,0,0,0,0,0,0,0,0,0,0,0,0,,
5/21/2025 19:50,2021,Maret,Provinsi Banten,Kab. Tangerang,601295-PT. BPR Vinski Mukti Arta,601295-PT. BPR Vinski Mukti Arta,12889684,14085703,8014259,8982864,9640912,10803057,"-3,267,546","-2,863,114",22542,"-198,016",8.41,54.49,9.2,100,-1.37,23.65,76.75,110.67,"BOBBY RAMADES, SE, ANIK JUMIARSIH","TOMY INDRA, TANTAWI DJAUHARI, '', '', '', '', '', '', '', '', ''"
5/21/2025 19:50,2021,Maret,Provinsi Banten,Kab. Tangerang,601902-PT Bank Perekonomian Rakyat Prima Kredit Mandiri,601902-PT Bank Perekonomian Rakyat Prima Kredit Mandiri,156466939,174489948,124781766,134439829,128572929,149216014,12275340,10628781,918670,548353,5.31,39.31,5.42,96.02,2.59,16.43,88.12,87.79,"ERWIN JINGGA, LAUW KIEM KOEN",
5/21/2025 19:50,2021,Maret,Provinsi Banten,Kab. Tangerang,601899-PT Bank Perekonomian Rakyat Muara Sumber Dana,601899-PT Bank Perekonomian Rakyat Muara Sumber Dana,11910763,9031062,6745604,5944657,7797495,5243574,"-1,140,552","-1,535,203",3820,72691,9.02,56.46,0.87,100,2.93,64.71,61.76,86.03,"I GUSTI PUTU SUYADI, MUHAMMAD AZMI","SASMITA WIJAYA, TUBAGUS UTOMO MAKMUR, SASMITA WIJAYA"
5/21/2025 19:50,2021,Maret,Provinsi Banten,Kab. Tangerang,602049-PT Bank Perekonomian Rakyat Karya Prima Sentosa,602049-PT Bank Perekonomian Rakyat Karya Prima Sentosa,118314903,205078076,98600929,127153555,70755808,160485989,1338312,"-941,712",1220783,533799,4.37,98.79,3.93,100,0.9,26.81,98.11,85.13,"RADHI VIANDARNO, HARJITO","ROBERT HUTABARAT, LENA ERDAWATI, HENRY SURYA"
5/21/2025 19:50,2021,Maret,Provinsi Banten,Kab. Tangerang,602577-PT Bank Perekonomian Rakyat Kerta Raharja Gemilang (Perseroda),602577-PT Bank Perekonomian Rakyat Kerta Raharja Gemilang (Perseroda),489770866,553402360,392923720,467062535,389865092,459607702,8791804,0,1813385,4494073,1.66,31.69,8.47,100,1.4,43.02,92.89,91.53,"AI SUHERLAN, UUS MUSTAUDIE, DENI SETIA WAHYUDI","MOHAMAD TAHYAR, PEMDA KABUPATEN TANGERANG, PEMERINTAH PROVINSI BANTEN, PT BANK BJB, PEMERINTAH PROVINSI JAWA BARAT"
5/21/2025 19:50,2021,Maret,Provinsi Banten,Kab. Tangerang,602063-PT BPR Surya Prima Persada,602063-PT BPR Surya Prima Persada,89848669,60639335,70114380,45251991,64678093,38224026,5685158,3764822,885418,50487,15.03,90.47,9.26,100,4.09,7.81,83.89,71.66,"RESTU MAHANANI, HARTINI","Robert Hutabarat, SE,MM, Lena Erdawati, HENRY SURYA, THOMAS WIJAYA LESMANA"
5/21/2025 19:50,2021,Maret,Provinsi Banten,Kota Cilegon,601322-PT Bank Perekonomian Rakyat Laksana Binacilegon,601322-PT Bank Perekonomian Rakyat Laksana Binacilegon,36548058,26411448,18638545,20087572,29553031,19746563,0,2894700,548401,534219,8.21,23.47,16.42,100,6.11,28.71,65.42,84.82,"Drs Agus Sungudi, Patriotika Mandala Surya SE. CRBD. CRBC","Abigail Clarissa Saurma, Mohamad Tahyar, ST, M. SI, PM ARITONANG"
5/21/2025 19:50,2021,Maret,Provinsi Banten,Kota Cilegon,600066-PT Bank Perekonomian Rakyat Lumbung Mekar Fortuna,600066-PT Bank Perekonomian Rakyat Lumbung Mekar Fortuna,6152576,5606015,2722687,1951359,2723294,4568819,"-2,420,286","-2,399,390","-551,932",35086,22.88,99.61,10.81,100,-9.34,34.17,108.71,401.55,DWI AGUS BUDIARTO,"RANDY ANDREAS, EDDY SUSANTO"
5/21/2025 19:51,2021,Maret,Provinsi Banten,Kota Tangerang,600313-PT Bank Perekonomian Rakyat Ragasakti,600313-PT Bank Perekonomian Rakyat Ragasakti,72727148,60846062,56721186,49414119,64152909,52861867,1348729,830722,1225510,1153473,5.78,18.82,5.37,100,7.75,7.43,83.09,65.32,"KUNTANTO, WARYONO","ANDREAS HERYJANTO GONDOSEPUTRO, ANO KURNIADI, '', '', '', '', '', '', '', '', ''"
5/21/2025 19:51,2021,Maret,Provinsi Banten,Kota Tangerang,600089-Bank Perekonomian Rakyat Hariarta Sedana,600089-Bank Perekonomian Rakyat Hariarta Sedana,243138620,206941185,152170098,144633742,207844388,172458230,5318022,6716553,1700610,2108802,2.92,25.07,1.23,100,2.42,22.24,65.47,83.13,"IR GEDE YUDHA MM, DOLY PURBA, NANI NAJIAH","DRS KETUT SETHYON, BANGBANG PURNAWAN, DRS MADE LINGGA"
5/21/2025 19:51,2021,Maret,Provinsi Banten,Kab. Tangerang,602637-PT. BPR Athena Surya Prima,602637-PT. BPR Athena Surya Prima,32933757,35448633,19491101,20445507,26777903,29445308,3725494,3460639,30360,142686,9.49,29.5,6.4,100,1.24,9.5,65.86,90.58,"ARYA SUTADI, IVAN","ANTONIUS TEDDY S., ERLINA MARGARETH, ANTONIUS TEDDY S., FRANSISKUS FREDY S."
5/21/2025 19:51,2021,Maret,Provinsi Banten,Kota Tangerang,600408-BANK PEREKONOMIAN RAKYAT MAHKOTA ARTHA SEJAHTERA,600408-BANK PEREKONOMIAN RAKYAT MAHKOTA ARTHA SEJAHTERA,79206503,61676095,62138423,54926155,69390000,52907250,2943498,2062778,705050,538112,8.27,32.18,6.31,100,2.32,15.31,88.77,83.58,"SURJADI SJARIFFUDIN, ARIE KANADJARA","MARLINI, SUTIYONO, NIHIL"
5/21/2025 19:51,2021,Maret,Provinsi Banten,Kota Tangerang,601143-PT BANK PEREKONOMIAN RAKYAT MITRA NATAPALA,601143-PT BANK PEREKONOMIAN RAKYAT MITRA NATAPALA,34322025,34515706,15872245,23791740,29623378,30710445,307915,"-885,782",17032,317343,15.54,23.76,11.39,100,3.39,34.05,48.68,82.31,ANDY RUSWANTO,JUWONO FX
5/21/2025 19:51,2021,Maret,Provinsi Banten,Kota Tangerang,600316-PT Bank Perekonomian Rakyat Darbeni Rizki,600316-PT Bank Perekonomian Rakyat Darbeni Rizki,49549042,48067207,39712192,40116190,40934305,39409821,707288,1261797,173782,361922,5.9,27.45,7.13,100,2.55,15.95,88.08,91.67,ERLINA YULIYANTI,"SYAFRIMAN, disi"
5/21/2025 19:51,2021,Maret,Provinsi Banten,Kota Tangerang,601251-PT. BPR Multi Paramindo Abadi,601251-PT. BPR Multi Paramindo Abadi,0,0,0,0,0,0,0,0,0,0,0,0,0,0,0,0,0,0,,
5/21/2025 19:51,2021,Maret,Provinsi Banten,Kota Tangerang,601277-PT. BPR Timika Dinamika Sarana,601277-PT. BPR Timika Dinamika Sarana,0,0,0,0,0,0,0,0,0,0,0,0,0,0,0,0,0,0,,
5/21/2025 19:51,2021,Maret,Provinsi Banten,Kota Tangerang,601145-Bank Perekonomian Rakyat Ciledug Dhana Semesta,601145-Bank Perekonomian Rakyat Ciledug Dhana Semesta,60432975,54929792,44085234,45002989,50074472,44935702,4173312,3753125,185191,240965,8.3,49.28,6.6,100,1.4,26.09,77.89,91.74,"Ir. Ketut Arsana, Arida Adriantari, SE","Budi Setiawan, MBA, Heru Gunadi, MM, Budi Setiawan, MBA, Dwiandari Waskitarini, Adi Pranoto Leman, Ir. I Ketut Arsana, Drs. Soewondo, Susetyo Arifin, MBA, Arida Edriantari, SE"
5/21/2025 19:51,2021,Maret,Provinsi Banten,Kota Tangerang,601144-PT Bank Perekonomian Rakyat Pinang Artha,601144-PT Bank Perekonomian Rakyat Pinang Artha,38891546,38208021,23443045,24658146,31442986,31577145,"-5,028,940","-4,413,360",262933,210374,6.02,40.6,9.44,97.83,0.73,25.4,68.36,94.86,"ELMIKO SARIRAHMADHONI, RACHMAT HIDAYAT","ISMUNDARTI, LAKSMI INDIRA KUSUMASTUTI"
5/21/2025 19:51,2021,Maret,Provinsi Banten,Kota Tangerang,601318-PT. BPR Lumasindo Perkasa Putra,601318-PT. BPR Lumasindo Perkasa Putra,0,0,0,0,0,0,0,0,0,0,0,0,0,0,0,0,0,0,,
5/21/2025 19:51,2021,Maret,Provinsi Banten,Kota Tangerang,602080-PT BPR PALAPA NUSARAYA,602080-PT BPR PALAPA NUSARAYA,0,0,0,0,0,0,0,0,0,0,0,0,0,0,0,0,0,0,,
5/21/2025 19:51,2021,Maret,Provinsi Banten,Kota Tangerang,602603-PT BPR Vox Modern Danamitra,602603-PT BPR Vox Modern Danamitra,0,0,0,0,0,0,0,0,0,0,0,0,0,0,0,0,0,0,,
5/21/2025 19:51,2021,Maret,Provinsi Banten,Kota Tangerang,602078-PT BPR BERLIAN SEJATI,602078-PT BPR BERLIAN SEJATI,0,0,0,0,0,0,0,0,0,0,0,0,0,0,0,0,0,0,,
5/21/2025 19:51,2021,Maret,Provinsi Banten,Kota Tangerang,601243-PT. BPR Niaga Mandiri,601243-PT. BPR Niaga Mandiri,24463812,24187964,18202326,16120923,16574733,17052160,"-1,336,246","-2,386,636","-74,675",222440,27.45,42.05,20.19,100,2.95,20.34,81.61,89.9,"Parlindungan Simanjuntak, John Piter Sibarani","Drs. Basirun Sianipar , MM, Sudirman Marpaung"
5/21/2025 19:51,2021,Maret,Provinsi Banten,Kota Tangerang,600085-PT. BPR Dana Niaga,600085-PT. BPR Dana Niaga,64766600,58843984,40207169,40038395,56969799,51630447,1154568,755535,245660,61429,4.01,33,2.67,100,1.29,24.19,71.23,91.52,,
5/21/2025 19:51,2021,Maret,Provinsi Banten,Kota Tangerang Selatan,600150-PT BPR Bintang Ekonomi Sejahtera,600150-PT BPR Bintang Ekonomi Sejahtera,0,0,0,0,0,0,0,0,0,0,0,0,0,0,0,0,0,0,,
5/21/2025 19:51,2021,Maret,Provinsi Banten,Kota Tangerang,602469-PT Bank Perekonomian Rakyat Magga Jaya Utama,602469-PT Bank Perekonomian Rakyat Magga Jaya Utama,345311360,361016708,276146158,284562652,319882996,335783413,17724311,18133291,504053,300004,3.41,26.34,2.53,100,0.38,6.96,83.07,94.7,"Edy Johan, Reny Rahardja","Njo Hendwi Wijaya, Johannes Setiadharma, Sudhamek Agoeng Waspodo Soenjoto, Jo Daud Dharsono, Sendjaja Widjaja, Amin, Budiman, Njo Hendwi Wijaya"
5/21/2025 19:52,2021,Maret,Provinsi Banten,Kota Tangerang,601291-PT BPR ARTA JAKARTA,601291-PT BPR ARTA JAKARTA,14548029,13889851,11856184,8251884,11036128,10608436,"-1,490,700","-1,766,554",61192,106560,4.47,32.49,3.12,100,14.41,17.75,88.88,88.6,"Fajri, Khodri Hariyadi","Agus Riyanto, Mustimar Karimi"
5/21/2025 19:52,2021,Maret,Provinsi Banten,Kota Tangerang,601300-PT Bank Perekonomian Rakyat Rifi Maligi,601300-PT Bank Perekonomian Rakyat Rifi Maligi,25735166,25146080,20481261,16878409,19885630,18677555,3535950,4231030,"-86,414","-162,505",7.56,38.32,5.43,100,-2.56,6.72,94.23,113.53,"KIMNADI, CHEN TJEN (B.PRAJITNO)","DJAJA HENDRAWAN, EVA ROSIANA"
5/21/2025 19:52,2021,Maret,Provinsi Banten,Kota Tangerang,601299-PT Bank Perekonomian Rakyat Artadamas Mandiri,601299-PT Bank Perekonomian Rakyat Artadamas Mandiri,25783179,23252865,11205536,10842746,14175502,11930047,9044534,8832965,163143,89853,7.08,135.09,2.85,100,1.22,5.75,47.7,91.61,"Cindy Mergan, Ir. Erlyn Roosmawati","Drs. Suradi Toha, MM, Ir. Zinsari, MM"
5/21/2025 19:52,2021,Maret,Provinsi Banten,Kota Tangerang,601293-PT Bank Perekonomian Rakyat Kreo Lestari,601293-PT Bank Perekonomian Rakyat Kreo Lestari,110380452,36098913,89185554,28579689,77081526,26749359,19312723,4671122,486203,178432,5.45,34.7,4.05,100,3.02,9.87,86.96,80.02,"AHMAD HIDAYAT, SE, SUSILO PRIYANDOYO","AGUSTINUS WIDARMA, DRS TONI DINOTO, JUSKA SUDARTO HALIM"
5/21/2025 19:52,2021,Maret,Provinsi Banten,Kota Tangerang,601312-PT BANK PEREKONOMIAN RAKYAT BUMIDHANA,601312-PT BANK PEREKONOMIAN RAKYAT BUMIDHANA,33421430,36159399,24638538,26589923,26103272,28987289,"-18,750,175","-19,023,824",68333,195934,2.57,43.62,2.54,100,0.18,18.24,80.01,98.88,"MUHAMMAD MAULANA, GATOT MAHMURI","HERMAN PRATIKTO, IBRAHIM BIDJURI, HERMAN PRATIKTO, MUHAMMAD ILYAS, YONAS EKA PUTRA"
5/21/2025 19:52,2021,Maret,Provinsi Banten,Kota Tangerang Selatan,600127-PT Bank Perekonomian Rakyat Artha Jaya Natapala,600127-PT Bank Perekonomian Rakyat Artha Jaya Natapala,15016078,14265404,11029799,11010179,11565879,10840353,614333,574633,"-64,134","-49,582",4.51,48.42,5.16,100.01,0.28,12.57,78.21,98.62,"Rudyanto Satyadharma, Yulianti","Agus Tjondro Wijono, Ichwiraldy Azim Rachman, Tjandra Njoto Winarso"
5/21/2025 19:52,2021,Maret,Provinsi Banten,Kota Tangerang Selatan,601803-PT. BPR Makmur Artha Sedaya,601803-PT. BPR Makmur Artha Sedaya,0,0,0,0,0,0,0,0,0,0,0.06,27.69,0.87,190.48,3.36,21.78,80.34,87.05,"I WAYAN SUWIRKA, YANTO MULYANTO","IRMAYANTI, HERI SUSANTO"
5/21/2025 19:52,2021,Maret,Provinsi Banten,Kota Tangerang Selatan,600017-PT Bank Perekonomian Rakyat Akasia Mas,600017-PT Bank Perekonomian Rakyat Akasia Mas,315037288,307369459,196884497,208186124,278332004,270537720,25228109,24932593,1877175,2299146,4.02,28.77,2.97,100,3.19,16.53,74.26,78.07,"Agus SE,MM, Anwar Musadad","Victor D. Viriya, Ir Wong Budi Setiawan, Ir. Wong Budi Setiawan"
5/21/2025 19:52,2021,Maret,Provinsi Banten,Kota Tangerang Selatan,601280-PT Bank Perekonomian Rakyat Nusantara Bona Pasogit Dua Belas,601280-PT Bank Perekonomian Rakyat Nusantara Bona Pasogit Dua Belas,23729687,26578261,14231443,14075716,17667375,20296744,2891089,3417310,"-21,085","-28,101",17.08,30.99,15.8,100,-1.97,17.41,66.91,92.55,RUDY BODEWYN MANGASA TUA,"WIRASNO, ABRAHAM THEO PASABAM, PT. NUSANTARA BONA PASOGIT"
5/21/2025 19:52,2021,Maret,Provinsi Banten,Kota Tangerang Selatan,601887-PT BPR Luna Sinar Indonesia,601887-PT BPR Luna Sinar Indonesia,13039667,19099129,4291973,8225318,6893306,12817533,2114549,2508252,"-14,866",26666,31.53,93.21,16.76,100,-2.45,4.27,35.95,116.42,Sadeli Setiawan,"Ang Kie Kwan, Boedhi Surjono, Lydia Lukasanto, Ang Kie Kwan"
5/21/2025 19:53,2021,Maret,Provinsi Banten,Kota Tangerang Selatan,601301-PT Bank Perekonomian Rakyat Sehat Sejahtera,601301-PT Bank Perekonomian Rakyat Sehat Sejahtera,27286125,22492488,21162851,17870547,9410881,5444793,"-2,541,451","-3,163,987",287272,82259,1.91,89.57,2.38,100,1.06,58.91,80.58,61.4,"Mohammad Eron Siata, SH, MH, Vida Sumardiana Dadi, SE., MM","Drs. Abdul Kholiq, Dr. Ir. Sarwani, MM., MT, Dr. (HC) Drs. H.Darsono, Dr. Pranoto SE.MM, dr. Safitri Rahayu"
5/21/2025 19:53,2021,Maret,Provinsi Banten,Kota Tangerang Selatan,601325-PT Bank Perekonomian Rakyat Laksana Lestariserpong,601325-PT Bank Perekonomian Rakyat Laksana Lestariserpong,7856744,9086994,5317750,5075674,4459827,5915504,"-1,254,058","-893,419",17876,"-68,190",14.02,87.53,11.65,100,-3.25,57.8,76.99,116.27,"SUPRIADI, JODI PURWONO",
5/21/2025 19:53,2021,Maret,Provinsi Banten,Kota Tangerang Selatan,602706-PT. BPR Prima Sejahtera,602706-PT. BPR Prima Sejahtera,15318666,18375316,11899172,13082282,11904199,15141403,"-5,576,410","-5,260,697","-9,123","-505,390",19.33,59.39,11.52,96.38,-0.06,8.83,82.02,102.54,ERRY HERMAWAN,"RONNY ABDIKESUMA, THONY WIJAYA, SANARDI WIJAYA"
5/21/2025 19:53,2021,Maret,Provinsi Banten,Kota Tangerang Selatan,601285-PT Bank Perekonomian Rakyat Central Artha Rezeki,601285-PT Bank Perekonomian Rakyat Central Artha Rezeki,138762431,182036406,85057482,103680174,126766727,167695953,"-6,694,645",265600,"-1,374,656","-1,810,152",21.36,16.87,14.8,100,0,7.54,64.12,111.39,,
5/21/2025 19:53,2021,Maret,Provinsi Banten,Kota Tangerang Selatan,601234-PT BANK PEREKONOMIAN RAKYAT MARENSABANK,601234-PT BANK PEREKONOMIAN RAKYAT MARENSABANK,46164275,34842922,40401692,30546287,36736504,27060080,"-13,170,919","-15,598,015",329733,1160209,1.96,52.5,2.01,100,3.28,10.43,92.13,73.72,"Riston Simbolon, SE, MM, ACHMAD RIVAI","Drs Petronius Saragih SH, MH, MSc, Frans Zebedeus, Drs. Petronius Saragih,SH,MH, Maria Ursula Olga Pinkan Arwin, Arief Christophel Saragih"
5/21/2025 19:53,2021,Maret,Provinsi DKI Jakarta,Wil. Kota Jakarta Pusat,600010-PT Bank Perekonomian Rakyat Dana Usaha,600010-PT Bank Perekonomian Rakyat Dana Usaha,26172179,21931956,18294064,18161245,14824848,10466411,2635119,2860937,712212,754608,0,54,0,100,11.8,8.22,76.28,53.93,"FELICIA HERYANTO, WINATA","LIE HERYANTO, PELITA YANTI, LIE HERYANTO, HANNY SANTOSO"
5/21/2025 19:53,2021,Maret,Provinsi Banten,Kota Tangerang Selatan,600239-PT Bank Perekonomian Rakyat Rizky Barokah,600239-PT Bank Perekonomian Rakyat Rizky Barokah,54009562,56200074,45822500,47899281,49178545,49329965,"-835,245",0,"-902,677",301170,24.54,17.16,23.87,100,-0.53,6.19,91.38,115.58,,"Siswo Pujono, H Mohammad Amin"
5/21/2025 19:53,2021,Maret,Provinsi DKI Jakarta,Wil. Kota Jakarta Pusat,600012-PT. BPR Daya Arta,600012-PT. BPR Daya Arta,62988517,45919756,50510320,36029172,58404657,41516622,"-7,185,837","-7,662,402",199697,495536,15.37,26.32,10.11,100,0.36,10.37,83.36,96.3,"HENDRI CHANDRA, DAVID ISKANDAR","SUSILO GOETOMO, SYARIFUDDIN"
5/21/2025 19:53,2021,Maret,Provinsi DKI Jakarta,Wil. Kota Jakarta Pusat,600026-PT Bank Perekonomian Rakyat Koperindo Jaya,600026-PT Bank Perekonomian Rakyat Koperindo Jaya,23336534,13593080,7432966,430539,12476359,2563556,"-5,335,295","-4,841,227",195470,"-129,249",0,184.18,0,100,0.9,16.46,33.39,75.32,"ASTEN BERTHI YANA, ST, NENENG SUNENGSIH","DIANA WULANDARI, KOR HIN LUNG"
5/21/2025 19:53,2021,Maret,Provinsi DKI Jakarta,Wil. Kota Jakarta Pusat,600278-PT BPR Bank Sinpo,600278-PT BPR Bank Sinpo,8861589,2547160,123298,966669,8822177,2095488,"-4,685,689","-4,216,116",101,"-57,212",0.68,3.28,1.78,89.54,-13.43,2.94,15.07,241.39,SUGARYONO KURDI,"ENDANG DWININGSIH, Ultimate Share Holder"
5/21/2025 19:53,2021,Maret,Provinsi DKI Jakarta,Wil. Kota Jakarta Pusat,600048-PT. BPR Multi Sembada Dana,600048-PT. BPR Multi Sembada Dana,25702853,18128927,7181759,12273795,19073588,15858592,"-13,051,050","-9,492,064","-249,685","-379,796",36.16,61.94,10.82,100,-14.47,49.59,30.12,209.72,ROOSMIATI SUSASTRA,SUMARTONO MARDJUKI
5/21/2025 19:53,2021,Maret,Provinsi DKI Jakarta,Wil. Kota Jakarta Pusat,600843-PT. BPR Banksar Dana Loka,600843-PT. BPR Banksar Dana Loka,63120464,106848946,30271840,43607540,31062449,75399364,25853107,25130947,204908,318635,9.77,124.67,4.96,100,0.95,17.05,49.58,89.78,"FRANSISCUS HENDRA, LIRA","SANTY TJOENG, OLIVIA LIEMONTA, TJONDRO INDRIA LIEMONTA"
5/21/2025 19:54,2021,Maret,Provinsi DKI Jakarta,Wil. Kota Jakarta Pusat,600906-PT Bank Perekonomian Rakyat Bahana Ekonomi Sentosa,600906-PT Bank Perekonomian Rakyat Bahana Ekonomi Sentosa,189882724,144176363,109262533,99281854,172386485,128622710,504181,"-1,682,790",461278,705663,3.59,23.26,2.21,100,1.56,19.65,63.36,88.6,"INDRA NOVANDI, YEPI HENDARMAN","JONY MULYAWAN, HENDRI WIRJA KUSUMA"
5/21/2025 19:54,2021,Maret,Provinsi DKI Jakarta,Wil. Kota Jakarta Pusat,600822-PT Bank Perekonomian Rakyat Kartini,600822-PT Bank Perekonomian Rakyat Kartini,5586666,9386600,1912277,4226872,3236471,6314356,"-2,065,771","-1,273,136","-118,787","-189,373",51.46,105.96,14.2,145.7,-6.31,66.91,35.25,158.78,"JONKI MULJO SOEBIANTO, ANDY KURNIAWAN","DIDIEK WARDJIJANTO, KRISTANTO ADITIAWAN SOENARDJOKO, '', '', '', '', '', '', '', '', ''"
5/21/2025 19:54,2021,Maret,Provinsi DKI Jakarta,Wil. Kota Jakarta Pusat,601302-PT Bank Perekonomian Rakyat Gamon,601302-PT Bank Perekonomian Rakyat Gamon,429161396,346622965,285338112,242673909,380904469,303522353,30291117,27403841,1565810,1296771,4.31,38.67,3.01,100,1.47,6.66,69.22,87.99,"MULJONO TARIUS, RETNOWATI SEPTIARI","ERNY UTAMA, KARTIKA DEWI, TIMOTY E MARNANDUS, ANTON SULEIMAN, ERNY UTAMA, KARTIKA DEWI"
5/21/2025 19:54,2021,Maret,Provinsi DKI Jakarta,Wil. Kota Jakarta Pusat,601270-PT Bank Perekonomian Rakyat Artharindo,601270-PT Bank Perekonomian Rakyat Artharindo,438014057,380245969,293942011,253549284,371193958,320600885,53754549,45914547,2075002,2739989,3.29,35.39,3.04,213,2.54,8.63,70.37,80.53,"BONIFATIUS BUDI SUNDJAJA, ZIZA ANDRESWATI INDRA KUSUMA S, TJONG TAUVINNY SANJAYA","IMRAN DANI, ERNY UTAMA, BENNY TEMANSJAH, GRACE AGUSTINA, HARDY YUNNARAGA, LINDAWATI, SIGIT PRATAMA WIRYADI"
5/21/2025 19:54,2021,Maret,Provinsi DKI Jakarta,Wil. Kota Jakarta Pusat,601260-PT. BPR Sarana Utama Multidana,601260-PT. BPR Sarana Utama Multidana,324985063,263674874,241103356,219032698,302104404,242299612,"-13,140,260","-15,228,400",320919,903662,7.78,12.34,6.97,74.85,0.65,14.9,79.4,94.81,,
5/21/2025 19:54,2021,Maret,Provinsi DKI Jakarta,Wil. Kota Jakarta Pusat,601247-PT BPR Brilian Investama,601247-PT BPR Brilian Investama,9558970,15827334,6504341,10876130,9066430,13099004,"-2,393,769",124429,"-713,691","-996,099",37.72,6.91,57.32,175.41,-17.33,5.79,90.64,217.23,"Dr. Ayub Idrus, MM, Amri A Jalil","Prof. Dr.Raja Masbar, DRS. Ismet Yoesoef"
5/21/2025 19:54,2021,Maret,Provinsi DKI Jakarta,Wil. Kota Jakarta Pusat,602606-PT Bank Perekonomian Rakyat Rasyid,602606-PT Bank Perekonomian Rakyat Rasyid,72020242,67102339,62040297,54562411,63879918,58920643,179824,0,43906,265102,4.6,25.07,4.58,100,0.57,8.6,103.66,91.56,,
5/21/2025 19:55,2021,Maret,Provinsi DKI Jakarta,Wil. Kota Jakarta Pusat,601999-PT Bank Perekonomian Rakyat Bahtera Masyarakat,601999-PT Bank Perekonomian Rakyat Bahtera Masyarakat,179394643,151732108,93116747,85093514,156760413,126195072,8031282,11070611,1908898,2772375,7.64,38.15,4.8,100,1.65,16.17,56.61,92.27,"RISZA FIRDIN JUNIEL, SITI MUAWANAH","RONALD KARAMOY, JOKO PURWANTO"
5/21/2025 19:55,2021,Maret,Provinsi DKI Jakarta,Wil. Kota Jakarta Utara,602576-PT Bank Perekonomian Rakyat Tata Karya Indonesia,602576-PT Bank Perekonomian Rakyat Tata Karya Indonesia,72952934,67866683,46472905,42210857,50460497,45405630,3153849,2640433,"-310,405",171627,19.93,76.53,13.91,100,0.11,9.5,66.88,102.38,HERTY DJAELANI,"FERYANTO NJOMIN, HENDRA NUGRAHA, LILY NJOMIN"
5/21/2025 19:55,2021,Maret,Provinsi DKI Jakarta,Wil. Kota Jakarta Utara,600816-PT Bank Perekonomian Rakyat Olympindo Sejahtera,600816-PT Bank Perekonomian Rakyat Olympindo Sejahtera,77722482,94510661,35033686,53226648,60777882,71711384,11646462,16216514,"-701,862",582763,40.63,39.27,17.58,100,-7.28,16.45,54.37,139.7,"VIRNANDO LIE, VERAWATY JO","SIMON HASAN GUNADI, RIFANY TAUFIK, ANG ANDI BINTORO"
5/21/2025 19:55,2021,Maret,Provinsi DKI Jakarta,Wil. Kota Jakarta Barat,601266-PT BPR Lestari Jakarta,601266-PT BPR Lestari Jakarta,174600221,125386161,70522967,51700793,164763158,116584909,164601,"-524,935",672462,326187,0.72,17.95,0.25,100,1.8,21.76,43.03,85.22,"I WAYAN HARY KARISMA, KOMANG ERRY YOGA SUGAMA PUTRA WITADHARMA","ONTARYO CHANDRA, SISCA SUHENDRA, PT LESTARI CAPITAL"
5/21/2025 19:55,2021,Maret,Provinsi DKI Jakarta,Wil. Kota Jakarta Utara,601283-PT Bank Perekonomian Rakyat Lesca Dana Jakarta,601283-PT Bank Perekonomian Rakyat Lesca Dana Jakarta,15374588,13705483,3114117,135656,4822081,6492626,"-14,576,804","-13,208,725","-300,689","-208,418",0.8,295.89,0.2,100,-10.39,83.06,21.19,275.72,DRS. IWAN ADJIE SUMANTRI,"LIM DICKY, LIM DAVID"
5/21/2025 19:55,2021,Maret,Provinsi DKI Jakarta,Wil. Kota Jakarta Barat,600037-PT BPR Puspita Sari,600037-PT BPR Puspita Sari,14233751,15493259,9849221,11197277,6377759,7414684,1835737,2241274,20255,"-162,699",31.96,58.87,17.42,98.99,0.65,55.74,93.52,94.68,"SULISTIYANTO,SH, MACHRULI",MELISA
5/21/2025 19:55,2021,Maret,Provinsi DKI Jakarta,Wil. Kota Jakarta Selatan,600861-PT. BPR Nova Trijaya,600861-PT. BPR Nova Trijaya,0,0,0,0,0,0,0,0,0,0,0,0,0,0,0,0,0,0,,
5/21/2025 19:55,2021,Maret,Provinsi DKI Jakarta,Wil. Kota Jakarta Selatan,602281-PT BPR Nova Trijaya,602281-PT BPR Nova Trijaya,0,0,0,0,0,0,0,0,0,0,0,0,0,0,0,0,0,0,,
5/21/2025 19:55,2021,Maret,Provinsi DKI Jakarta,Wil. Kota Jakarta Selatan,600008-PT. BPR Pesona Letris Pratama,600008-PT. BPR Pesona Letris Pratama,10706350,10581872,6736463,7558018,829451,1073732,1886836,1469007,110063,159133,7.87,130.76,7.54,100,3.61,247.89,67.96,82.65,"Mintarsih, Margiyatno","Taufik, Leo Sutrisno"
5/21/2025 19:55,2021,Maret,Provinsi DKI Jakarta,Wil. Kota Jakarta Barat,601792-PT Bank Perekonomian Anugerah Artasentosa Prima,601792-PT Bank Perekonomian Anugerah Artasentosa Prima,29663705,28168804,21070070,21328673,17662040,15108324,3308318,4311486,693347,748994,3.71,113.33,2.21,100,9.06,7.73,75.38,62.61,"HANNY SANTOSO, KHOE KWOK TJHONG, MICHELLA HERYANTO","LIE HERYANTO, PELITA YANTI, LIE HERYANTO, TJANDRAWATI ARIFIN, HANNY SANTOSO"
5/21/2025 19:55,2021,Maret,Provinsi DKI Jakarta,Wil. Kota Jakarta Selatan,600044-PT. BPR Binadana Swadaya,600044-PT. BPR Binadana Swadaya,79559186,83275272,58527363,55324435,73916667,75197445,"-3,952,593","-2,614,154","-496,408","-399,539",16.86,12.32,13.62,100,-1.82,9.41,80.14,113.13,YELI JANAWATI GUNAWAN,"IGN HERRY WIBOWO DRS, RUBY YOHANES, DRS IGN HERRY WIBOWO, IR BAMBANG BUDI HENDARTO, H SYAMSIR SIREGAR, AGUS ANTARIKSA SIDHARTA, MAXIMILIAAN WIDJAJA, BAMBANG WIDJAJA"
5/21/2025 19:56,2021,Maret,Provinsi DKI Jakarta,Wil. Kota Jakarta Selatan,601133-PT. BPR Artatama Sejahtera,601133-PT. BPR Artatama Sejahtera,4038173,3898002,1335961,1580175,992014,855729,"-390,789","-247,845","-196,052","-42,882",27.39,154.92,27.31,100,-5.04,96.38,14.6,244.34,"Drs.Ec.Effendi, Petrus Joyo Wardoyo","Drs.yohanes Samnyo Prianto, Herlina"
5/21/2025 19:56,2021,Maret,Provinsi D.I. Yogyakarta,Kab. Bantul,600004-PT Bank Perekonomian Rakyat Nusantara Artha Makmur,600004-PT Bank Perekonomian Rakyat Nusantara Artha Makmur,9503277,7358009,4694154,4660473,6371133,6876813,"-1,340,584","-1,177,620",67728,"-46,184",3.99,86.04,5.6,100,0.42,21.78,54.48,98.24,"LUCIANITA, A.MD","DADANG PURWANTA, SE. MM, BERNARD GUNADI ADIMULJO, BERNARD GUNADI ADIMULJO, SE"
5/21/2025 19:56,2021,Maret,Provinsi DKI Jakarta,Wil. Kota Jakarta Timur,600903-PT. BPR Haneda Mitra Usaha,600903-PT. BPR Haneda Mitra Usaha,71093213,60638017,55230651,49651319,63751393,53431405,190384,282796,446630,518458,2.32,17.61,2.06,100,1.62,16.66,88.35,80.4,"Achmad Bukkori, Rinto Suryanto","Aswandi, Futri Zulya Savitri, Zulkifli Hasan"
5/21/2025 19:56,2021,Maret,Provinsi DKI Jakarta,Wil. Kota Jakarta Timur,602717-PT. BPR Dana Mitra Indonesia,602717-PT. BPR Dana Mitra Indonesia,79995785,75150158,59779541,60687279,60970514,58665875,6100267,5011205,925004,873078,2.5,61.85,1.83,100,4.67,13.18,76.72,77.3,"SUGENG YUSLAM, SELVI DANIKUSUMASARI","WILLIAM KALIP, I MADE WINARTA"
5/21/2025 19:56,2021,Maret,Provinsi D.I. Yogyakarta,Kab. Bantul,600738-PT Bank Perekonomian Rakyat Profidana Paramitra,600738-PT Bank Perekonomian Rakyat Profidana Paramitra,73362901,71480497,53609995,50119806,62974501,60754413,1571711,2618091,305193,412232,3.13,35.54,2.5,100,2.05,21.84,76.01,87.67,"Dwi Hari Laksana, S.E., M.M., Wahyu Susila Listya Ari, S.E., M.H.","Drs. St. Sudomo, MM, Sapto Dewo, SE, MSi"
5/21/2025 19:56,2021,Maret,Provinsi D.I. Yogyakarta,Kab. Bantul,600719-PT Bank Perekonomian Rakyat Bank Bantul (Perseroda),600719-PT Bank Perekonomian Rakyat Bank Bantul (Perseroda),496291204,469548454,394974380,415738986,380957901,365931763,2774645,8049718,822249,845067,2.54,34.93,4.77,102.69,1.44,10.33,83.96,80.63,"ARISTINI SRIYATUN, HERI SUTANTO, HANDHY SAPUTRO PRABOWO","BAMBANG GURITNO, HARIYADI, NINDYO PRAMONO, Pemda Kabupaten Bantul, PDAM Kabupaten Bantul"
5/21/2025 19:56,2021,Maret,Provinsi D.I. Yogyakarta,Kab. Bantul,601386-PT Bank Perekonomian Rakyat Artha Parama,601386-PT Bank Perekonomian Rakyat Artha Parama,50970738,56162217,30351605,38606508,42154075,48697842,635275,12040,21388,344335,21.72,36.5,14.97,100,0.81,12.17,62.33,93.09,"LINDA MARYANI, RUSDIYANTORO","SUKOTJO MANGUN RAHARJO YANGKI, ANA PERWATI, SUKOTJO MANGUN RAHARDJO YANGKI"
5/21/2025 19:56,2021,Maret,Provinsi D.I. Yogyakarta,Kab. Bantul,600742-PT. BPR Arga Tata,600742-PT. BPR Arga Tata,15997870,17612400,7867238,10667110,11548703,13241153,3191896,3123066,57271,48181,10.72,86.63,5.23,337.41,0.51,12.11,52.5,96.52,"M. DARMAWAN EFFENDI, AAN MARDIANASARI R","BUDI PRASETIO, SUJARWO, PT YASANIAGA UTAMA MULIA"
5/21/2025 19:56,2021,Maret,Provinsi D.I. Yogyakarta,Kab. Bantul,601895-PT BPR Swadharma Artha Nusa,601895-PT BPR Swadharma Artha Nusa,0,0,0,0,0,0,0,0,0,0,0,0,0,0,0,0,0,0,,
5/21/2025 19:57,2021,Maret,Provinsi D.I. Yogyakarta,Kab. Bantul,601452-PT Bank Perekonomian Rakyat Kartikaartha Kencanajaya,601452-PT Bank Perekonomian Rakyat Kartikaartha Kencanajaya,20387285,21816160,11415797,11994188,13676224,15280067,2331162,1940143,"-144,501",71550,9.51,70.95,7.26,100,0.91,22.12,59.75,93.79,"B NURTJAHJO AGUNG P, FREDY WAHYU HENDRA","IR C ELSE INDRIANI, H HARIONO, HENOCH PRANOWOKARTIJO"
5/21/2025 19:57,2021,Maret,Provinsi D.I. Yogyakarta,Kab. Bantul,601415-PT Bank Perekonomian Rakyat Lestari Jogja,601415-PT Bank Perekonomian Rakyat Lestari Jogja,40319055,1932676,3525135,1290429,36706026,1827669,"-1,418,109","-1,592,579",29788,"-53,764",0.31,33.71,0.04,100,1.65,166.66,21.8,84.98,"ANTONIUS WAWAN SUBIYANTORO, ARDHANA FEBRIANAJI","E WINDARTI ISTI RAHAYU, SUZANA CHANDRA, PT LESTARI CAPITAL"
5/21/2025 19:57,2021,Maret,Provinsi D.I. Yogyakarta,Kab. Bantul,601447-PT Bank Perekonomian Rakyat Ambarketawang Persada,601447-PT Bank Perekonomian Rakyat Ambarketawang Persada,107429700,103932967,76498804,73489159,96686985,94396040,3890000,2640000,732715,776927,3.96,28.08,3.49,129.79,3.27,25.18,75.66,78.01,"MR. Evi Dhamayanti, SE.MM, Sigit Nur Sasongko,SE","Fransisca Eko Wardani,SE, Lianawati,ST"
5/21/2025 19:57,2021,Maret,Provinsi D.I. Yogyakarta,Kab. Bantul,601896-PT BPR Sejahtera Arthatama Mandiri,601896-PT BPR Sejahtera Arthatama Mandiri,73408785,85510319,56221351,65223037,59167112,69676833,0,2738065,458729,145079,1.7,35.39,4.17,103.32,1.93,22.75,88.5,91.43,"Riva Dewi Puspitasari, SE, Ir. Agung Kurniawan, SE","Pangarso Yoga Mutodo, SH, Sunendi Hadi Widodo, Zainal Abidinsyah Siregar"
5/21/2025 19:57,2021,Maret,Provinsi D.I. Yogyakarta,Kab. Bantul,601981-PT Bank Perekonomian Rakyat Arum Mandiri Kenanga,601981-PT Bank Perekonomian Rakyat Arum Mandiri Kenanga,15068215,9713750,7342874,6163603,11952849,6637188,"-9,098,989","-9,130,769",14355,7331,7.41,44.14,4.7,100,0.32,22.44,67.36,98.05,"A. ADJI HENDARTO, NURHATIKA SUSANTI","DRS.H. DJOKO SUSENO, MM"
5/21/2025 19:57,2021,Maret,Provinsi D.I. Yogyakarta,Kab. Bantul,602043-PT Bank Perekonomian Rakyat Chandra Muktiartha,602043-PT Bank Perekonomian Rakyat Chandra Muktiartha,349087389,328759240,284581797,269006801,315850195,292046449,23737195,26743210,1925906,2395488,2.44,20.56,3.54,100.01,1.24,8.41,85.73,82.61,"ASCAR SETIYONO, KUS SENTONO HALIM, PARMIATUN","FX SOEWARDI WP, DHARMAWAN, AGUS PRAMONO, '', '', '', '', '', '', '', '', ''"
5/21/2025 19:57,2021,Maret,Provinsi D.I. Yogyakarta,Kab. Sleman,600725-PT Bank Perekonomian Rakyat Bank Sleman (Perseroda),600725-PT Bank Perekonomian Rakyat Bank Sleman (Perseroda),895150913,839810409,656458513,619186899,624914455,571371578,0,0,3276419,4689729,1.36,39.94,1.32,100,2.15,18.55,77.84,78.44,"MUHAMMAD SIGIT,S.E., M.SI, IIS HERLIA DEWI, S.E., BAGUS HUDOYONO,S.E.","HARDA KISWAYA,S.E.,M.SI, DR.SUMIYANA, AKT.,M.SI, DR. FAUZI NUGROHO,S.E.,M.M.,CTSI, PEMDA SLEMAN"
5/21/2025 19:57,2021,Maret,Provinsi D.I. Yogyakarta,Kab. Sleman,600750-PT. BPR Restu Mandiri Makmur,600750-PT. BPR Restu Mandiri Makmur,0,0,0,0,0,0,0,0,0,0,0,0,0,0,0,0,0,0,,
5/21/2025 19:57,2021,Maret,Provinsi D.I. Yogyakarta,Kab. Sleman,600715-PT Bank Perekonomian Rakyat Bhakti Daya Ekonomi,600715-PT Bank Perekonomian Rakyat Bhakti Daya Ekonomi,604290437,546092980,439611693,416624136,528248080,472482417,13355659,11006522,2686698,2604041,2.92,31.09,3.17,100,2.3,10.85,74.81,83.19,"TRIBOWO SE MM, NURCAHYO WIDI NUGROHO, PURWANTO SE","I WAYAN NUKA LANTARA, TENNY YUNUTRIANA, DR T HANI HANDOKO MBA, SATRIYO YUDIARTO"
5/21/2025 19:57,2021,Maret,Provinsi D.I. Yogyakarta,Kab. Sleman,600739-PT. BPR Danagung Bakti,600739-PT. BPR Danagung Bakti,162790706,163678364,101486729,109170226,145550250,145757165,7690101,7100000,"-1,406,602","-135,758",9.19,21.83,7.81,100,0,23.04,66.42,100,"Sony Feryadi, Tedy Alamsyah, Fitri Adi Nugroho, SE","Yustinus Indria Dewantara, H. SUYONO BSC"
5/21/2025 19:58,2021,Maret,Provinsi D.I. Yogyakarta,Kab. Sleman,600731-PT Bank Perekonomian Rakyat Shinta Daya,600731-PT Bank Perekonomian Rakyat Shinta Daya,338989174,345065705,280722726,277100184,294337681,300874458,0,0,2103372,2055904,3.2,25.13,4.32,100,2.89,9.84,90.43,79.11,"AWAN SETIAWAN, JOHANNES BOSCO HERIMAHADI","DRS.O.SUNYI HARYANTO, SUITBERTUS FAJAR NUGRAHA, RUDY HANDOKO"
5/21/2025 19:58,2021,Maret,Provinsi D.I. Yogyakarta,Kab. Sleman,600740-PT Bank Perekonomian Rakyat Nusumma Jogja,600740-PT Bank Perekonomian Rakyat Nusumma Jogja,17151304,16250971,12650804,11398743,13979767,13246554,"-671,805","-225,255",116362,2692,2.3,37.67,1.79,100,-1.98,10.29,96.22,111.37,Yanuarius Hure,"Mahmud, PT. Nusantara Bina Artha, Tedy Setyadi Kharmawan"
5/21/2025 19:58,2021,Maret,Provinsi D.I. Yogyakarta,Kab. Sleman,600153-PT Bank Perekonomian Rakyat Universitas Gadjah Mada,600153-PT Bank Perekonomian Rakyat Universitas Gadjah Mada,141420753,90569891,118455764,72428394,121552521,72312259,4341804,3405092,785309,559671,1.39,37.64,1.19,100,2.66,7.34,86.84,81.83,"SRI WULANDARI, S.SOS, MBA, NANY ISWANTINI, SE, GANIS MEI HARIYANTO, SE","DRS HARYONO, M.COM, AKT, AGUNG NUR FAJAR, SE AKT, MS, NASYITH MAJIDI, SE, UNIVERSITAS GADJAH MADA"
5/21/2025 19:58,2021,Maret,Provinsi D.I. Yogyakarta,Kab. Sleman,600737-PT Bank Perekonomian Rakyat Natasha Bintang Anugrah,600737-PT Bank Perekonomian Rakyat Natasha Bintang Anugrah,211911708,198609133,102261077,108641809,187461477,176083151,8822560,6036073,"-251,609",610629,6.75,27.57,4.16,100,0.93,14.68,50.3,88.1,"Bagus Setya Mulyawan, SE, Edy Widodo, SE","Drs. H. Suhartono, MM, H. Asroh Handoko, SE. MSi, PT ENA"
5/21/2025 19:58,2021,Maret,Provinsi D.I. Yogyakarta,Kab. Sleman,600746-PT Bank Perekonomian Rakyat Bhumikarya Pala,600746-PT Bank Perekonomian Rakyat Bhumikarya Pala,22576104,22903515,15614533,15023717,17121225,17604738,3085370,2938198,"-30,491","-39,421",7.48,52.19,7.21,99.99,0.55,30.97,73.43,97.2,"Ekarti Ruwiyana, SE., Ir. Herry Cahyono","dr. Bernard Agung Baskara, SpBKOnk, Mkes, Sapto Rusniputro, SE, Dr. B. Sudiyanto, dr. E. Sukarti, dr. Bernard Agung Baskara, SpBKOnk, Mkes, C. Agung Wisnu Raksendra, SE, dr. Yoanes Agung Budi S"
5/21/2025 19:58,2021,Maret,Provinsi D.I. Yogyakarta,Kab. Sleman,600744-PT Bank Perekonomian Rakyat Wijaya Mulya Sentosa,600744-PT Bank Perekonomian Rakyat Wijaya Mulya Sentosa,25285346,22469406,16171460,17000490,20657254,17856424,120985,0,"-42,674",63201,4.74,48.2,4.3,100,0.1,21.72,66.68,100.94,"WAHYUDI WIDODO, DONISIUS SANTOSO","IMAM DARMANTO, IMAM BUDIARTO"
5/21/2025 19:58,2021,Maret,Provinsi D.I. Yogyakarta,Kab. Sleman,600748-PT Bank Perekonomian Rakyat Danagung,600748-PT Bank Perekonomian Rakyat Danagung,302700117,302946132,209460748,218731370,263827819,266624445,6750000,6250000,864324,"-1,186,287",5.22,22.54,4.3,100,1.25,15.93,76.66,89.45,"SITI HANDAYANI, SUDIATMOKO, BESAR WIDYARTO","MUHAMAD DAUD, RACHMAD ALI"
5/21/2025 19:58,2021,Maret,Provinsi D.I. Yogyakarta,Kab. Sleman,601383-PT Bank Perekonomian Rakyat Arta Agung Yogyakarta,601383-PT Bank Perekonomian Rakyat Arta Agung Yogyakarta,71116113,73891021,55420861,50203965,61239076,65253881,4286030,3074771,76263,47625,5.67,30.12,5.24,100,1.97,14.83,82.5,87.23,"WIBOWO PRIYONO,S.E.,M.M, RIRIN NARESWARI","WIKAN TRIARGONO.,S.E.,S.H.,M.M.,M.Kn, Drs. H BAMBANG NURYANTO, Drs Bambang Nuryanto"
5/21/2025 19:58,2021,Maret,Provinsi D.I. Yogyakarta,Kab. Sleman,601380-PT Bank Perekonomian Rakyat Berlian Bumi Arta,601380-PT Bank Perekonomian Rakyat Berlian Bumi Arta,61317765,44275498,48882442,25334173,56258811,39996795,1901022,1488541,443688,75918,10.71,12.05,7.7,100,1.73,11.61,83.05,88.56,"MUSLIKUN ,SE, ADE RIANSYAH ,SE","BUDI WALUYO,SE.M.DEV, SULISTYA YUNIARTA ,SH, BUDI WALUYO"
5/21/2025 19:58,2021,Maret,Provinsi D.I. Yogyakarta,Kab. Sleman,601373-PT Bank Perekonomian Rakyat Artajaya Bhaktimulia,601373-PT Bank Perekonomian Rakyat Artajaya Bhaktimulia,11599996,10295569,8468434,7116041,8065382,7060732,"-74,981","-300,269",91213,16724,10.98,68.4,10.07,100,2.58,30.87,79.59,87.79,H MULYANTO SE MM,"ALEX SUKONO SE, IR SOEDALDJO PR'IJO ATMODJO, MARTINI SUKASIH, ALEX SUKONO, SE, IR SOEDALDJO PRIJO ATMODJO, H MULYANTO, SE, MM, JATI WAHYU SUKOHANDANI, SH, NUR KISWANDARI"
5/21/2025 19:58,2021,Maret,Provinsi D.I. Yogyakarta,Kab. Sleman,601433-PT. BPR Arta Yogyakarta,601433-PT. BPR Arta Yogyakarta,0,0,0,0,0,0,0,0,0,0,0,0,0,0,0,0,0,0,,
5/21/2025 19:58,2021,Maret,Provinsi D.I. Yogyakarta,Kab. Sleman,600825-PT. BPR Danagung Abadi,600825-PT. BPR Danagung Abadi,117717573,129976623,76450956,86952982,106035838,119535464,7362756,6845650,"-38,520","-761,990",8.92,25.31,5.91,100,0.61,31.16,66.58,95.24,"Janti Kusuma, Hastomo Ardi, Bonaventura Triwibowo Harimukti","Rina Tri Nurhayati, Muhamad Daud"
5/21/2025 19:59,2021,Maret,Provinsi D.I. Yogyakarta,Kab. Sleman,601419-PT Bank Perekonomian Rakyat Gampingartha Raya,601419-PT Bank Perekonomian Rakyat Gampingartha Raya,19230613,18895765,13815840,12090928,15557380,15086056,612569,521204,"-139,336",88505,9.39,52.75,9.09,100,-0.68,7.59,77.81,103.17,DRA.WINDRI ASTUTI,"H.SUHARTONO,DRS,MM, H.IMAM SATRIYADI,SH, H.SUHARTONO,DRS,MM, H.IMAM SATRIYADI,SH"
5/21/2025 19:59,2021,Maret,Provinsi D.I. Yogyakarta,Kab. Sleman,601387-PT Bank Perekonomian Rakyat Dana Berkah Pusakatama,601387-PT Bank Perekonomian Rakyat Dana Berkah Pusakatama,35601109,22976643,28843150,19254606,25502900,14598000,3321060,2000355,777149,378288,1.89,61.71,1.91,100,6.47,28.54,84.3,70.47,"Mariana Eka SInta Dewi, Drs Totok Indarto","Roy Wirya Subrata, Paulina Adi Yuniastuti"
5/21/2025 19:59,2021,Maret,Provinsi D.I. Yogyakarta,Kab. Sleman,601426-PT Bank Perekonomian Rakyat Mlatipundi Artha,601426-PT Bank Perekonomian Rakyat Mlatipundi Artha,35499209,32265383,21697935,18948348,31389119,28282344,868112,731656,91713,101118,0.88,21.06,1.79,82.93,0.39,19.34,65.62,92.68,"Endah Retnawati, S.E., Corna Irawan Tri A, S.E.","Drs.Siswanto, M.M., Endah Retnawati,S.E., Drs.Siswanto,M.M"
5/21/2025 19:59,2021,Maret,Provinsi D.I. Yogyakarta,Kab. Sleman,601408-PT Bank Perekonomian Rakyat Suriyah Yogyakarta,601408-PT Bank Perekonomian Rakyat Suriyah Yogyakarta,15798416,15409642,11695263,11016992,14737716,14418381,"-587,716","-677,409",2416,22670,12.43,16.61,6.73,100,0.53,19.09,75.18,96.38,DISSA RIHON TOBING,"YOSEPH SUMANTO, DADANG PURWANTA, MINARI PANGGABEAN"
5/21/2025 19:59,2021,Maret,Provinsi D.I. Yogyakarta,Kab. Sleman,601431-PT Bank Perekonomian Rakyat Alto Makmur,601431-PT Bank Perekonomian Rakyat Alto Makmur,38643430,32637365,29983741,26644370,30468964,24919295,4199404,3857807,275062,360263,4.15,34.28,6.32,100,3.25,21.28,85.54,80.44,"KUSMINTARJO YATENDRO, JUPAIDI","NOVYANTI INDAH, SUSANTO, THOMAS RUDY HARTAWAN WIDJOJO"
5/21/2025 19:59,2021,Maret,Provinsi D.I. Yogyakarta,Kab. Sleman,601435-PT Bank Perekonomian Rakyat Artha Mlatiindah,601435-PT Bank Perekonomian Rakyat Artha Mlatiindah,219213427,217186393,108718565,104436684,164680027,170038479,16364303,8489814,2169097,2658100,4,42.17,2.87,100,4.42,37.99,51.9,68.84,"BENEDICTUS TRISNA SANTOSA, AGUNG BUDI JULIANTO","MEDWIN RUKMANA WAHYADIYATMIKA, SUTARDI, DAVID HERMAN JAYA"
5/21/2025 19:59,2021,Maret,Provinsi D.I. Yogyakarta,Kab. Sleman,602044-PT Bank Perekonomian Rakyat Bank Mulya Sejahtera,602044-PT Bank Perekonomian Rakyat Bank Mulya Sejahtera,19109646,20091940,14949308,16093234,15683743,15692450,"-1,629,665","-522,546","-152,185","-285,717",24.72,39.91,20.49,100,-5.63,28.58,83.31,137.58,"YIYIK ISBANDIYAH, CATUR DEDY WIJAYA",DRA.WIGATI RAHAYU DEWANTARI
5/21/2025 19:59,2021,Maret,Provinsi D.I. Yogyakarta,Kab. Sleman,601979-PT Bank Perekonomian Rakyat Panca Arta Monjali,601979-PT Bank Perekonomian Rakyat Panca Arta Monjali,74490592,66491736,60550219,50778261,62825974,58804949,2827914,4440434,370115,359530,3.13,36.84,2.69,100,1.32,7.65,84.08,90.89,"Ismantoro, SE., MM, Albertus Cahyadi Budiyanto, SE","Meita Anggraini, Psi.,MM, Jufrial, SE"
5/21/2025 19:59,2021,Maret,Provinsi D.I. Yogyakarta,Kab. Gunung Kidul,601980-PT. BPR Agra Arthaka Mulya,601980-PT. BPR Agra Arthaka Mulya,0,0,0,0,0,0,0,0,0,0,0,0,0,0,0,0,0,0,,
5/21/2025 19:59,2021,Maret,Provinsi D.I. Yogyakarta,Kab. Sleman,601436-PT Bank Perekonomian Rakyat Danamas Prima,601436-PT Bank Perekonomian Rakyat Danamas Prima,26144636,26698003,16950907,19576041,19908049,21018744,3960009,3363882,165218,204017,2.14,68.62,1.88,100,2.17,31.09,67.37,89.77,"Endah Setyorini,SE","Drs. Budijono, Richard Hidayat Natio, "
5/21/2025 19:59,2021,Maret,Provinsi D.I. Yogyakarta,Kab. Sleman,601898-PT Bank Perekonomian Rakyat Karangwaru,601898-PT Bank Perekonomian Rakyat Karangwaru,99131669,80098306,79087562,62842796,91786576,71884574,2986300,3955174,758793,658558,2.57,20.96,2.19,164.14,3.93,9.79,83.18,76.93,"DWI YANTA, DWI SATRIYA, WAHYU WULANSARI","DHARMAWAN, SE, AKT, SUSANNA HERYANTO, '', '', '', '', '', '', '', '', ''"
5/21/2025 19:59,2021,Maret,Provinsi D.I. Yogyakarta,Kab. Sleman,601983-PT Bank Perekonomian Rakyat Artha Sumber Arum,601983-PT Bank Perekonomian Rakyat Artha Sumber Arum,27212142,23373648,21248146,17429630,22751232,19456428,3137518,2601318,175248,167758,4.36,44.76,3.49,100,2.31,12.55,88.43,87.89,DRA.RETNO SAWITRI,"DRA.ENDANG RAHAYU, IR.ARIEF NURSANTO, DJENAL ACHMAD, SH, "
5/21/2025 20:00,2021,Maret,Provinsi D.I. Yogyakarta,Kab. Sleman,602756-PT BPR Restu Artha Yogyakarta,602756-PT BPR Restu Artha Yogyakarta,60906641,0,43441903,0,37018181,0,19441667,0,623387,0,7.77,59.02,5.95,100,4.52,30.24,75.76,72.88,"Budhi Rochmadi, Dhani Krissubhanu Srihadi, Theresia Verawaty, SE","Drs. Didik Yochanan, SE., MM., Meliana Sugiarto, S.Pd, PT YASANIAGA UTAMA MULIA, SANTOSO SOEGIARTO, RATNAWATI"
5/21/2025 20:00,2021,Maret,Provinsi D.I. Yogyakarta,Kab. Gunung Kidul,600090-PT Bank Perekonomian Rakyat Ukabima Nindya Raharja,600090-PT Bank Perekonomian Rakyat Ukabima Nindya Raharja,55312452,54435524,49709241,47715363,47520270,46148732,3948797,4367622,243385,400229,4.38,33.23,4.73,100,1.34,14.82,98.13,91.77,"Sudjut Budi Utomo, Sudaryanti","Budi Setyawati, Prabowo Danusantoso, PT UKABIMA, BAGUS KRISBAWONO, ALPHIUS WASTONO, SRI MURNIYATI, ANDREAS ZAMZURI, RINARAS WIDIATMINI"
5/21/2025 20:00,2021,Maret,Provinsi D.I. Yogyakarta,Kab. Gunung Kidul,600721-PT Bank Perekonomian Rakyat Bank Daerah Gunungkidul (Perseroda),600721-PT Bank Perekonomian Rakyat Bank Daerah Gunungkidul (Perseroda),476410734,430177513,366348390,343704835,355747623,322112837,0,0,2373171,2149384,3.29,36.09,3.24,100,1.44,13.2,81.47,85.58,"YUSTIKA ARI SUKAPTI, SE, SUCI SULISTYAWATI, SH, Dra RINI WIDIYANTI","Drs FL TRI SUMARTANTO, MSi, SUPRIYADI, STP, Ir DRAJAD RUSWANDONO, MT, PEMERINTAH KABUPATEN GUNUNGKIDUL"
5/21/2025 20:00,2021,Maret,Provinsi D.I. Yogyakarta,Kab. Kulon Progo,600003-PT Bank Perekonomian Rakyat Bank Shinta Putra,600003-PT Bank Perekonomian Rakyat Bank Shinta Putra,61994097,56592229,48532835,42178918,53466306,48226558,2295895,2339213,282641,224961,2.69,32.84,2.19,100,2.03,6.5,88.8,86.74,"Ir.Wulfram Margono,SP, ANDI ASMORO HENDRICUS","Nur Cahyo,SE,MM, B.Ari Santi Handayani,SE.MM"
5/21/2025 20:00,2021,Maret,Provinsi D.I. Yogyakarta,Kota Yogyakarta,600727-PT Bank Perekonomian Rakyat Bank Jogja (Perseroda),600727-PT Bank Perekonomian Rakyat Bank Jogja (Perseroda),902496243,912219709,758584449,726055147,756684786,750889266,3638993,22300998,4238135,5555316,2.02,25.96,5.55,100,0.34,6.92,89.94,96.28,"HELPIATI TARIGAN SE MSI, KOSIM JUNAEDI SE MM","IR H AMAN YURIADIJAYA MM, DR YUNI ISTANTO MSI, PEMERINTAH KOTA YOGYAKARTA"
5/21/2025 20:00,2021,Maret,Provinsi D.I. Yogyakarta,Kota Yogyakarta,602462-PT Bank Perekonomian Rakyat Artha Berkah Cemerlang,602462-PT Bank Perekonomian Rakyat Artha Berkah Cemerlang,39582694,44552080,30509415,33536114,32895907,37162933,2883440,3482964,203347,306183,15.73,39.03,14.58,100,0.85,15.69,85.62,94.39,"AHMAD RIYANTO, TOTO SUPADMO","MIA BUDY SETYAGRAHA, MIA BUDY SETYAGRAHA"
5/21/2025 20:00,2021,Maret,Provinsi D.I. Yogyakarta,Kab. Kulon Progo,600723-PT Bank Perekonomian Rakyat Bank Kulon Progo (Perseroda),600723-PT Bank Perekonomian Rakyat Bank Kulon Progo (Perseroda),513094836,478356079,330636649,335231045,445333501,409764607,2626953,5981988,738199,1437492,2.16,21.32,3.44,100,0.54,8.42,68.44,96.24,"JOKO PURNOMO, RITA PURWANTI ERNI WIDIYATI, SURAJA","ANANTO PRADONO, SURATNO, TRIYONO"
5/21/2025 20:01,2021,Maret,Provinsi D.I. Yogyakarta,Kota Yogyakarta,600729-PT Bank Perekonomian Rakyat Lestari Darmo Mulyo,600729-PT Bank Perekonomian Rakyat Lestari Darmo Mulyo,27772412,22927485,23087876,17310910,23813851,19054828,"-2,495,072","-2,677,278",23838,120140,6.08,38.16,5.54,100,0.33,15.55,88.75,97.55,"HARDIANTO PRASETIYO, WIJI LESTARI","HARRY GIRI, DADANG PURWANTA, IR PANDRI PRABONO MOELYO"
5/21/2025 20:01,2021,Maret,Provinsi D.I. Yogyakarta,Kota Yogyakarta,600717-PT Bank Perekonomian Rakyat Madani Sejahtera Abadi,600717-PT Bank Perekonomian Rakyat Madani Sejahtera Abadi,275728331,207396174,214914814,172455117,251101152,185155922,0,2827394,1516343,2099202,3.15,24.2,3.11,100,4.64,16.81,82.22,79.49,Y TRI AGUNG PUJIANTORO,"YANUAR PUDYA MADINDRA, SE, HARY PURWOWIDODO, SE, disi"
5/21/2025 20:01,2021,Maret,Provinsi D.I. Yogyakarta,Kab. Kulon Progo,600736-PT Bank Perekonomian Rakyat Nusamba Temon,600736-PT Bank Perekonomian Rakyat Nusamba Temon,58493024,48301842,42234099,34434970,49722788,40245984,2849528,2515628,345508,75030,5.76,24.79,3.43,100,0.59,13.21,73.21,87.15,"ANGGA LESMANA, AHMAD TRASNO WIBOWO","NURHAYATI SE MM, ROHADI SH, PT SENTRA MODAL HARMONI"
5/21/2025 20:01,2021,Maret,Provinsi D.I. Yogyakarta,Kota Yogyakarta,602556-PT Bank Perekonomian Rakyat Mataram Mitra Manunggal,602556-PT Bank Perekonomian Rakyat Mataram Mitra Manunggal,25854872,26807041,16652589,17948551,21912574,22944277,"-4,945,606","-5,169,297","-252,096","-107,939",12.71,40.22,9.12,100,0.41,29.82,68.57,95.47,"HARI PURWADI, J ANDRY CHRISTINA WARDHANI","GKR MANGKUBUMI, HARIONO H, GKR MANGKUBUMI, GKR CONDROKIRONO"
5/21/2025 20:01,2021,Maret,Provinsi Jawa Tengah,Kab. Semarang,600635-PT Bank Perekonomian Rakyat Dana Mitra Sentosa,600635-PT Bank Perekonomian Rakyat Dana Mitra Sentosa,23284936,18134868,16508192,15702605,18401022,14077147,752070,1148193,243520,169398,1.8,54.84,2.4,100,4.29,27.33,75.3,79.29,"ROBI SAPTADI, KUSPANTO","DJOKO ISMOYO, ANDREAS HANDOYO, NGO BAMBANG SOEMARDI, TATANG  BUDIONO T"
5/21/2025 20:01,2021,Maret,Provinsi Jawa Tengah,Kab. Semarang,600151-PT Bank Perekonomian Rakyat Klepu Mitra Kencana,600151-PT Bank Perekonomian Rakyat Klepu Mitra Kencana,62524248,61096776,46417610,44590872,50218167,51719475,6412080,3568519,644001,558782,9.47,39.48,10.08,100,5.71,13.32,79.57,72.26,"Harry Aryadi, ST, Dra. Purwatining Rahayu, Rino Septino Kembaren, SE","Drs. A. Budi Antoro, Drs. Purnomo Iman Santoso, Drs. Heru Sutantijo, Lia Caroline Sutanto"
5/21/2025 20:01,2021,Maret,Provinsi Jawa Tengah,Kab. Semarang,601385-PT Bank Perekonomian Rakyat Mekar Nugraha,601385-PT Bank Perekonomian Rakyat Mekar Nugraha,139473658,133873466,108908225,103754607,118618482,114156019,9314312,8140629,1575230,1611184,2.74,31.3,2.91,100,5.51,18.86,83.96,68.64,"AUGUSTINA ARSHANTI, SE, ROSALIA NAWANINGSIH","WIDHAWATI, SE, IGNATIUS ADI KURNIAWAN, SE, LEONARDUS ARUM RIYANA, STEPHANUS SOETOPO"
5/21/2025 20:01,2021,Maret,Provinsi Jawa Tengah,Kab. Semarang,600577-PT Bank Perekonomian Rakyat Inti Ambarawa Sejahtera,600577-PT Bank Perekonomian Rakyat Inti Ambarawa Sejahtera,23541525,19881521,14701426,15384561,18512175,15334985,0,869127,163253,156940,7.41,48.07,5.45,100,2.14,18.2,68.89,89.19,"Dimen Limbong, Yohanes Johan Yuniar","Mike Setyawati, Fahmi Pramono, Bambang Suliantoro"
5/21/2025 20:01,2021,Maret,Provinsi Jawa Tengah,Kab. Semarang,600779-PT Bank Perekonomian Rakyat Argo Dana Artha,600779-PT Bank Perekonomian Rakyat Argo Dana Artha,37103115,32894346,27826705,26378374,30153160,26355881,2349350,1814520,100605,223945,8.99,23.12,6.48,100,1.54,15.5,78.15,89.96,"S ISMUNANDAR, ENDANG YULIATIN KESDU, Dra","VAULINUS BRAMANTYA, WIDHAWATI"
5/21/2025 20:02,2021,Maret,Provinsi Jawa Tengah,Kab. Semarang,601421-PT. BPR Hartasarana,601421-PT. BPR Hartasarana,29179905,28088092,19965494,20910368,20643930,21074681,4256176,3279564,377099,331147,4.62,74.25,2.65,100,4,23.61,76.89,80.07,"AGUSTINUS SUDARMADI, INDRA KELANA","HARI SUNARTO, BAMBANG ISMANTO, BAMBANG ISMANTO"
5/21/2025 20:02,2021,Maret,Provinsi Jawa Tengah,Kab. Kendal,600023-PT BPR Citra Artha Nusa,600023-PT BPR Citra Artha Nusa,0,0,0,0,0,0,0,0,0,0,0,0,0,0,0,0,0,0,,
5/21/2025 20:02,2021,Maret,Provinsi Jawa Tengah,Kab. Semarang,601534-PT BPR BKK Ungaran (Perseroda),601534-PT BPR BKK Ungaran (Perseroda),345291048,323385168,291811355,255280002,303070417,282070361,6081911,7226633,952374,1175972,6.47,25.7,5.38,100,2.78,10.67,88.07,89.84,"ISHARDIYANTO, BUDI SANTOSO, BENY KURNIAWAN","HAERUDIN, Pemerintah Propinsi Jawa Tengah, Pemerintah Kabupaten Semarang"
5/21/2025 20:02,2021,Maret,Provinsi Jawa Tengah,Kab. Semarang,602032-PT BPR Satria Pertiwi Semarang,602032-PT BPR Satria Pertiwi Semarang,52073590,51828882,36622845,40414307,44634600,43394586,4552947,5392593,203110,358770,11.77,34.66,10.1,100,1.42,14.79,73.82,90.64,"SLAMET EDHI NUGROHO, SE, SUMARJO SE","EDDY SYAFMOON, ROSDIANA, SE, MM, '', '', '', '', '', '', '', '', ''"
5/21/2025 20:02,2021,Maret,Provinsi Jawa Tengah,Kab. Semarang,601542-PT Bank Perekonomian Rakyat Persada Ganda,601542-PT Bank Perekonomian Rakyat Persada Ganda,20469399,21123030,15627922,16987684,12128041,12740919,1304880,1283861,410892,536857,6.64,56.86,7.6,100,6.98,17.97,83.5,80.42,"ROBINSON P,AMD, NASRUL ANWARI","KARMAWATIK, SUHARI, LUSERI SIAGIAN"
5/21/2025 20:02,2021,Maret,Provinsi Jawa Tengah,Kab. Semarang,601459-PT. BPR Restu Klepu Makmur,601459-PT. BPR Restu Klepu Makmur,329947258,362278049,261477502,312406859,240815546,263127496,75270362,83308566,4261350,6241987,7.87,47.13,6.81,100,5.26,21.57,86.81,71.89,"DARUSALAM, S.E, M.M, HIMAWAN HENDARTO, S.E, SUTONO, S.H, SRI HANDAYANI ARIFIATI","F. WIDARTO SUBAGIO, S.E, RATNAWATI, S.E, Ir. CONSTANTINUS, M.M, PT. BPR Restu Artha Makmur, Semarang, PT. BPR Restu Klaten Makmur, Kab. Klaten, PT. BPR Restu Artha Yogyakarta, PT. BPR Artha Mukti Santosa, Semarang, PT. BPR Restu Artha Abadi, Kab. Sukoharjo, PT. BPR Restu Mranggen Makmur, Kab. Demak, PT. BPR Tawangmangu Jaya, Kab. Karanganyar, PT. BPR Arga Tata, Yogyakarta, PT. Sekawan Putra Santosa, PT. Yasaniaga Utama Mulia, Semarang"
5/21/2025 20:02,2021,Maret,Provinsi Jawa Tengah,Kab. Kendal,600565-PT. BPR Pasar Boja,600565-PT. BPR Pasar Boja,212936438,209809022,173202507,162476517,188206730,180635341,18241717,21434619,1687991,2939062,7.58,20.2,7.03,101.49,4.92,7.27,85.87,69.71,"Lusiana Ambarwati, Toto Ari Wibowo","Imron Fauzie, Sindu Anggara, Agus Pramono"
5/21/2025 20:02,2021,Maret,Provinsi Jawa Tengah,Kab. Semarang,602704-PT BPR Pratama Dana Abadi,602704-PT BPR Pratama Dana Abadi,15726354,11480305,9291290,6320572,12636548,8488862,"-718,622","-732,305",58428,"-26,252",2.35,56.89,1.63,114.03,0.78,30.76,60.75,94.78,"YUDI IMAN PRASETYO, DINA SAPTARINA DIAN AGUSTIN","DEWI ANGGREINI, S.E., WIDHAWATI, SITI AJIZAH"
5/21/2025 20:02,2021,Maret,Provinsi Jawa Tengah,Kab. Kendal,600531-PT Bank Perekonomian Rakyat Citra Darian,600531-PT Bank Perekonomian Rakyat Citra Darian,31229976,29340608,22558492,24349215,23471257,21832108,3073584,3347820,274605,300150,9.19,58.47,5.69,100,4.82,32.79,75.97,78.65,"PARWANTI, SH, MM, ELI NUR IDA, SE, MM, AKT","DR ARDIANI IKA SULISTYAWATI, SE, MM, AKT, WINARNO HADIREDJO, SE, AKT, DR. ARDIANI IKA S, SE, MM, AKT, DRA. SRI MARWATI, MM, ARIEF HIMMAWAN DN, SE, MM, AKT, DR. TRI KARTIKA S, SPA, TEGUH IMAM PRABOWO, ST, MM"
5/21/2025 20:02,2021,Maret,Provinsi Jawa Tengah,Kab. Kendal,600569-PT. BPR Nusamba Cepiring,600569-PT. BPR Nusamba Cepiring,222764513,217136574,159017746,159656582,191491752,186956956,13428852,12202309,1511909,1745309,3.38,32.54,2.55,100,4.12,13.72,74.18,80.08,"BAMBANG SUSANTO, SE, MM, FITRIANINGSIH, SE","DWIYONO, SE, MM, JOKO SUYANTO, SE, MM, M. INDRA PERMANA, SH"
5/21/2025 20:02,2021,Maret,Provinsi Jawa Tengah,Kab. Kendal,600545-PT BPR Kendali Artha (Perseroda),600545-PT BPR Kendali Artha (Perseroda),141245286,133840379,95902012,102377883,115810957,109058374,3528344,3612886,967429,1280228,4.53,41.31,5.86,100,2.9,22.83,74.75,79.17,"ASHARI, ANY HANDAYANI","TITIK SETYAWATI, SUPRIYATNO"
5/21/2025 20:03,2021,Maret,Provinsi Jawa Tengah,Kab. Semarang,600778-PT Bank Perekonomian Rakyat Mitra Mulia Persada,600778-PT Bank Perekonomian Rakyat Mitra Mulia Persada,56434654,49091978,42924930,37537585,45769698,41972016,7259648,4073422,955308,596540,4.12,43.64,4.38,100,8.16,21.46,81.32,65.13,"KARTONO WIBOWO, YHOSI AGUS WAHYUDI, M.S. PUDJI SETIAWATI","TEDJO MIHARSO, SUWIKNO, Drs. Heru Sutantijo, Niken Indrajanti"
5/21/2025 20:03,2021,Maret,Provinsi Jawa Tengah,Kab. Kendal,600575-PT Bank Perekonomian Rakyat Weleri Jayapersada,600575-PT Bank Perekonomian Rakyat Weleri Jayapersada,20845013,18426038,17269362,16218477,16902479,14871500,1079718,679225,168260,180757,14.77,41.23,14,100,2.22,31.41,91.99,88.78,"AGUNG PRASETYO ANANG A, AMD, SURYANTO, SE","ARIEF HIMMAWAN DWI NUGROHO, SE.MM.MSI, ERRI DWI HARSANTI, SE, AKT, ARIEF HIMMAWAN DWI NUGROHO"
5/21/2025 20:03,2021,Maret,Provinsi Jawa Tengah,Kab. Demak,600025-PT. BPR Wahana Artha Maju,600025-PT. BPR Wahana Artha Maju,0,0,0,0,0,0,0,0,0,0,0,0,0,0,0,0,0,0,,
5/21/2025 20:03,2021,Maret,Provinsi Jawa Tengah,Kab. Kendal,600603-PT. BPR Dhanatani Cepiring,600603-PT. BPR Dhanatani Cepiring,30341100,25548806,26604998,16852966,20322132,16223398,5208821,5190322,1210147,535086,0.48,38.62,1.24,100,20.54,10.28,98.44,59.38,,BUDIARDJO ADIMULJO
5/21/2025 20:03,2021,Maret,Provinsi Jawa Tengah,Kab. Kendal,600627-PT Bank Perekonomian Rakyat Artha Kaliwungu,600627-PT Bank Perekonomian Rakyat Artha Kaliwungu,66411196,54929757,41075451,38129011,53923383,46389235,6831244,3120873,1006569,769649,4.73,38.44,4.4,100,7.72,29.59,66.64,59.51,"YOGA SAPTONO WAHYU HIDAYAT, SE, SAHUDI, SE","PURNOMO IMAN SANTOSO, DRS HERU SUTANTIJO, DRS HERU SUTANTIJO"
5/21/2025 20:03,2021,Maret,Provinsi Jawa Tengah,Kab. Kendal,601533-PT BPR BKK Kendal (Perseroda),601533-PT BPR BKK Kendal (Perseroda),336486812,314228998,197078547,196535352,291454007,272242166,9219743,7852576,2348771,1926376,6.05,37.7,4.78,100,3.78,29.29,62.61,70.42,"Harisanto, SE, Akhmad Mundolin, S.sos, MM","Mohamad Eko, S.T.P, M.E, Dra. Peni Rahayu, Msi, Pemerintah Provinsi Jawa Tengah"
5/21/2025 20:03,2021,Maret,Provinsi Jawa Tengah,Kab. Demak,600587-PT Bank Perekonomian Rakyat Arthanugraha Makmursejahtera,600587-PT Bank Perekonomian Rakyat Arthanugraha Makmursejahtera,37174565,34686912,30224968,28904435,29408626,27793678,168685,"-619,435",183957,99372,7.25,38.96,5.3,100,2.69,32.6,84.05,85.4,"Sundari, SKom, Teguh Imam Prabowo, ST. MM","Winarno Hadiredjo, SE.Akt. CA. CPA, Kholidah, SE"
5/21/2025 20:03,2021,Maret,Provinsi Jawa Tengah,Kab. Demak,600581-PT. BPR Restu Mranggen Makmur,600581-PT. BPR Restu Mranggen Makmur,91813161,90246553,65773197,75871192,60970616,64170356,25543135,20335828,1699410,2140369,5.1,65.51,4.16,100,2.1,17.17,77.76,69.37,"FX. TEGUH WIDODO PURNOMO, ADY WINARTO","ANDRI EKO HARSONO, HARYANTO WINOTO PUTRO"
5/21/2025 20:03,2021,Maret,Provinsi Jawa Tengah,Kab. Kendal,600789-PT Bank Perekonomian Rakyat Anugerah Harta Kaliwungu,600789-PT Bank Perekonomian Rakyat Anugerah Harta Kaliwungu,36383046,35594025,24915368,26665472,28952348,28969027,4781031,3869800,249667,355198,8.18,47.94,8.1,100,3.98,21.08,73.47,79.98,"SRI AGUS PUTRANTO, SE, SUSYANTO","RINI DAMAYANTI SUTANTIJO, ST, SUWIKNO, SE, disi"
5/21/2025 20:03,2021,Maret,Provinsi Jawa Tengah,Kab. Kendal,600629-PT BPR Arthama Cerah Weleri,600629-PT BPR Arthama Cerah Weleri,24095321,20847154,16483540,10560964,20746918,17710925,150599,96019,82107,49513,13.2,29.35,10.68,100,0.51,27.56,73.34,96.42,"AKHMAT SUBHAN, ALBERTUS BAYU ANGGA RINALDI AVIANTO","ANGELINE PARISA SURYANA, AGUS BUDIANTORO, Leonard Andhik Suryono, Angeline Parisa Suryana, Agus Budiantoro, Roberth Dolfius Manuputty, KOPKAR Arthama Cerah, Sunendi Hadi Widodo, Albertus Bayu Angga Rinaldi Avianto, Akhmat Subhan"
5/21/2025 20:04,2021,Maret,Provinsi Jawa Tengah,Kab. Kendal,601543-PT Bank Perekonomian Rakyat Enggal Makmur Adi Santoso,601543-PT Bank Perekonomian Rakyat Enggal Makmur Adi Santoso,60616857,51628889,54757116,46619468,48009429,39666934,3370733,3680305,716695,581650,1.7,62.56,1.67,100,5.01,12.44,105.03,68.1,"TRI IRWANTORO, HENRY ARDIANTO","ANDREAS HANDOYO, RENNY LIESTYAWATI"
5/21/2025 20:04,2021,Maret,Provinsi Jawa Tengah,Kab. Demak,601367-PT. BPR Mranggen Mitrapersada,601367-PT. BPR Mranggen Mitrapersada,122803849,145323491,81116396,108428472,109042006,131392405,3906883,2961996,654960,1769090,4.26,23.59,4.03,100,3.34,7.99,70.23,81.16,"TRIS IMAM PRAPTO UTOMO, CATHARINA WIDIASTUTI, RADIAWATI","TALIA RIANTINI SANTOSO, IMRON FAUZIE, Drs. AGUS PRAMONO"
5/21/2025 20:04,2021,Maret,Provinsi Jawa Tengah,Kab. Demak,600636-PT Bank Perekonomian Rakyat Artamas,600636-PT Bank Perekonomian Rakyat Artamas,35567919,30476301,28676625,22250440,27013726,22995687,4315534,3193781,425459,473633,9,55.75,5.71,100,4.95,13.04,83.95,76.74,"BINARSO HARIADI, IGN WIDYO SUPRATIGNYO IR","RABU HANDOKO MURDIJANTORO, EKAWATI, PT. SAUDARAJAYA ABADI"
5/21/2025 20:04,2021,Maret,Provinsi Jawa Tengah,Kab. Demak,600600-PT Bank Perekonomian Rakyat Artha Mranggenjaya,600600-PT Bank Perekonomian Rakyat Artha Mranggenjaya,53703442,55128901,44657234,42103068,45913274,47580026,3883253,3459480,331257,573737,9.12,19.44,7.9,100,2.77,14.05,88.45,83.74,"Iwan Ananto Satputro, S.IP., MM, M Zakky Faesal, ST","Ir. Nanda Setiawan, Dr. Gregorius Nasiansenus Masdjojo, M.Kom., M.Si, Chatarina Suryati"
5/21/2025 20:04,2021,Maret,Provinsi Jawa Tengah,Kab. Demak,601541-PT Bank Perekonomian Rakyat BKK Demak Perseroda,601541-PT Bank Perekonomian Rakyat BKK Demak Perseroda,278877145,246342946,184275145,171491525,227261431,198787113,10995330,9732883,2473371,2287904,3.92,39.55,4.47,100,5.42,9.38,71.83,69.85,"SUNOTO, SUTOPO","WAHYU JAYA SEMBODO, Pemerintah Provinsi Jawa Tengah, Pemerintah Kabupaten Demak"
5/21/2025 20:04,2021,Maret,Provinsi Jawa Tengah,Kab. Grobogan,601410-PT Bank Perekonomian Rakyat Bank Purwa Artha (Perseroda),601410-PT Bank Perekonomian Rakyat Bank Purwa Artha (Perseroda),79616171,76826114,57262452,57053892,55062779,52674680,0,0,463494,402368,4.98,70.54,6.82,100,2.78,19.35,83.04,81.59,"Suwanto, SE, Sutartik, SE","Tri Hendarini, SH, Pemerintah Kabupaten Grobogan"
5/21/2025 20:04,2021,Maret,Provinsi Jawa Tengah,Kab. Tegal,600645-PT Bank Perekonomian Rakyat Nusamba Adiwerna,600645-PT Bank Perekonomian Rakyat Nusamba Adiwerna,79848640,77368439,63920420,57409683,70758701,68404478,1039616,1045154,141123,9607,9.53,26.01,8.66,100.98,0.24,13.25,85.67,98.07,"IBNU SETYAWAN BUDI, S.Kom, IMAM SANTOSO, S.Sos","DWI YONO, SE MM, MUHAMAT YUDHI, SE, "
5/21/2025 20:04,2021,Maret,Provinsi Jawa Tengah,Kab. Tegal,600641-PT Bank Perekonomian Rakyat Bank Tegal (Perseroda),600641-PT Bank Perekonomian Rakyat Bank Tegal (Perseroda),108317357,83401949,82160785,66214970,91281191,66531523,0,0,381220,489886,3.32,37.01,3.31,81.39,1.69,23.16,82.95,91.6,"AHMAD EFENDI, NURUL HUDA","TEGUH PURWITO, MOH SOLEH"
5/21/2025 20:05,2021,Maret,Provinsi Jawa Tengah,Kab. Pekalongan,600060-PT Bank Perekonomian Rakyat Sejahtera Artha Sembada,600060-PT Bank Perekonomian Rakyat Sejahtera Artha Sembada,163083478,140288886,122679715,115439372,146080521,126328277,4027988,2913549,1915101,1534352,0.08,16.05,1.2,216.7,4.11,25.08,83.77,84.52,"NUR HIDAYAH, FOREST KHRISNA TRI WASISTO ADY","IVAN AGUSTIANTO PRIHADI, RODIYANTO, ZAINAL ABIDINSYAH SIREGAR, KOPERASI SWADHARMA, PERORANGAN LAINNYA"
5/21/2025 20:05,2021,Maret,Provinsi Jawa Tengah,Kab. Pekalongan,601552-PT Bank Perekonomian Rakyat BKK Kabupaten Pekalongan (Perseroda),601552-PT Bank Perekonomian Rakyat BKK Kabupaten Pekalongan (Perseroda),410343071,391266798,220934841,234178509,365346205,342755108,4103333,8803960,2043241,2266071,9.75,26.51,6.14,100,1.21,32.79,56.04,87.84,"AJI SETYAWAN, ST","JAROT MULYAWAN, SE,M.Si,AKt, ZAJAD DJUAINI, S.Sos, Pemerintah Provinsi Jawa Tengah, Pemerintah Kabupaten Pekalongan"
5/21/2025 20:05,2021,Maret,Provinsi Jawa Tengah,Kab. Grobogan,601519-PT BPR BKK Purwodadi (Perseroda),601519-PT BPR BKK Purwodadi (Perseroda),1086758267,972988812,820134952,795458034,942644764,848976504,31775660,28417496,10573934,9523843,4.09,31.51,3.76,100,4.2,11.92,79.06,71.85,"Imam Budiyanto,SE, Widi Raharjo, SE, Anita Fitriani Yusuf, SE","H. Sutarjo, SE, MM, Pradana Setyawan, S.Pt, MP, Pemerintah Provinsi Jawa Tengah, pemerintah Kabupaten Grobogan"
5/21/2025 20:05,2021,Maret,Provinsi Jawa Tengah,Kab. Grobogan,600541-PT Bank Perekonomian Rakyat Semeru,600541-PT Bank Perekonomian Rakyat Semeru,64248799,56022161,48080693,43283179,52142941,45331998,8840946,3733392,864912,820575,3.4,44.39,3.22,100,4.43,17.85,78.8,68.15,"DAVID ARDHIANSYAH, WISNU WIDINATHA","DRA EKAWATI, LILIS SETYOWATI, AGUS PRAMONO, '', '', '', '', '', '', '', '', ''"
5/21/2025 20:05,2021,Maret,Provinsi Jawa Tengah,Kab. Grobogan,600102-PT BPR Wirosari Ijo,600102-PT BPR Wirosari Ijo,65851549,64355912,42575016,38909540,48986510,48818218,7689331,7082616,817308,666678,11.66,61.3,10.08,100,5.4,10.75,70.76,67.33,"RAHAYU NAHARTO, INDAH WAHYUNI","HARIANTO SOESILO,SE, JOKO PRIYANTO, NANIEK ELIANI, IR ANTONIUS LUNTUNG, INDAH WAHYUNI, HARIANTO SOESILO,SE"
5/21/2025 20:05,2021,Maret,Provinsi Jawa Tengah,Kab. Tegal,600648-PT Bank Perekonomian Rakyat Sahabat Tata,600648-PT Bank Perekonomian Rakyat Sahabat Tata,16055606,16874654,10798235,10565452,8884490,9654664,5889001,5828251,66046,175670,6.99,112.89,5.34,100,1.73,14.17,70.15,87.87,"ISWANTI KHONIFAH, DEWI TRI HANDAYANI","RUSWIRYANI, NANDA KRISHNA WIKRAMA, NANDA KRISHNA WIKRAMA"
5/21/2025 20:05,2021,Maret,Provinsi Jawa Tengah,Kab. Brebes,601444-PT. BPR Jatibarang Sediaguna,601444-PT. BPR Jatibarang Sediaguna,0,0,0,0,0,0,0,0,0,0,0,0,0,0,0,0,0,0,,
5/21/2025 20:05,2021,Maret,Provinsi Jawa Tengah,Kab. Tegal,601472-PT Bank Perekonomian Rakyat Arthapuspa Mega,601472-PT Bank Perekonomian Rakyat Arthapuspa Mega,75292578,78732525,56915930,64971973,66623852,70319728,0,0,292007,169273,8.34,26.17,8.57,100,2.95,17.69,89.06,85.2,"DRS. H. DADI SUMARSANA, SH, MM, MASTIKA, SE","H. DEKRIT YOELIANTO, IR, H. DEKRIT YOELIANTO, IR, DRS. H. DADI SUMARSANA, SH, MM, MASTIKA, SE, HJ. NANI IRIANI, UMI YASAROH, SE"
5/21/2025 20:05,2021,Maret,Provinsi Jawa Tengah,Kab. Tegal,600650-PT Bank Perekonomian Rakyat Nusumma Jateng,600650-PT Bank Perekonomian Rakyat Nusumma Jateng,124578184,123788308,95820279,106446810,111443367,111561845,4216881,3515411,1789136,1478893,7.26,15.16,6.31,100.39,4.14,22.08,87.33,74.44,"Novalia Jelita Sari, Eko Setiawan","Donny Rinaldi, Eky Amrullah, PT Nusantara Bina Artha"
5/21/2025 20:06,2021,Maret,Provinsi Jawa Tengah,Kab. Tegal,601388-PT Bank Perekonomian Rakyat Artha Kramat,601388-PT Bank Perekonomian Rakyat Artha Kramat,19037922,19110963,13239781,13943304,13894149,14019161,2805259,2105911,"-861,486","-214,109",22.64,36.67,18.07,100,0.37,26.67,76.31,97.92,"H YANTO SE, HJ YANI LUSIYAWATI SE","TAUFIK SUSILA BUDIANA SE, H HADIYANTO PRABOWO SE MM, H. HADIYANTO PRABOWO SE MM"
5/21/2025 20:06,2021,Maret,Provinsi Jawa Tengah,Kab. Tegal,601446-PT Bank Perekonomian Rakyat Dhana Adiwerna,601446-PT Bank Perekonomian Rakyat Dhana Adiwerna,29069022,29504203,22682051,24106407,21560302,21607083,2522375,3294100,259345,376020,5.72,53.23,6.71,100,3.94,34.59,86.14,82.43,"ENY ROSANTI, SE, UNTUNG MULDIYANTO, SH","ARIEF HIMAWAN D.N, SE,MM.AKT, ARIEF HIMAWAN DN SE,SE,MM.AKT"
5/21/2025 20:06,2021,Maret,Provinsi Jawa Tengah,Kab. Tegal,601442-PT Bank Perekonomian Rakyat Aris Mentari Ayu,601442-PT Bank Perekonomian Rakyat Aris Mentari Ayu,21826928,20833161,16944680,15717210,17520415,16908217,1480533,1178494,125980,46450,9.93,38.47,8.8,100,1.93,19.68,85.3,90.98,"Aji Wijayanto SE, Surini SE","Istiana Ifada, Mohamad Khawarizmie Alim S.TP, "
5/21/2025 20:06,2021,Maret,Provinsi Jawa Tengah,Kab. Brebes,601401-PT Bank Perekonomian Rakyat Bumiayu Bangun Citra,601401-PT Bank Perekonomian Rakyat Bumiayu Bangun Citra,5831402,5573015,3623471,2970545,2391035,2418185,374428,120953,99204,67142,8.54,113.76,5.96,100.04,5.29,49.65,71.31,73.33,"Abdul Rokhman SE, Susilowati SE","Budi Susiana SE SH MHum MKn, Fitri Herawaty"
5/21/2025 20:06,2021,Maret,Provinsi Jawa Tengah,Kab. Brebes,600540-PT Bank Perekonomian Rakyat BKK Banjarharjo (Perseroda),600540-PT Bank Perekonomian Rakyat BKK Banjarharjo (Perseroda),94195876,92658995,69664030,69164002,72502166,70087149,1678507,3146726,968139,881531,7.48,45.68,9.35,100,2.46,23.11,83.22,84.6,"Muhammad Abdillah, SE","Riena Retnaningrum, SH, Rosidah, SE, MSi"
5/21/2025 20:06,2021,Maret,Provinsi Jawa Tengah,Kab. Brebes,602468-PT Bank Perekonomian Rakyat Arisma Mandiri,602468-PT Bank Perekonomian Rakyat Arisma Mandiri,7540306,7840444,5925759,5475479,3650511,4154920,533232,322951,106563,112573,9.68,50.61,10.23,109.97,4.07,23.23,84.24,83.13,"FASICHIN, DIAN INDRIASARI DY","MUAFIF, MASFUI MASDUKI, Drs. H. Masfui Masduki MM, Drs. Tamim Saefudin, Dr. Ikhwanudin, Drs. Muafif, Dr. Sjofjan Bakar, Dr Mohammad Joesro, Liza Hanie Ardiani, Soraya Dahabtun Nafsi"
5/21/2025 20:07,2021,Maret,Provinsi Jawa Tengah,Kab. Pati,600071-PT. BPR Artaperdana Delta Sentosa,600071-PT. BPR Artaperdana Delta Sentosa,18326593,19246496,11752844,13424780,14095535,15613166,2484253,2059329,175731,2927,12.16,35.94,18.1,100,2.33,34.38,78.32,87.32,"WIDIASTUTI RATNANINGSIH SE, PIUS GORA YUDA BASKARA","DRS SUKADAM MM, TUMIDJAN SH, DRS SAWIDJAN MM"
5/21/2025 20:07,2021,Maret,Provinsi Jawa Tengah,Kab. Brebes,602751-PT Bank Perekonomian Rakyat Muhadi Setia Budi,602751-PT Bank Perekonomian Rakyat Muhadi Setia Budi,39620613,27036912,30193001,22866966,28587065,16625082,182221,0,312473,262028,3.62,41.11,2.77,100,4.48,61.45,89.16,75.21,"DWOYO WIDYONO, HARIMAN","MUH. SUPRIYONO, AKHMAD SUDIBYO, MUHADI SETIA BUDI, ATI SRI SUBEKTI, DEDY YON SUPRIYONO, YANTI RIA ANGGRAENI, DIAN AYU MERISAWATI"
5/21/2025 20:07,2021,Maret,Provinsi Jawa Tengah,Kab. Pati,601507-PT BPR BKK Pati ( Perseroda ),601507-PT BPR BKK Pati ( Perseroda ),345582184,312387407,213256005,205542101,305318572,275665375,5988148,5334694,502608,468032,9.94,30.25,7.03,100,2.3,12.94,65.83,83.58,"SLAMET WIDODO, SE, KURNIAWAN NOR HENDRATNO, S.Sos, JUDIWITO, SE","ASIH HARIYATI, SE, ANIK SUKRISTIYANI, SE, M.Si"
5/21/2025 20:07,2021,Maret,Provinsi Jawa Tengah,Kab. Pati,601441-PT Bank Perekonomian Rakyat Mitra Pati Mandiri,601441-PT Bank Perekonomian Rakyat Mitra Pati Mandiri,46412363,42944727,33520702,32230060,38334390,36269450,5049804,3709220,448169,386057,3.51,42.93,2.3,100,3.91,25.87,76.27,75.35,Endang Kartika Puji Astuti,"Toto sugianto, Dwi Atmodjo, Kopkar Bank Yudha Bakti"
5/21/2025 20:07,2021,Maret,Provinsi Jawa Tengah,Kab. Pati,601458-PT Bank Perekonomian Rakyat Asabahana Sejahtera,601458-PT Bank Perekonomian Rakyat Asabahana Sejahtera,29256546,22987772,18718073,18986377,21954130,16469589,1235265,905796,192143,458643,12.28,63.75,9.84,100,3.49,27.72,68.86,79.98,"SUBIYANTO, SE.MM, IR. ENDARTINI","DWI ATMODJO, SE, SITI ROKHAYATI, SE, IR ENY WAHYUNINGSIH"
5/21/2025 20:07,2021,Maret,Provinsi Jawa Tengah,Kab. Pati,602071-PT. BPR Kusuma Arta Rini,602071-PT. BPR Kusuma Arta Rini,0,0,0,0,0,0,0,0,0,0,10.11,67.09,9.55,100,1.3,22.29,81,93.15,"Teguh Leksono, SE","Drs. Ign. Sawidjan, MM, Tumidjan, SH"
5/21/2025 20:07,2021,Maret,Provinsi Jawa Tengah,Kab. Pati,601879-PT Bank Perekonomian Rakyat Bank Daerah Pati (Perseroda),601879-PT Bank Perekonomian Rakyat Bank Daerah Pati (Perseroda),437969268,410485272,369629619,364648939,382418381,360724914,0,0,1877693,1801436,2.07,16.04,2.85,100,2.64,13.71,89.61,78.88,"ARIF BUDIARTO, SUDONO, SRI HARTIWIN","SUHARTO, SE, BAMBANG RIYANTO, PEMERINTAH DAERAH KABUPATEN PATI"
5/21/2025 20:07,2021,Maret,Provinsi Jawa Tengah,Kab. Pati,601460-PT. BPR Juwana Artha Sentosa,601460-PT. BPR Juwana Artha Sentosa,73121337,62273068,57636344,50194101,63979798,53778226,4609155,3809673,208893,366678,7.98,32.66,6.44,100,1.13,10.5,85.17,91.97,"Ir. AGUSTINUS SUTEJO,M.M, DESEY ADE SETIYARINI,S.Sos","SITI ROKHAYATI,SE, ANDREAS HERYJANTO GONDOSEPUTRO, JULIJANTO BUDIHARDJO"
5/21/2025 20:08,2021,Maret,Provinsi Jawa Tengah,Kab. Pati,601685-PT Bank Perekonomian Rakyat Sungkunandhana,601685-PT Bank Perekonomian Rakyat Sungkunandhana,41030435,41864146,29837560,34322154,27772372,27840548,4587101,4839726,1084644,1597554,3.57,72.3,4.31,100,12.71,38.3,79.3,61.42,"AYUDI, SE","MARUHUM TH MALAU, SUHARI, SE, LUCERIA SIAGIAN, SIHAR PH. SITORUS, IKA ROHANI SITORUS, ADUMAHARI RM. SITORUS, HAKIM AGUNG S. SITORUS, SABAR GANDA LEONARDO SITORUS"
5/21/2025 20:08,2021,Maret,Provinsi Jawa Tengah,Kab. Kudus,600547-PT Bank Perekonomian Rakyat Bank Daerah Kudus (Perseroda),600547-PT Bank Perekonomian Rakyat Bank Daerah Kudus (Perseroda),71185288,75651767,47449959,53522659,54963412,55902303,"-4,817,173",764053,2443265,203842,13.27,37.15,10.66,97,-3.77,27.59,73.28,122.47,"NATARIA IKA PRASETYAWATI, SE, M.SI, HIDAYATUL NGULUM, ST","JOKO PRIYANTO, NOOR RIDHO, PEMERINTAH KABUPATEN KUDUS"
5/21/2025 20:08,2021,Maret,Provinsi Jawa Tengah,Kab. Kudus,600875-PT Bank Perekonomian Rakyat Catur Artha Jaya,600875-PT Bank Perekonomian Rakyat Catur Artha Jaya,89604265,69760911,59562254,52235074,81311758,61941684,1896169,1699561,396338,119666,4.16,21.69,4.22,100,2.5,23.17,71.07,85.49,"SUPRIYANTO, PANDI","SINYO BASTIAN, AGUS TJONDRO WIJONO, SINYO BASTIAN"
5/21/2025 20:08,2021,Maret,Provinsi Jawa Tengah,Kab. Kudus,601411-PT BPR Dananta,601411-PT BPR Dananta,13418055,12190094,10167959,10509517,11855104,11073274,"-2,733,162","-2,900,137",136113,156957,8.48,18.16,11.66,100,1,31.9,105.93,84.82,"Tatut Suharso, Sugiyono","Mashari, SE, MM, Budiningsih, Mashari, SE, MM, Rully Kristyaningsih, Budiningsih, Tatut Suharso, Ruri Nurindah, Diah Ayu Listiorini"
5/21/2025 20:08,2021,Maret,Provinsi Jawa Tengah,Kab. Kudus,601420-PT Bank Perekonomian Rakyat Mitra Budikusuma Mandiri,601420-PT Bank Perekonomian Rakyat Mitra Budikusuma Mandiri,26412288,21433991,19852342,18360480,21917908,17467436,951174,496047,125083,52385,5.34,31.94,5.18,100,2.18,20.95,84.88,88.27,ANITA ADELINA,"HARYANTO, TATANG SIGIT MUGIONO, KOPKAR BANK YUDHA BHAKTI"
5/21/2025 20:08,2021,Maret,Provinsi Jawa Tengah,Kab. Kudus,601454-PT Bank Perekonomian Rakyat Taruna Adidaya Santosa,601454-PT Bank Perekonomian Rakyat Taruna Adidaya Santosa,53284700,54461882,34282527,35488696,44212822,46361060,3064926,1852635,191645,432880,6.07,43.02,4.41,100,2.5,14.71,66.8,83.05,"SANTOSO, S.PD, MUCHAMAD ISA GAUTAMA","JOHANES HANDOKO WIDJAJA, SUKAMTO, JOHANES HANDOKO WIDJAJA"
5/21/2025 20:08,2021,Maret,Provinsi Jawa Tengah,Kab. Kudus,601505-PT BPR BKK Kudus (Perseroda),601505-PT BPR BKK Kudus (Perseroda),212531579,191937978,104863785,100857571,189781993,171529121,4646444,3928768,967224,1112775,7.94,25.86,7.02,100,2.8,11.63,53.38,80.17,"H. NOOR MASTIKO, SH, KASMONO, SE","SUKO MARDIONO, S.H., M.M., PEMERINTAH PROPINSI JAWA TENGAH"
5/21/2025 20:08,2021,Maret,Provinsi Jawa Tengah,Kab. Pemalang,600015-PT Bank Perekonomian Rakyat Panasayu Arthalayan Sejahtera,600015-PT Bank Perekonomian Rakyat Panasayu Arthalayan Sejahtera,78366766,35217463,66401438,28101906,68131264,27666226,2870446,817571,1165056,533666,3.5,29.5,3.26,95.49,5.99,28.16,91.35,69.5,"Darusman, Nursapto Edy","Hadi Sintoro, Sulistyowarno Priyo Yunanto, Hadi Sintoro"
5/21/2025 20:08,2021,Maret,Provinsi Jawa Tengah,Kab. Kudus,601455-PT. BPR Hartha Muriatama,601455-PT. BPR Hartha Muriatama,26571993,23794958,17925929,16977037,20033187,21123533,"-778,720","-841,727",155134,157760,11.37,55.15,9.79,103.51,0.24,51.17,72.02,98.5,"FELIX SUSWANTO, SINDANG IWARI","RATNA SARI, ASNAN SALEH, AJI PRAYITNO"
5/21/2025 20:08,2021,Maret,Provinsi Jawa Tengah,Kab. Pemalang,600640-PT Bank Perekonomian Rakyat Bank Pemalang (Perseroda),600640-PT Bank Perekonomian Rakyat Bank Pemalang (Perseroda),64892292,65030876,55289720,49139010,51852218,51142332,661416,839909,"-40,019","-96,324",9.33,37.6,8.4,81.18,1.36,7.01,89.91,89.25,"NOOR KHOLIS, SE, MM, TRI HARY SUBEKTI, SE","AGUS IKMALUDIN, SE, MM, ROSI KARTIKA DEWI, SE.Akt, MSi"
5/21/2025 20:09,2021,Maret,Provinsi Jawa Tengah,Kab. Jepara,601481-PT BPR BKK Jepara (Perseroda),601481-PT BPR BKK Jepara (Perseroda),378772456,329189370,272998063,239789094,334843529,289642041,9791004,8539979,2496041,2369787,1.39,21.94,2.11,100,3.68,9.64,76.57,73.92,"Basri, Ahjani Kustijawati","Agung Partono, Edy Supriyanta, Pemprov Jateng"
5/21/2025 20:09,2021,Maret,Provinsi Jawa Tengah,Kab. Pemalang,601570-PT Bank Perekonomian Rakyat BKK Taman (Perseroda),601570-PT Bank Perekonomian Rakyat BKK Taman (Perseroda),190534260,192934602,157775900,161844053,165184215,168360002,3667134,3857372,825555,477051,4.65,24.74,6.11,115.21,2.06,10.79,87.68,82.88,"Haryanto, SE, Sutrisno, SE.MM","Safitri Handayani, SH, Sp.N, M.Kn, Dr.A.P.Ir. Mohamad Arifin, M.Si, Pemerintah Propinsi Jawa Tengah"
5/21/2025 20:09,2021,Maret,Provinsi Jawa Tengah,Kab. Pemalang,601384-PT Bank Perekonomian Rakyat Hidup Artha Putra,601384-PT Bank Perekonomian Rakyat Hidup Artha Putra,71759633,70962423,43445090,50926433,61703949,61676169,3709399,2872141,226285,294113,8,39.48,5.47,100,1.25,10.3,62.91,90,,
5/21/2025 20:09,2021,Maret,Provinsi Jawa Tengah,Kab. Blora,600430-Perumda BPR Bank Blora Artha,600430-Perumda BPR Bank Blora Artha,78069184,52663895,55520064,36885510,69281232,43969668,0,0,206762,261482,5.06,17.84,4.13,100,1.16,14.37,91.18,91.43,"Arief Syamsuhuda, Sigit Arie Heryanto","Wiji Utomo, Mochamad Mutiyono"
5/21/2025 20:09,2021,Maret,Provinsi Jawa Tengah,Kab. Rembang,601497-PT BPR BKK Lasem (Perseroda),601497-PT BPR BKK Lasem (Perseroda),642783073,611032344,464187964,462162828,574176777,543928589,10001533,11259104,3020646,2061991,12.77,24.06,11.09,100,2.35,17.26,77.34,80.74,"MOKH. SUWARNO, SE, M.SI, HERRY SETYO NUGROHO, ST, KARYONO EKO PRIYA SANTOSA, SE","ABDULLAH ZAWAWI, S.SOS., MM, ANANTO PRADONO, SE, IR. AGUS WARIYANTO, S.IP,MM"
5/21/2025 20:09,2021,Maret,Provinsi Jawa Tengah,Kab. Blora,600591-PT Bank Perekonomian Rakyat Dutabhakti Insani,600591-PT Bank Perekonomian Rakyat Dutabhakti Insani,203971674,179859904,168428398,152200401,176222376,154328621,4891039,4217871,1159814,832837,3.54,38.77,3.33,100,3.44,9.76,89.95,79.37,"SANTOSA, RETNO YULIANINGSIH","WYMBO WIDJAKSONO, JUANDA CAHYADI HARTONO, BUDHI MOELJONO, BUDHI HARTONO, BUDHI SANTOSO, WYMBO WIDJAKSONO"
5/21/2025 20:09,2021,Maret,Provinsi Jawa Tengah,Kab. Banyumas,600241-PT. BPR Artha Mekar Sokaraja,600241-PT. BPR Artha Mekar Sokaraja,0,0,0,0,0,0,0,0,0,0,0,0,0,0,0,0,0,0,,
5/21/2025 20:09,2021,Maret,Provinsi Jawa Tengah,Kab. Rembang,600553-PT BPR Bank Rembang (Perseroda),600553-PT BPR Bank Rembang (Perseroda),124152833,107368231,91759693,86030296,108063849,92605250,578791,1552554,210728,521460,15.84,38.48,11.69,100,0.44,18,76.78,95.71,"DRS. M. AMIN MANSYUR, AHMAD NAWAWI, SE","DRS. DRUPODO, M.SI, DRS. AKHSANUDDIN, MM, PEMERINTAH DAERAH REMBANG"
5/21/2025 20:09,2021,Maret,Provinsi Jawa Tengah,Kab. Blora,600608-PT BPR Cepu Nasionalbank,600608-PT BPR Cepu Nasionalbank,15588637,17161031,10375647,10129138,11231527,12864199,3160957,3051652,"-3,847",230840,7.02,74.12,6.05,100,0.4,16.21,70.23,96.07,"PARYOTO, LILIANA INDAH JUWITANINGTYAS","BUDI PRASETIO, SUJARWO, PT YASANIAGA UTAMA MULIA"
5/21/2025 20:09,2021,Maret,Provinsi Jawa Tengah,Kab. Jepara,600571-PT. BPR Nusamba Pecangaan Jepara,600571-PT. BPR Nusamba Pecangaan Jepara,130427538,118126982,82762860,80686937,115505764,103178981,5872969,6075465,575605,459336,5.74,28.26,3.77,100,0.52,16.62,65.3,89.97,,
5/21/2025 20:10,2021,Maret,Provinsi Jawa Tengah,Kab. Jepara,600312-PT BPR Bank Jepara Artha (Perseroda),600312-PT BPR Bank Jepara Artha (Perseroda),391633217,341094557,335585767,286517633,348161284,299668381,0,0,2483573,1830886,1,22.03,1.56,100,2.6,15.68,93.27,80.43,,
5/21/2025 20:10,2021,Maret,Provinsi Jawa Tengah,Kab. Blora,601471-PT. BPR Dhana Mitratama,601471-PT. BPR Dhana Mitratama,29793284,24297928,23718189,18922656,22727527,17641867,1589217,1211246,121016,220669,2.39,57.04,2.17,100,2.95,22.2,89.36,82.59,"HARIYANTO, SUTIYONO","MOCHAMAD KASIR, SRI SURYANI, MUSYAROFAH"
5/21/2025 20:10,2021,Maret,Provinsi Jawa Tengah,Kab. Banyumas,600619-PT Bank Perekonomian Rakyat Gunung Simping Artha,600619-PT Bank Perekonomian Rakyat Gunung Simping Artha,272931788,268342112,254817852,246959014,227798807,225249103,6262934,6644585,2388095,1966472,0.19,17.64,0.41,100,2.67,7.66,95.54,69.72,"H. BAGAS WASKITO K,SE, BUDY SUKARYO,AMD","YUANITA FEVTININGSIH,SE, SUNGKOWO,SE, H MUDJADI DJAJADINATA,SE,MBA"
5/21/2025 20:10,2021,Maret,Provinsi Jawa Tengah,Kab. Blora,601479-PT Bank Perekonomian Rakyat Badan Kredit Kecamatan Blora (Perseroda),601479-PT Bank Perekonomian Rakyat Badan Kredit Kecamatan Blora (Perseroda),333047180,302993321,231551729,226425404,278985573,249472642,8893386,9789376,2348893,2478275,13.73,29.83,15.11,100,3.48,23.07,78.93,79.46,"PUGUH HARYONO, SUKARNO","IWANUDDIN ISKANDAR,SH.MHUM"
5/21/2025 20:10,2021,Maret,Provinsi Jawa Tengah,Kab. Banyumas,601449-PT Bank Perekonomian Rakyat Mitra Gema Mandiri,601449-PT Bank Perekonomian Rakyat Mitra Gema Mandiri,41564512,36687662,31983159,25264826,36434248,32428712,979763,487412,153001,188038,2.29,22.65,2.29,100,2.79,23.56,85,88.31,"ASEP RIP RIP, ANI KURNIAWATI","DWI INDRIYANIE, FATKHURROHMAN, KOPKAR BANK YUDHA BHAKTI"
5/21/2025 20:10,2021,Maret,Provinsi Jawa Tengah,Kab. Banyumas,600497-PT Bank Perekonomian Rakyat Badan Kredit Kecamatan Purwokerto (Perseroda),600497-PT Bank Perekonomian Rakyat Badan Kredit Kecamatan Purwokerto (Perseroda),883390711,906332449,563458215,548882901,762530988,789536817,22005161,25005275,7093792,5233294,4.72,32.77,4.14,100,2.93,38.8,66.6,71.96,"Wahono, SE, Sugeng Prijono, SE, Hari Saptono, SH","PrijoAnggoro Budi R, SH.M.SI, Wahyu Widiarto, SE, M.SI, Drs. H. Sugeng, M.M., M.Si"
5/21/2025 20:10,2021,Maret,Provinsi Jawa Tengah,Kab. Banyumas,601469-PT Bank Perekonomian Rakyat Soka Panca Artha,601469-PT Bank Perekonomian Rakyat Soka Panca Artha,25834280,30104727,13282912,14967082,16818212,21155914,236644,578460,21569,78158,5.94,67.03,4.51,100,0.6,12.44,58.73,94.09,"SRI INDRAWATI, PONCO TRIYONO","JUDI KRISTIANTO, AGUS SOESANTO, Djoko Suriawan"
5/21/2025 20:10,2021,Maret,Provinsi Jawa Tengah,Kab. Banyumas,600695-PT Bank Perekonomian Rakyat Dana Mitra Sakti,600695-PT Bank Perekonomian Rakyat Dana Mitra Sakti,38618895,25877581,30439292,20114634,31889485,19460535,24446,"-191,448",152681,56211,1.22,42.22,2.18,100,2.9,25.95,83.91,82.65,"ACHMAD SUPRIYONO, EKO PRAYITNO","SUKRASNO, SE, THORIK ALAMUDI"
5/21/2025 20:10,2021,Maret,Provinsi Jawa Tengah,Kab. Banyumas,601400-PT Bank Perekonomian Rakyat Tirta Danarta,601400-PT Bank Perekonomian Rakyat Tirta Danarta,17335943,15479895,13246728,12434540,13799854,11987114,"-1,056,933","-1,199,262","-17,394",81627,6.49,39.73,6.78,100,0.32,17.02,81.86,98,"Cipto Lesyanto Sumartono, Nur Setyowati","Antonius Prasetya Yossanto, Vaulinus Bramantya, Leonardus Arum Riyana, Herman Yoseph Susmanto"
5/21/2025 20:10,2021,Maret,Provinsi Jawa Tengah,Kab. Banyumas,602736-PT Bank Perekonomian Rakyat Dana Pensiun Taspen Jateng,602736-PT Bank Perekonomian Rakyat Dana Pensiun Taspen Jateng,92661192,73764655,79716458,62955518,82484537,64602876,882030,490356,419812,213018,0.92,18.1,1.58,89.42,2.6,12.48,92.81,81.15,"LINNA MULATSIH, SURYO SUBENO","A. A. NGR OKA MULIAWAN, KARYAWAN HARI SUSETYO, DANA PENSIUN KARYAWAN TASPEN"
5/21/2025 20:10,2021,Maret,Provinsi Jawa Tengah,Kab. Cilacap,601463-PT. BPR Kroya Bangunartha,601463-PT. BPR Kroya Bangunartha,54270197,46340309,44265519,37879510,46598185,39235795,992549,544608,67431,82257,2.72,27.79,3.1,100,1.73,18.07,84.19,90.49,"SIGIT YUNIANTORO, S.SI, YONEDA PATIMURA, SE","DR. R AGUS BASUKI, M.M, BAMBANG DJOKO SETYONO, S.H, DANA PENSIUN SYARIAH MUHAMMADIYAH"
5/21/2025 20:11,2021,Maret,Provinsi Jawa Tengah,Kab. Cilacap,600614-PT Bank Perekonomian Rakyat Gunung Slamet,600614-PT Bank Perekonomian Rakyat Gunung Slamet,731658926,681484267,662908511,617784453,570471075,533924062,0,0,7760314,7333442,1.85,39.19,2.1,98.76,4,9.12,93.94,62.22,"Dwi Aribowo, Kukuh Dwi Prasetio, Irawan Jayasaputra","Sentot Sujiono, Bambang Wijanarko, Mujijat, H. Mudjadi Djajadinata"
5/21/2025 20:11,2021,Maret,Provinsi Jawa Tengah,Kab. Cilacap,601728-PT Bank Perekonomian Rakyat Artha Rahayu,601728-PT Bank Perekonomian Rakyat Artha Rahayu,46539500,44926099,35661502,32373821,38436412,37504165,1200000,835549,224243,245425,5.53,43.09,4,100,1.73,8.59,81.05,87.55,"Chandra Prihatin, Sunardi","Sutanto, Andi Prananto"
5/21/2025 20:11,2021,Maret,Provinsi Jawa Tengah,Kab. Banyumas,601432-PT Bank Perekonomian Rakyat Eleska Artha,601432-PT Bank Perekonomian Rakyat Eleska Artha,15986308,6294874,8461811,3488226,6693391,4839306,"-997,374","-1,227,423",132499,25199,11.87,176.07,5.3,81.52,2.76,134.34,68.04,77.52,"YUDI ADI WIBOWO, K. NINING WIDIASTUTI","HADI SUPENO, EMILA HAYATI"
5/21/2025 20:11,2021,Maret,Provinsi Jawa Tengah,Kab. Cilacap,601628-PT Bank Perekonomian Rakyat Badan Kredit Kecamatan Cilacap (Perseroda),601628-PT Bank Perekonomian Rakyat Badan Kredit Kecamatan Cilacap (Perseroda),425920900,380015443,267359217,270627532,361309704,316729769,10140371,11930553,2401124,3194309,3.69,28.05,6.52,100,2.79,40.83,69.27,78.56,"TRI BASUKI, YAYAT SUMARYOTO, SEPTIADI","AGUS NUGROHO ADI PRASETYO, ARIDA PUJI HASTUTI, ASMO WIJOYO"
5/21/2025 20:11,2021,Maret,Provinsi Jawa Tengah,Kab. Cilacap,600621-PT Bank Perekonomian Rakyat Citanduy Artha,600621-PT Bank Perekonomian Rakyat Citanduy Artha,94276957,83754596,82810587,77500506,77710327,66207391,0,2146046,839929,674458,0.36,21.43,0.48,100,3.23,16.56,90.35,77.89,"BAMBANG TRIATMOKO, A.Md, GURUH HIMAWAN, SE","H. MUDJADI DJAJADINATA, SE.MBA, RR. AGUSTIN HERLINAWATI, SE"
5/21/2025 20:11,2021,Maret,Provinsi Jawa Tengah,Kab. Purbalingga,601375-Perumda Bank Perekonomian Rakyat Artha Perwira,601375-Perumda Bank Perekonomian Rakyat Artha Perwira,110261580,110715416,79057502,82966807,87409307,85554655,0,5136573,1323716,1185588,7.87,28.3,6.21,100,1.56,34.32,70.76,61.58,"Yulan Setiawan,S.Sos","DR Pramono Hariadi, MM, Drs Agus Winarno, Msi"
5/21/2025 20:11,2021,Maret,Provinsi Jawa Tengah,Kab. Cilacap,602463-PT. BPR Ukabima Sejahtera,602463-PT. BPR Ukabima Sejahtera,37164179,31426600,27764436,24536431,29559138,24080076,574883,630934,348138,149553,6.06,40.49,4.57,100,2.38,28,79.88,87.38,Ignas Sunarno,"Albertus Iwan Susetyo, PT. Usaha Karya Bina Mandiri"
5/21/2025 20:11,2021,Maret,Provinsi Jawa Tengah,Kab. Purbalingga,601627-PT Bank Perekonomian Rakyat Badan Kredit Kecamatan Purbalingga (Perseroda),601627-PT Bank Perekonomian Rakyat Badan Kredit Kecamatan Purbalingga (Perseroda),407908250,433765626,279949459,277215089,340781817,371693360,11748467,11431714,1754383,776043,6.03,32.7,5.85,99.98,3.95,21.51,72.27,73.18,"SUPRIYONO, RUDIYANTO, SUTOYO","SUGENG RIYANTO, BUDI SUSETYONO, ULIL ARCHYAN, PEMPROV JAWA TENGAH, PEMDA KAB, PURBALINGGA"
5/21/2025 20:11,2021,Maret,Provinsi Jawa Tengah,Kab. Cilacap,601878-PT Bank Perekonomian Rakyat Banyu Arthacitra,601878-PT Bank Perekonomian Rakyat Banyu Arthacitra,37732760,34660192,29892000,22845586,30742709,27761248,0,0,227574,187937,1.87,34.17,4.28,100,3.36,10.13,84.61,82.06,"KHOZINUL MAHSUN, S.E, SATIAJI HERU PRABOWO, S.E","LAKSANA DWI LISTANTO, S.H, EKO YULI PRIYONO, S.T"
5/21/2025 20:11,2021,Maret,Provinsi Jawa Tengah,Kab. Purbalingga,602730-PT Bank Perekonomian Rakyat Buana Arthakassiti,602730-PT Bank Perekonomian Rakyat Buana Arthakassiti,42263931,38144826,33965679,29561537,25293325,23296427,11301176,9097629,669430,750770,2.18,46.88,1.48,100,1.57,30.28,83.5,54.27,"Drs. EDI PURWOTO, TANTO, S.Pi.","HENDI EFENDI, S.Sos, UNTUNG SUGIMAS, SE"
5/21/2025 20:12,2021,Maret,Provinsi Jawa Tengah,Kab. Magelang,600075-PT. BPR Hidup Arthagraha,600075-PT. BPR Hidup Arthagraha,270399813,272089194,141058524,145939250,240515612,241236077,17428474,18370533,455727,482584,11.33,32.08,12.5,279.17,1.15,15.95,54.98,88.8,"ONGGO PURNOMO SE, LAILI NUGRAHAINI SH, NOOR HAMZAH SE","WIDAGDO LAGAIDA PRABOWO BSC MINSC, TRIANA LISTIANI SE"
5/21/2025 20:12,2021,Maret,Provinsi Jawa Tengah,Kab. Banjarnegara,601610-PT Bank Perekonomian Rakyat Badan Kredit Kecamatan Mandiraja (Perseroda),601610-PT Bank Perekonomian Rakyat Badan Kredit Kecamatan Mandiraja (Perseroda),578730490,594164005,406480009,371038403,521532778,551024599,5875468,2868107,2227291,1717339,13.02,18.6,8.62,100,1.54,29.43,76.27,63.11,"Dr. SRI HAYATI, SE., M.Si, SETYO UJIANTORO,S.E.","EDDY SULISTIYO BRAMIYANTO,SE., MM., KADARYAMI,S.E.,M.M., PEMPROV JATENG, PEMKAB BANJARNEGARA"
5/21/2025 20:12,2021,Maret,Provinsi Jawa Tengah,Kab. Magelang,600067-PT Bank Perekonomian Rakyat Prima,600067-PT Bank Perekonomian Rakyat Prima,89884294,86145539,61473918,58154541,81275350,78348782,1278946,2145344,129998,251413,7.94,25.9,5.78,100,1.53,11.56,74.71,87.1,"ENDANG RAHAJU, SE, ELLY SUSANTA, SPT","RAYMOND SURYA PUTRA, BAMBANG ESTI WIWOHO SE, WIDODO"
5/21/2025 20:12,2021,Maret,Provinsi Jawa Tengah,Kab. Banjarnegara,601374-PT Bank Perekonomian Rakyat Surya Yudhakencana,601374-PT Bank Perekonomian Rakyat Surya Yudhakencana,2861973458,2850835593,2235478790,2354949376,2459371218,2465445059,112093172,89906266,8509068,13484268,4.14,34.94,5.27,100,2.6,18,82.27,80.69,"SUGENG RIYANTO, SRI WAHYU UTAMI, WAHJOE ROEKMONO","EMILA HAYATI, DICKY FIRMAN TARIGAN, HADI SUPENO, SATRIYO YUDIARTO"
5/21/2025 20:12,2021,Maret,Provinsi Jawa Tengah,Kab. Magelang,600598-PT Bank Perekonomian Rakyat Artha Mertoyudan,600598-PT Bank Perekonomian Rakyat Artha Mertoyudan,459373286,484328654,287464013,296978637,361610014,390784295,2984783,"-1,067,558",3598700,3432128,4.8,37.3,4.05,100,3.03,10.61,65.58,79.26,"FIKA MELYANA, PUDJI PRIBADI, EDDY MARDJONO BINTORO","MEDWIN RUKMANA WAHYADIYATMIKA, BAMBANG HARIYANTO, TRI SELO, DAVID HERMAN JAYA"
5/21/2025 20:12,2021,Maret,Provinsi Jawa Tengah,Kab. Magelang,600549-PT BPR Bank Bapas 69 (Perseroda),600549-PT BPR Bank Bapas 69 (Perseroda),1160339025,1098948899,851994537,875438472,1023864517,967162712,0,0,7021086,7472349,1.14,26.89,2.61,100,2.83,12.66,80.41,76.85,"Rohmad Widodo, SE, Dyah Retno Andiani, SH","M. Nur Rochmad Isro'I, SE, Tri Hendarini, SH, Suratno, SE. MM, PEMDA KABUPATEN MAGELANG"
5/21/2025 20:12,2021,Maret,Provinsi Jawa Tengah,Kab. Magelang,600563-PT Bank Perekonomian Rakyat Mulyo Lumintu,600563-PT Bank Perekonomian Rakyat Mulyo Lumintu,21353801,22934818,14997987,16693247,14858087,16320522,389716,501274,105998,113022,10.05,71.19,7.51,100,1.74,17.55,73.01,89.53,"YUNITA RACHMAWATI, SE","ANDREAS HANDOYO (TJAN HOK LIANG), DJOKO ISMOYO BUDIHARDJO, IR. SOEBIARSO MULJOPUTRO, IR. BAMBANG HANDOKO KOESNADI, CHRISTANTO"
5/21/2025 20:12,2021,Maret,Provinsi Jawa Tengah,Kab. Magelang,600610-PT Bank Perekonomian Rakyat Kembang Parama,600610-PT Bank Perekonomian Rakyat Kembang Parama,145095061,139707386,79104195,79529534,126742729,123670604,708379,3131,843953,13651,21.09,28.94,15.57,100,1.32,13.41,60.11,89.25,"AGUSTINUS JOKO PUJI ISWANTO, YULIANA RUBIYATI","SUKOTJO MANGUN RAHARDJO, IDA SUSANTI, PUDJIASTUTI"
5/21/2025 20:12,2021,Maret,Provinsi Jawa Tengah,Kab. Magelang,601115-PT BPR Sejahtera,601115-PT BPR Sejahtera,35352842,34031266,28870786,29095814,29414588,28013250,2948387,2701239,"-414,069","-87,659",18.83,27.72,12.84,100,1.18,17.42,90,96.78,"Wawan Zuliatmoko USN SE, Dhanis Woro SE","Dewi Anik Sumarsih, Pranantyo Setyabudi Tjokrowidodo, Pranantyo Setyabudi Tjokrowidodo"
5/21/2025 20:12,2021,Maret,Provinsi Jawa Tengah,Kab. Magelang,601417-PT Bank Perekonomian Rakyat Danarakyat Sentosa,601417-PT Bank Perekonomian Rakyat Danarakyat Sentosa,115572381,102510612,64145325,68672796,103552752,92854200,5108791,2443798,310838,612614,2.14,29.21,1.97,100,2.59,14.8,64.3,87.3,"Denny Santoso Purnomo, Eko Kurnianto","H Ahmad Rozali Sohar, Lianawati, Ir Bambang Handoko Kosnadi, Cynthia Herawati Koesbiantoro"
5/21/2025 20:12,2021,Maret,Provinsi Jawa Tengah,Kab. Magelang,601478-PT Bank Perekonomian Rakyat Badan Kredit Kecamatan Muntilan (Perseroda),601478-PT Bank Perekonomian Rakyat Badan Kredit Kecamatan Muntilan (Perseroda),216574080,208495882,168673459,160852332,186369870,178604187,3293001,4141279,989748,491560,3.93,34.01,3.91,100,2.72,6.67,81.85,81.23,"Arifin, Agustinus Subekti Rahyuwono, Mulyono","Sukarno, Siti Zumaroh, Pemerintah Provinsi Jawa Tengah, Pemerintah Kabupaten Magelang"
5/21/2025 20:13,2021,Maret,Provinsi Jawa Tengah,Kab. Magelang,601451-PT Bank Perekonomian Rakyat Artha Sambhara,601451-PT Bank Perekonomian Rakyat Artha Sambhara,123069819,131437002,93376106,99434840,105987940,115917634,835936,19586,885943,939782,16.76,31.53,13,100,3.73,12.82,79.46,74.09,"ROHMAD SUHARTO, SAWAB BERO SUDIRJO BAWON","SUKOTJO MANGUNRAHARDJO, ANA PERWATI, RUDI RAHARJA, SUKOTJO MANGUN RAHARDJO"
5/21/2025 20:13,2021,Maret,Provinsi Jawa Tengah,Kab. Temanggung,600263-PT Bank Perekonomian Rakyat Suryakusuma Kranggan,600263-PT Bank Perekonomian Rakyat Suryakusuma Kranggan,25165595,24560968,15953575,15607454,17676595,16579384,974012,1463340,"-85,012",234035,9.21,71.78,8.29,90.15,2.82,17.27,68.79,79.87,"DJOKO SETIO UTOMO, DM AGUS RISDYANTO","TANTY EDOWATY, DJOKO ISMOYO, TANTY EDOWATY, IWAN SANTOSO, HERDIANTO HARIWOBO, T ESTER ARFIANTI, CLAUDIA NATALIA ELFANDARI"
5/21/2025 20:13,2021,Maret,Provinsi Jawa Tengah,Kab. Wonosobo,600058-PT BPR Artha Selomanik Putra,600058-PT BPR Artha Selomanik Putra,0,0,0,0,0,0,0,0,0,0,0,0,0,0,0,0,0,0,,
5/21/2025 20:13,2021,Maret,Provinsi Jawa Tengah,Kab. Temanggung,600555-PT BPR Bank Temanggung (Perseroda),600555-PT BPR Bank Temanggung (Perseroda),464986811,401836099,355963499,351021579,410610277,350742205,8486409,9299430,2400417,2792771,0.66,27.19,2.79,100,2.39,20.39,80.94,80.7,"Retno Nendra Wiarty, S.E, M.M., Esti Wibowo, S.E.","Ir. Kristri Widodo, Msi., Iwan Siswanto, S.Si, M.M., PEMDA KABUPATEN TEMANGGUNG"
5/21/2025 20:13,2021,Maret,Provinsi Jawa Tengah,Kab. Magelang,601683-PT Bank Perekonomian Rakyat Lumbungartha Muntilanindo,601683-PT Bank Perekonomian Rakyat Lumbungartha Muntilanindo,33428318,33157916,25881480,25162465,25836185,25931032,"-946,082","-1,475,719",129738,294126,12.32,53.36,12.72,100,1.5,13.19,83.85,92.42,BAMBANG PRASETYO NUSANTORO,"MIA BUDY SETYAGRAHA, RADEN DIONESIUS ANTO WIDIYATMOKO, MIA BUDY SETYAGRAHA"
5/21/2025 20:13,2021,Maret,Provinsi Jawa Tengah,Kab. Temanggung,600630-PT. BPR BKK Temanggung (Perseroda),600630-PT. BPR BKK Temanggung (Perseroda),306709691,241074938,208419165,204450643,269650802,207869214,6130802,5741939,1396074,1141909,2.93,18.14,5.99,100,3,30.19,72.72,77.27,"EKO PUSPOKO, HADI SISWORO","JAROT MULYAWAN, PEMPROV JATENG, PEMKAB TEMANGGUNG"
5/21/2025 20:13,2021,Maret,Provinsi Jawa Tengah,Kab. Temanggung,600099-PT BPR Kedu Arthasetia,600099-PT BPR Kedu Arthasetia,41474858,39418812,27773020,27496761,34641093,32051839,2125213,2582041,"-82,707","-6,327",12.88,39,11.29,100,1.33,25.69,75.99,91.74,"PUJI ROCHMIYATI,SE, IKA WULANDARI,SE","A.SANTOSO, A"
5/21/2025 20:13,2021,Maret,Provinsi Jawa Tengah,Kab. Temanggung,601106-PT BPR Multi Arthanusa,601106-PT BPR Multi Arthanusa,75598961,70746807,64351380,63199083,64690127,60771786,3916565,2445996,"-7,731",529025,10.15,29.95,9.03,100,1.81,14.1,88.99,87.81,"SUSENO PUJO SANTOSO, SE, RIYADI, A.Md.","STEVAN ADRI SANTOSO, SE, TRI NUGROHO MAHARGONO, SH, STEVAN ADRI SANTOSO, SE"
5/21/2025 20:13,2021,Maret,Provinsi Jawa Tengah,Kab. Temanggung,600881-PT. BPR Intan Surya,600881-PT. BPR Intan Surya,49382217,53135956,31493945,35903855,41957302,47885140,"-181,564",2420335,"-816,301",109701,20.34,24.61,17.48,83.25,-7.6,20.48,73.27,188.43,TRI SETYANINGRUM,"SINDU ANGGARA, SUSANNA HERYANTO, AGUS PRAMONO, '', '', '', '', '', '', '', '', ''"
5/21/2025 20:13,2021,Maret,Provinsi Jawa Tengah,Kab. Wonosobo,600557-PT BPR Bank Wonosobo (Perseroda),600557-PT BPR Bank Wonosobo (Perseroda),506512742,519251779,323357658,339128614,463432220,475493606,5428345,8079039,878848,873910,4.32,19.61,3.66,91.91,1.47,36.62,66.98,85.44,"NANI TRI ASTUTI, SE","DRS. ONE ANDANG WARDOYO, M.SI, PEMDA KAB WONOSOBO"
5/21/2025 20:13,2021,Maret,Provinsi Jawa Tengah,Kab. Purworejo,600551-Perumda BPR Bank Purworejo,600551-Perumda BPR Bank Purworejo,276553310,263896535,246268718,234171932,245609508,232012695,1371446,2176861,435373,1068703,1.41,20.42,1.56,100,0.89,8.97,91.8,91.99,"Widi Widjajanta Achmad, SP., Wahyu Argono Irawanto, SE., MM.","Bachrul Ulum Ruly, SE., MM., Dyah Rumantini, SE., M.A.P., Pemerintah Kabupaten Purworejo"
5/21/2025 20:13,2021,Maret,Provinsi Jawa Tengah,Kab. Wonosobo,600244-PT. BPR Surya Yudha,600244-PT. BPR Surya Yudha,804140471,720964659,603324014,623311108,709901069,636053173,29278115,20743227,2561287,1768259,4.65,30.58,5.01,100,2.85,33.38,79.49,80.58,"SAPTONO SETYARTOYO, ATIK HANDAYANI, SUCIPTO","EMILA HAYATI, MARGONO, AGUS BUDI SANTOSO, SATRIYO YUDIARTO"
5/21/2025 20:13,2021,Maret,Provinsi Jawa Tengah,Kab. Wonosobo,601756-PT. BPR Puspa Kencana,601756-PT. BPR Puspa Kencana,24711680,19711575,16233503,13384724,20466388,16272544,"-361,571","-1,188,658",137300,158126,7.94,35.52,6.46,100,3.57,10.43,70.2,87.72,"EIS ISWATI, AULIA PUJA LAKSANA","SURJANTO DARMAWAN, MARCELINUS DWI SUPRIYANA, AGUS PRAMONO"
5/21/2025 20:13,2021,Maret,Provinsi Jawa Tengah,Kab. Wonosobo,600615-PT Bank Perekonomian Rakyat Badan Kredit Kecamatan Wonosobo (Perseroda),600615-PT Bank Perekonomian Rakyat Badan Kredit Kecamatan Wonosobo (Perseroda),122918754,131988138,91365135,97409527,96074595,103625720,1200707,2511149,268166,877767,14.07,43.59,15.96,99.76,6.28,7,86.94,85.82,"SUNYONO, SE, NURSIH, SH",OKTADIANA SULISTRIANTO
5/21/2025 20:14,2021,Maret,Provinsi Jawa Tengah,Kab. Kebumen,600537-PT Bank Perekonomian Rakyat Araya Arta,600537-PT Bank Perekonomian Rakyat Araya Arta,27938053,23279794,24075956,19072614,23732324,19833353,839876,470340,125853,102832,3.65,30.72,2.53,100,3.08,22.61,88.82,82.11,"MIFTAHUN, HERU KURNIAWAN","DRS. SUGIARTO, MM, ASTO BASUKI"
5/21/2025 20:14,2021,Maret,Provinsi Jawa Tengah,Kab. Kebumen,600706-PT. BPR BKK Kebumen (Perseroda),600706-PT. BPR BKK Kebumen (Perseroda),498270351,470213723,346852502,320518101,439879486,414203242,12660647,12595231,3157694,3857963,3.08,22.32,4.3,100,3.24,8.87,74.22,78.13,"SUTRISNO, S.E., Dr. H. SUDIHARTO, S.H., M.H., TARTO, S.E.","Dr. Ir. IHWAN SUDRAJAT, M.M., IRA PUSPITASARI, S.H., PEMERINTAH PROVINSI JAWA TENGAH, PEMERINTAH KABUPATEN KEBUMEN"
5/21/2025 20:14,2021,Maret,Provinsi Jawa Tengah,Kab. Purworejo,600649-PT Bank Perekonomian Rakyat BKK Purworejo (Perseroda),600649-PT Bank Perekonomian Rakyat BKK Purworejo (Perseroda),131019603,120895421,81411900,84440356,117054706,106099317,"-6,537,351","-5,896,341","-123,226",66971,7.73,24.46,9.94,100,-0.7,18.91,70.01,60.07,"HERU SUDIBYO, BAMBANG BUDI TRI WAHONO",SATRIYO HIDAYAT
5/21/2025 20:14,2021,Maret,Provinsi Jawa Tengah,Kab. Klaten,600272-PT Bank Perekonomian Rakyat Ukabima BMMS,600272-PT Bank Perekonomian Rakyat Ukabima BMMS,30806996,28846374,20230735,21984355,23804062,21688257,634807,755711,83000,162320,2.8,66.67,2.19,100,1.37,34.1,69.15,90.5,"Ludovica Wara Kiswari, Tri Wardani","Prabowo Danusantoso, Ami Gusnita Aritonang, Fransiscus Xaverius Hendrawinata"
5/21/2025 20:14,2021,Maret,Provinsi Jawa Tengah,Kab. Klaten,600078-PT Bank Perekonomian Rakyat Klaten Sejahtera,600078-PT Bank Perekonomian Rakyat Klaten Sejahtera,91850246,83768242,61564191,57223973,83520735,75744862,5832892,5381473,376054,521342,4.38,22.82,2.68,100,1.8,30.89,71.29,87.99,"KOTOT TAMTAMA SH KN, SUJARWADI SP","YANUARIUS SRIYONO SE MM, H. SUYONO BSC"
5/21/2025 20:14,2021,Maret,Provinsi Jawa Tengah,Kab. Kebumen,601470-PT Bank Perekonomian Rakyat SAS,601470-PT Bank Perekonomian Rakyat SAS,80834599,73499943,53498521,55530603,73575369,65000145,3607671,4676371,598430,770298,2.93,18.17,1.89,100,3.9,14.9,68.83,77.22,"AGUS WIBOWO,SE, HERY SUPRIYANTO,SE","YOHANES SUCIPTO DADI,SH.,MM, IR SUBAGYO NUGROHO, PT.SAUDARAJAYA ABADI, '', '', '', '', '', '', '', '', ''"
5/21/2025 20:14,2021,Maret,Provinsi Jawa Tengah,Kab. Kebumen,601399-PT Bank Perekonomian Rakyat Dana Mitra Sejahtera,601399-PT Bank Perekonomian Rakyat Dana Mitra Sejahtera,22041165,17553025,14144302,10601165,17136782,13848253,"-2,650,945","-2,800,927",55328,5699,10.48,52.1,8,100,1.01,21.33,67.78,94.29,Widodo,"Bangkit Hanis Saputro, Granulita Devi Andriani, Charles Hugo Wahyadiyatmika, Tan Handjian, Henry Setiawan, Budiarjo"
5/21/2025 20:14,2021,Maret,Provinsi Jawa Tengah,Kab. Klaten,600550-PT Bank Perekonomian Rakyat Badan Kredit Kecamatan Tulung (Perseroda),600550-PT Bank Perekonomian Rakyat Badan Kredit Kecamatan Tulung (Perseroda),96561123,0,78900088,0,85150407,0,"-2,365,111",0,1270836,0,11.34,19.72,13.14,100,-0.74,15.09,89.17,100.13,"Agung Hernowo Wijayanto,SE.MM., Tri Endaryanta, SE","Harmi, SIP, MM, Drs.Sinoeng Noegroho Rachmadi,MM, "
5/21/2025 20:14,2021,Maret,Provinsi Jawa Tengah,Kab. Klaten,600670-PT Bank Perekonomian Rakyat Bank Klaten (Perseroda) Kabupaten Klaten,600670-PT Bank Perekonomian Rakyat Bank Klaten (Perseroda) Kabupaten Klaten,380889542,365931036,285187397,269457230,344354432,331170363,0,0,1548160,1874790,2.29,20.73,2.75,100,1.78,10.8,79.46,84.3,"TULUS YUNIANTO, ST., SE, DEWI EKOSARI KURNIANINGRUM, SE., MM","SRIHADI, ST., MM"
5/21/2025 20:15,2021,Maret,Provinsi Jawa Tengah,Kab. Klaten,600677-PT Bank Perekonomian Rakyat Bank Pasar Patma,600677-PT Bank Perekonomian Rakyat Bank Pasar Patma,29615920,27525640,19995152,19785254,25096641,23676919,2878240,2355900,269881,121663,3.98,26.4,4.15,100,2.35,32.78,72.24,84.88,"F. Suparmadi, SE, Antho Divina Heffi Indah Vanderi, SE.Ak","Drs. Fl. Tri Sumartanto, MSi, Y. Sriyono, SE.,MM"
5/21/2025 20:15,2021,Maret,Provinsi Jawa Tengah,Kab. Klaten,600687-PT Bank Perekonomian Rakyat Delanggu Raya,600687-PT Bank Perekonomian Rakyat Delanggu Raya,25430341,25109860,20734597,20517767,18956127,20740970,"-132,388",3144757,406602,24133,9.8,54.52,8.28,100,-12.46,23.89,86.17,170.15,"Diahayu Pujiastuti, Maryadi","Iswandi, S. Agung Dwi Nugroho, Tumin, S.Agung Dwi Nugroho, "
5/21/2025 20:15,2021,Maret,Provinsi Jawa Tengah,Kab. Klaten,600689-PT Bank Perekonomian Rakyat Ceper Permata Artha,600689-PT Bank Perekonomian Rakyat Ceper Permata Artha,136444862,126522252,100078320,100442460,125522904,113460897,6893629,8817351,300322,515997,4.89,23.54,3.42,100.85,1.03,12.45,82.84,89.95,FRANSISCA PERMATA DEWI,EKA PERTIWI
5/21/2025 20:15,2021,Maret,Provinsi Jawa Tengah,Kab. Klaten,600847-PT. BPR Restu Klaten Makmur,600847-PT. BPR Restu Klaten Makmur,92961217,94801878,67948809,76191725,64806671,70064354,26194198,22450776,760348,1086748,3.01,50.93,2.01,100,4.55,22.12,76.88,74.27,"Subandi, Gati Wuriati, Tulus Sugiyanto","NOVIAN CHANDRA DEWANTARA, PRIYANGGA WAHYU WIBOWO, PT. Yasaniaga Utama Mulia"
5/21/2025 20:15,2021,Maret,Provinsi Jawa Tengah,Kab. Klaten,600697-PT Bank Perekonomian Rakyat Danamas Pratama,600697-PT Bank Perekonomian Rakyat Danamas Pratama,94841708,84775022,75971162,65504373,84792757,74974142,2524959,2524959,323992,375921,2.49,24.58,2.12,100,1.57,6.64,88.19,89.48,"Gembong Agus Setyono, SE, Anas Rusdianto, A.Md","Munawar, SE, Dewanto Husodo, SE, Dewanto Husodo, SE"
5/21/2025 20:15,2021,Maret,Provinsi Jawa Tengah,Kab. Klaten,601474-PT. BPR Gunung Mas,601474-PT. BPR Gunung Mas,61733622,51846274,47297253,39109882,51949423,42457840,5844639,5140522,339560,647912,4.71,32.28,2.86,100,4.17,18.4,79.98,76.09,"SUNARJI, S.S, Y. BAYU NUGROHO, S.E","FX. SOEWARDI W.P, MARCUS BUDI SANTOSA, Drs. AGUS PRAMONO"
5/21/2025 20:15,2021,Maret,Provinsi Jawa Tengah,Kab. Klaten,600693-PT Bank Perekonomian Rakyat Restu Artha Abadi,600693-PT Bank Perekonomian Rakyat Restu Artha Abadi,80811029,76105470,57237763,57079093,66448879,64248793,7126178,5317618,683972,655299,5.71,51.92,3.88,100,3.71,19.45,73.79,75.91,SLAMET PRAMONO,"NOVIAN CHANDRA DEWANTARA, PRIANGGA WAHYU WIBOWO"
5/21/2025 20:15,2021,Maret,Provinsi Jawa Tengah,Kab. Klaten,602546-PT Bank Perekonomian Rakyat Wuni Artha Utama,602546-PT Bank Perekonomian Rakyat Wuni Artha Utama,27558371,26913021,24124906,19404240,22047809,19086190,0,2443326,188979,220455,0.54,43.64,0.34,308.63,2.94,12.51,93.19,81.21,"Guntur Wijayanto, SE","Drs. Sunardi, Fitri Rayahu, SE, Drs. Sunardi, Fitri Rahayu, SE, "
5/21/2025 20:15,2021,Maret,Provinsi Jawa Tengah,Kab. Klaten,602593-PT Bank Perekonomian Rakyat Hardi Mas Mandiri,602593-PT Bank Perekonomian Rakyat Hardi Mas Mandiri,19907600,19058638,16852784,14891344,16081182,15858334,215453,381976,30965,18328,9.71,50.77,8.95,100,0.69,11.69,91.56,96.14,"DJOKO MOHAMMAD EFFENDI, MOCHAMMAD YUSUF","RAHMAD CAHYO AGUNG, SE, DENNY PRASETYO WIDHYAWAN"
5/21/2025 20:15,2021,Maret,Provinsi Jawa Tengah,Kab. Klaten,601462-PT Bank Perekonomian Rakyat Shinta Bhakti Wedi,601462-PT Bank Perekonomian Rakyat Shinta Bhakti Wedi,86232778,77144617,62545530,61091652,78256776,69598720,0,0,526131,504739,5.33,19.67,6.31,100,3.69,19.14,78.22,81.66,"M Nugraha, Y Hery Susanto","Nicolaus Ndaru Sunarwibowo, B Ari Santi Handayani, Drs Eka Noor Asmara,Mba, Akt."
5/21/2025 20:15,2021,Maret,Provinsi Jawa Tengah,Kab. Boyolali,600685-PT Bank Perekonomian Rakyat Nusamba Ampel,600685-PT Bank Perekonomian Rakyat Nusamba Ampel,68282438,74745981,49339793,55419149,58804582,64576182,2258388,2721523,"-180,932",117876,8.9,30.13,7.29,100.37,-0.82,20.13,76.37,106.12,SLAMET RIFAN,"SUGIARTO, MUHAMAT YUHDI, PT SENTRA MODAL HARMONI, PT FAJAR MAS MURNI"
5/21/2025 20:15,2021,Maret,Provinsi Jawa Tengah,Kab. Boyolali,600660-PT Bank Perekonomian Rakyat Bank Guna Daya,600660-PT Bank Perekonomian Rakyat Bank Guna Daya,142882306,129532073,111219713,104486444,128502380,115717380,173961,173946,237331,314028,3.53,23.09,4.15,110.79,1.59,13.55,80.59,89.05,"Paulus Arry Mardiyanto, Sambodo Adi Yuwono","Heriberthus Soemantri, Agus Turipto, KSU BERDAYA GUNA"
5/21/2025 20:16,2021,Maret,Provinsi Jawa Tengah,Kab. Boyolali,600666-PT Bank Perekonomian Rakyat Bank Boyolali (Perseroda),600666-PT Bank Perekonomian Rakyat Bank Boyolali (Perseroda),432992023,439608581,279984902,270266261,380946961,388159033,0,7055248,2354566,2898902,3.06,28.71,2.27,100,2.17,27.65,68.86,82.56,"DONO SRI HANANTO, SE, MM, JOKO UTOMO, SE, BANI MUSLIKUN, S.Kom","BONY FACIO BANDUNG, S.Sos, M.Si, NUGROHO WAHYU SUSISWO, S.IP, AGUS BUDIANTO, SE, MM., PEMERINTAH KABUPATEN BOYOLALI"
5/21/2025 20:16,2021,Maret,Provinsi Jawa Tengah,Kab. Boyolali,601412-PT Bank Perekonomian Rakyat Arthayasa Ageng,601412-PT Bank Perekonomian Rakyat Arthayasa Ageng,27646459,26309376,14579539,17445691,22536318,21496850,3206779,2858083,4719,55800,8.26,43.62,4.3,100,1.27,15.76,54.81,90.13,"MUHAMMAD TAUFIQ, IKA RETNO DINARAWATI","DRS,EC. DJOKO SOERDHIJANTONO, GATOT SASONGKO, MAHMUD"
5/21/2025 20:16,2021,Maret,Provinsi Jawa Tengah,Kab. Boyolali,601418-PT Bank Perekonomian Rakyat Mitra Pandanaran Mandiri,601418-PT Bank Perekonomian Rakyat Mitra Pandanaran Mandiri,30822838,29897608,17071731,18984702,26876704,26236679,2067855,1757682,78279,103247,7.18,31.05,5.3,100,1.16,12.14,61.46,95.18,"Ir. PRIHATININGTYAS, ARI YULIANTO, SE","JUNAIDI ADINATA, TATANG SIGIT MUGIONO"
5/21/2025 20:16,2021,Maret,Provinsi Jawa Tengah,Kab. Boyolali,601595-PT Bank Perekonomian Rakyat Badan Kredit Kecamatan Boyolali (Perseroda),601595-PT Bank Perekonomian Rakyat Badan Kredit Kecamatan Boyolali (Perseroda),243838413,259720727,172898962,173592991,211392451,226522321,3581179,5177420,444252,428842,5.21,32.49,5.57,100,1.84,19.95,74.18,89.16,"Kuwat Wiyono, JOKO NARYANTO, WARTONO","Randy Aditya SE MM, BINASIH SETYONO S.SOS, Ganjar Pranowo SH. M.IP, M SAID HIDAYAT,SH"
5/21/2025 20:16,2021,Maret,Provinsi Jawa Tengah,Kab. Sragen,601456-PT Bank Perekonomian Rakyat Mitra Banaran Mandiri,601456-PT Bank Perekonomian Rakyat Mitra Banaran Mandiri,45248902,45186800,29459917,30089624,36663150,37332440,5745145,4907102,200607,307258,4.67,48.13,3.24,203.24,3.9,44.01,77.31,79.3,"M TRI SETYADI, FATAH HIDAYAT","DRS. SUTIMAN SURYOHADI, DWI INDRIYANIE"
5/21/2025 20:16,2021,Maret,Provinsi Jawa Tengah,Kab. Sragen,601430-PT Bank Perekonomian Rakyat Arthareksa Sejahtera,601430-PT Bank Perekonomian Rakyat Arthareksa Sejahtera,9950579,9643875,5140899,4909714,6226960,6089988,"-7,643,356","-7,820,223",58594,65729,11.46,115.99,5.66,100,1.93,53.14,56.4,89.29,"SUPRAWESTI, AGUS ROHADI","DR. MUKI REKSOPRODJO, SPOG, RICHARD THOBIAS DANIEL, SE, DR MUKI REKSOPRODJO SPOG"
5/21/2025 20:16,2021,Maret,Provinsi Jawa Tengah,Kab. Sragen,601440-PT Bank Perekonomian Rakyat Bank Djoko Tingkir (Perseroda) Kabupaten Sragen,601440-PT Bank Perekonomian Rakyat Bank Djoko Tingkir (Perseroda) Kabupaten Sragen,273091377,267233696,214058495,219484228,235974788,235859505,3165808,2798976,1330841,1015070,2.4,20.27,2.8,100,1.63,15.51,84.8,84.17,"TITON DARMASTO, ENDANG HESTININGSIH","HARYANTI, BUPATI SRAGEN"
5/21/2025 20:16,2021,Maret,Provinsi Jawa Tengah,Kab. Sragen,600122-PT Bank Perekonomian Rakyat Artha Moro,600122-PT Bank Perekonomian Rakyat Artha Moro,15981978,18077387,12042996,13692396,10117291,12273626,2881600,2609245,"-13,158",198271,15.88,77.79,12.71,242.12,0.24,21.94,80.46,97.78,"REKO BUDIANTO,SE, ANDI WAHYU SUSIAWAN, SH","SRI YATIN, SE, SETYADI PS, SRIYATIN SE, HELEN YOSITA GUNAWAN,SE, "
5/21/2025 20:16,2021,Maret,Provinsi Jawa Tengah,Kab. Sragen,601578-PT Bank Perekonomian Rakyat Badan Kredit Kecamatan Karangmalang (Perseroda),601578-PT Bank Perekonomian Rakyat Badan Kredit Kecamatan Karangmalang (Perseroda),723054985,692505217,499603604,499117250,625678456,604255534,25414101,23937660,6040507,6463707,1.79,29.49,2.49,100,3.58,8.8,73.48,72.43,"H. Raji, SE,. MM., Sriyadi, SE,. MM., Suparno, SE., MM","Pudjiatmoko, S.Sos, Ir. Fendiawan Tiskiantoro, MSi, Paulus Nugroho Setiawan, PEMERINTAH PROVINSI JAWA TENGAH"
5/21/2025 20:16,2021,Maret,Provinsi Jawa Tengah,Kab. Sragen,600853-PT Bank Perekonomian Rakyat Sumber Arta,600853-PT Bank Perekonomian Rakyat Sumber Arta,17229682,14184820,13958931,12285978,9127570,6854606,6091467,5371410,210645,158804,3.79,125.82,3.79,100,5.16,29.38,84.38,70.52,"IWAN KRISTIANTO, FENNY EVAYANTI","AGUNG MULYANTO, ARY DWI SANTOSA, AGUNG MULYANTO, "
5/21/2025 20:16,2021,Maret,Provinsi Jawa Tengah,Kab. Sukoharjo,600110-PT Bank Perekonomian Rakyat Jadimanunggal Abadi,600110-PT Bank Perekonomian Rakyat Jadimanunggal Abadi,34279222,30561775,28865003,26630563,28118594,25246644,3339808,2497263,203311,300359,6.86,47.28,4.81,100,3.01,15.93,86.9,84.46,"YULI MUSTIKASARI, SE, DWI PRIYANTO AGUNG RAHARJO","RADEN DIONESIUS ANTO, PSP"
5/21/2025 20:17,2021,Maret,Provinsi Jawa Tengah,Kab. Sukoharjo,600220-PT Bank Perekonomian Rakyat Artha Sari Sentosa,600220-PT Bank Perekonomian Rakyat Artha Sari Sentosa,110205882,99464243,78850901,68737005,100743530,90117896,3453352,2264010,397177,470514,0.32,23.75,0.25,354.78,1.33,25.42,76.02,90.89,"Erni Indrayani, SH, Dimas Dhayardyanto, AMd","Dra. Sih Yuanti, MM., Fachruddin Basuki Muslich, H. SRI JOKO,S.Pd."
5/21/2025 20:17,2021,Maret,Provinsi Jawa Tengah,Kab. Sukoharjo,601390-PT Bank Perekonomian Rakyat Kartadhani Mulya,601390-PT Bank Perekonomian Rakyat Kartadhani Mulya,51005621,56148796,40434691,44558448,45435272,49645649,947042,2133967,102968,"-151,159",13.61,23.6,12.78,100,-1.72,16.82,83.75,112.47,"GINANJAR, AGUS SUPRIYADI","ENDAR NUGRAHA KUSUMAWARDHANA, RAHMAD CAHYO AGUNG"
5/21/2025 20:17,2021,Maret,Provinsi Jawa Tengah,Kab. Sukoharjo,601372-PT Bank Perekonomian Rakyat Kartasura Makmur,601372-PT Bank Perekonomian Rakyat Kartasura Makmur,50384380,48572793,40671388,40520090,43757147,41901368,817,0,296833,382992,9.04,27.24,8.49,100,1.82,9.81,95.62,85.85,"INDRAYANI PRIBADI, SE, MM, CHRISTINA SEMIYANTI,DRA, MM","DRS. TRI SULAKSONO, MSI, DRS. MICHAEL BUDI SANTOSO , MM, PROF DR DWI SUNARTI PRAYITNO"
5/21/2025 20:17,2021,Maret,Provinsi Jawa Tengah,Kab. Sukoharjo,601404-PT Bank Perekonomian Rakyat Kartasura Saribumi,601404-PT Bank Perekonomian Rakyat Kartasura Saribumi,407214559,368168821,319021373,310471851,372808197,324381587,0,8181279,1239571,2749046,4.54,18.98,2.96,100,1.99,6.31,83.48,87.25,"JOKO HARTANTO, SE, DRS. KUWAT ARIF MULYANTO, DRS. NYOTO BASUKI","EDY SUKAMTO SE, KHANAFI, SH, DANA PENSIUN BPD JATENG, KOPERASI YAKEKAR BPD JATENG, YAKEKAR DAN PENSIUNAN BPD JATENG, YAYASAN PERUMAHAN BPD JATENG"
5/21/2025 20:17,2021,Maret,Provinsi Jawa Tengah,Kab. Sukoharjo,600586-PT Bank Perekonomian Rakyat BKK Grogol (Perseroda),600586-PT Bank Perekonomian Rakyat BKK Grogol (Perseroda),88759577,85735306,52675900,52303194,64241378,60803035,2474711,3674650,288963,851040,8.97,74.64,6.19,100,2.67,17.35,62.71,81.99,"DRS.AMIN SULISTYO,M.M, TANIYEM,S.E.,M.Si","DRS.BUDI SANTOSO,M.Si, DIAN KURNIATI,S.E.,M.M"
5/21/2025 20:17,2021,Maret,Provinsi Jawa Tengah,Kab. Sukoharjo,600681-PT Bank Perekonomian Rakyat Solobaru Permai,600681-PT Bank Perekonomian Rakyat Solobaru Permai,28637123,38092619,17766922,19883382,20973728,30891682,4134935,3640929,39460,71008,17.81,67.65,12.79,100,1.77,6.44,66.97,87.98,"HONEY SURYATIKA HARSONO, SUMIATI RETNO S,SH","BAMBANG ARIAWAN, ARIO MURDIKO, SE, "
5/21/2025 20:17,2021,Maret,Provinsi Jawa Tengah,Kab. Sukoharjo,601880-PT. BPR Tugu Kencana,601880-PT. BPR Tugu Kencana,0,0,0,0,0,0,0,0,0,0,0,0,0,0,0,0,0,0,,
5/21/2025 20:17,2021,Maret,Provinsi Jawa Tengah,Kab. Sukoharjo,601424-PT Bank Perekonomian Rakyat Grogol Joyo,601424-PT Bank Perekonomian Rakyat Grogol Joyo,33920757,37949987,21394528,23769207,27004520,31371040,4217690,3885952,118437,112885,9.97,59.07,6.91,93.45,1.13,8.5,64.52,92.07,"AGUS SUTANTO, YUDHY AGUS KRISNANTO","ANDRIONO, WIGIANTO, SUNARJO DHARMANTO"
5/21/2025 20:17,2021,Maret,Provinsi Jawa Tengah,Kab. Sukoharjo,601464-PT Bank Perekonomian Rakyat Wira Ardana Sejahtera,601464-PT Bank Perekonomian Rakyat Wira Ardana Sejahtera,7946498,9558908,5553312,5682807,4505096,6242662,"-610,612","-773,545",45223,83000,2.51,104.41,2.1,100,1.57,25.79,73.1,92.02,"ADIL WICAKSONO SETIAWAN, SE., JUNI WINDYASARI, SH.","FX SUNARTO, SH., MARIA AGUSTINA RATNAWATI, SS., FX  SUNARTO, SH"
5/21/2025 20:17,2021,Maret,Provinsi Jawa Tengah,Kab. Sukoharjo,601545-PT Bank Perekonomian Rakyat Sami Makmur,601545-PT Bank Perekonomian Rakyat Sami Makmur,10122149,9244094,7930962,7752416,6717813,6065631,1032888,821776,31448,16687,9.33,86.8,6.04,100,1.89,30.07,80.86,85.58,"WIDODO, SE, PURWANTO","HERMAN SANTOSA, G HARI DARYANTO, SH, "
5/21/2025 20:17,2021,Maret,Provinsi Jawa Tengah,Kab. Sukoharjo,601686-PT Bank Perekonomian Rakyat Ihuthan Ganda,601686-PT Bank Perekonomian Rakyat Ihuthan Ganda,19766795,20664735,11553736,14065520,12656802,12449545,253814,1269449,134592,287627,8.52,58.32,8.87,100,0.69,55.61,65.75,97.49,"MULATMI, IRCHAM ANSHORI","WARIYANA, KARMAWATIK, LUSERIA SIAGIAN"
5/21/2025 20:18,2021,Maret,Provinsi Jawa Tengah,Kab. Sukoharjo,601777-PT Bank Perekonomian Rakyat Bekonang Sukoharjo,601777-PT Bank Perekonomian Rakyat Bekonang Sukoharjo,24009591,21803742,16561953,16206910,19986351,18132128,738150,379748,89948,96724,3.68,37.03,3.19,100,1.58,25.76,71.95,90.33,"AZIS SOLEH, SH., PURWANTO, SE.","Dr. Hj. SITI FATONAH, MM., H. SUDARYO PURWODO, SH., H. SUDARYO PURWODO, SH., Dr. Hj. SITI FATONAH, MM., AZIS SOLEH, SH."
5/21/2025 20:18,2021,Maret,Provinsi Jawa Tengah,Kab. Sukoharjo,602615-PT Bank Perekonomian Rakyat Surya Utama,602615-PT Bank Perekonomian Rakyat Surya Utama,32324839,26324353,20414873,18956668,28762398,22603577,873315,768892,"-170,874",91884,10.5,32.09,5.95,100,-0.54,25.77,69.42,103.38,YOHANES HERMAWAN BUDI SAMBODO,"RUDY HARTONO, AGUS SUPRIYANTO, TOMMY GUNAWAN"
5/21/2025 20:18,2021,Maret,Provinsi Jawa Tengah,Kab. Karanganyar,600691-PT Bank Perekonomian Rakyat Cita Dewi,600691-PT Bank Perekonomian Rakyat Cita Dewi,37849848,36194807,28919190,28422800,33243969,32015789,2421149,1939690,160087,214685,11.05,29.64,8.9,100,1.57,14.03,79.93,91.13,"Yanni Teguh Haryanto, SE, Moch Zamah Syahri, SH","Hj Dewi Sholikah, M Taufiq Sirat, HJ. Dewi Sholikah"
5/21/2025 20:18,2021,Maret,Provinsi Jawa Tengah,Kab. Karanganyar,600668-PT Bank Perekonomian Rakyat Bank Daerah Karanganyar (Perseroda),600668-PT Bank Perekonomian Rakyat Bank Daerah Karanganyar (Perseroda),515167148,389316606,403939392,331172661,454677233,328842319,46819,46819,1457179,2873078,0.26,28.69,0.65,100,1.22,19.33,82.24,90.72,"Haryono, SE, Aris Budi Waluyo, SE","Drs Sumarno Msi, Timotius Suryadi, S. Sos, M Si, Pemerintah Kabupaten Karanganyar"
5/21/2025 20:18,2021,Maret,Provinsi Jawa Tengah,Kab. Karanganyar,600318-PUD BPR Bank Karanganyar,600318-PUD BPR Bank Karanganyar,206735126,190066503,168285492,156116609,182085668,167683861,0,0,647810,710848,4.88,30.14,5.12,100,1.08,14.72,87.82,92.14,"WISNU WARDANA, DENI SUSILO","ZULFIKAR HADIDH, PEMKAB KARANGANYAR"
5/21/2025 20:18,2021,Maret,Provinsi Jawa Tengah,Kab. Karanganyar,601389-PT Bank Perekonomian Rakyat Lawu Artha,601389-PT Bank Perekonomian Rakyat Lawu Artha,89837275,61910598,60754965,45073700,82954537,55187935,3432191,3417432,450547,305231,0.83,19.12,0.56,100,1.49,28.63,89.59,91.4,"UMI TRI HARTINI, SE, HARRY MARTANTO, SH","BANDI MINARKO, SH, TAVIV WARSONO, SE"
5/21/2025 20:18,2021,Maret,Provinsi Jawa Tengah,Kab. Karanganyar,601416-PT BPR Restu Tawangmangu Jaya,601416-PT BPR Restu Tawangmangu Jaya,44980115,47795007,36435611,41983457,34630796,38554645,9079706,7574854,69613,465508,4.51,66.42,4.54,100,2.83,11.17,84.6,81.79,"YOKI KRISTANTO,SE, WIKAN PAWITRA HAPSARI,SE","NOVIAN CHANDRA DEWANTARA, PRIANGGA WAHYU WIBOWO, Ratnawati, SE"
5/21/2025 20:18,2021,Maret,Provinsi Jawa Tengah,Kab. Karanganyar,601439-PT Bank Perekonomian Rakyat Antar Rumeksa Arta,601439-PT Bank Perekonomian Rakyat Antar Rumeksa Arta,25290718,24378158,20066454,18202010,17212436,16976983,6254480,5184545,263802,656630,22.55,70.01,18.35,100,3.36,15.43,83.51,79.92,"Dra.Baby Novega,M.Si, Tunggul Wisnu Hadi","Syamsul Maarif, Taka Dityadarma, Dra.Anik Sulistyowati,MM"
5/21/2025 20:18,2021,Maret,Provinsi Jawa Tengah,Kab. Karanganyar,600400-PT Bank Perekonomian Rakyat Bank Pura Artha,600400-PT Bank Perekonomian Rakyat Bank Pura Artha,87675425,89506342,67193581,75866507,75808907,78895367,8099966,6406252,361034,799205,9.14,32.53,6.9,100,2.17,32.18,83.5,86.15,"RIYANTO AGUS PRASETYO, AGUNG KURNIANTO","SARWONO SINGGIH, NUGROHO MAHMUDI ROCHANI, NUGROHO MAHMUDI ROCHANI"
5/21/2025 20:18,2021,Maret,Provinsi Jawa Tengah,Kab. Karanganyar,601450-PT Bank Perekonomian Rakyat Trihasta Prasodjo,601450-PT Bank Perekonomian Rakyat Trihasta Prasodjo,64781957,54123480,48891967,41103014,55916858,45932287,5499835,5014244,365264,176949,2.7,33.84,2.76,100,3.18,15.36,78.97,82.17,"ENDARLINA MASNIARI HARAHAP, MOCH ZAINUN YUNIARI","ENDAR NUGRAHA KUSUMA W, RESIHADI, NY WIDJAJANTI"
5/21/2025 20:19,2021,Maret,Provinsi Jawa Tengah,Kab. Karanganyar,601461-PT Bank Perekonomian Rakyat Kandimadu Arta,601461-PT Bank Perekonomian Rakyat Kandimadu Arta,61482381,56273947,48621181,44331036,53790879,48606930,984862,866160,169040,263257,2.22,33.48,1.99,100,1.5,14.06,84.44,90.36,"IR. HARTANTO, SAPTO HARTONO, SE.","SUSANTO TANGGONO, YOVITA WAHYUNI INDRI ASTUTI, SE."
5/21/2025 20:19,2021,Maret,Provinsi Jawa Tengah,Kab. Karanganyar,602009-PT Bank Perekonomian Rakyat Arta Mas Surakarta,602009-PT Bank Perekonomian Rakyat Arta Mas Surakarta,20893246,21807199,15454199,18065933,16985104,18013233,1868813,1617923,"-116,319",20395,11.62,44.09,11.31,100,0.14,37.63,82.53,97.28,"Robiansyah, Purwanto","Murdiyana, Bambang Nuryanto"
5/21/2025 20:19,2021,Maret,Provinsi Jawa Tengah,Kab. Karanganyar,601591-PT Bank Perekonomian Rakyat Badan Kredit Kecamatan Tasikmadu (Perseroda) Kabupaten Karanganyar,601591-PT Bank Perekonomian Rakyat Badan Kredit Kecamatan Tasikmadu (Perseroda) Kabupaten Karanganyar,251250394,259073466,200410708,209269962,222123118,227582071,4108587,5808268,150041,1523734,7.33,18.02,7.9,100,1.08,8.08,86.15,93.15,"Didik Darmadi, SE, MM, Th. Tejo Herlambang, SE.","Irma Suryaningtyas, S. E, Akt, Ir. Siti Maisyaroch, M.Si"
5/21/2025 20:19,2021,Maret,Provinsi Jawa Tengah,Kab. Batang,600827-PT Bank Perekonomian Rakyat Pemberdayaan Ekonomi Rakyat Batang,600827-PT Bank Perekonomian Rakyat Pemberdayaan Ekonomi Rakyat Batang,72774778,50755779,50890675,36796317,62103866,41199556,4421,4494,85229,169080,3.61,25.25,4.89,96.51,1.98,55.21,74.25,87.69,"AJI SETYA BUDI SE., MSi., Akt","SUBIYANTO, DIEN ANGGRAHENI"
5/21/2025 20:19,2021,Maret,Provinsi Jawa Tengah,Kab. Wonogiri,601576-PT Bank Perekonomian Rakyat Badan Kredit Kecamatan Wonogiri (Perseroda),601576-PT Bank Perekonomian Rakyat Badan Kredit Kecamatan Wonogiri (Perseroda),526069898,463855977,427426030,397758095,465301545,403436603,7803308,9158867,3051413,3052293,3.47,20.41,4.03,100,2,7.69,85.26,85.24,"Sarti, Suwarto","Edhy Tri Hadyantho, Agus Prasutio, Aristian Hari Marjoko, disi"
5/21/2025 20:19,2021,Maret,Provinsi Jawa Tengah,Kab. Wonogiri,601425-PT Bank Perekonomian Rakyat Bank Wonogiri (Perseroda),601425-PT Bank Perekonomian Rakyat Bank Wonogiri (Perseroda),103667978,94405336,91056251,82034334,82195661,73056000,2054792,2834488,460097,624318,3.71,31.88,3.71,100,2.5,12.48,92.34,81.75,"SUPARMO, MOHAMAD HASYIM","WIYANTO, JOKO SUTOPO, SUMARJO"
5/21/2025 20:19,2021,Maret,Provinsi Jawa Tengah,Kab. Wonogiri,600095-PT Bank Perekonomian Rakyat Gajah Mungkur,600095-PT Bank Perekonomian Rakyat Gajah Mungkur,51667908,51042364,32691074,35287392,44334358,42523590,0,1448197,260069,"-2,904",2.22,37.83,2.49,131.1,2.41,17.89,70.64,83.12,Maryati SE.,"Dr.Ir.Wisnu Sakti Dewobroto, Drs Suharno MM, Drs.H Sumaryoto"
5/21/2025 20:19,2021,Maret,Provinsi Jawa Tengah,Kota Semarang,600216-PT BPR Artha Nusantara Abadi,600216-PT BPR Artha Nusantara Abadi,13515749,4066906,8387374,3192000,10362589,3137939,"-1,734,679","-1,418,048","-58,357","-99,181",7.21,38.93,3.81,100,0.79,45.48,63.6,92.06,SURIPTO MANGUN KUSUMO,"SUSANTO TANGGONO, DWI SUTRISNO, HANDOKO ADIMULYO"
5/21/2025 20:19,2021,Maret,Provinsi Jawa Tengah,Kota Semarang,600535-PT. BPR Gunung Kinibalu,600535-PT. BPR Gunung Kinibalu,68788619,81986222,46965789,64027809,56885040,68225706,4331340,5263807,"-698,860",292791,22.74,40.41,16.23,59.33,0.46,15.09,70.52,98.15,"AGUSTINUS SOEPRIJADI, SRI SULISTYOWATI, CAHYANI TRIASTUTI","ERI SUTANDINATA, ACHMAD DJAJUSMAN, ERI SUTANDINATA, CHANDRA SUTANDINATA, IRAWAN SUTANDINATA, SRI HWARIATI"
5/21/2025 20:19,2021,Maret,Provinsi Jawa Tengah,Kota Semarang,600533-PT BPR Gunung Kawi,600533-PT BPR Gunung Kawi,71103359,63073364,55001544,53358190,64778639,55910576,1841211,3037861,290360,354578,10.38,20.32,8.09,100,0.42,12.99,83.75,91.51,"NUR ISNI RIZAL, S. KOM, ZAENAL ARIFIN, S. KOM","H SAID HARTONO, SE, DR. M. ZAENI ABOE AMIN, SE, MM"
5/21/2025 20:19,2021,Maret,Provinsi Jawa Tengah,Kota Semarang,600593-PT. BPR Agung Sejahtera,600593-PT. BPR Agung Sejahtera,135534488,99286779,97591801,65234535,119155818,87209575,1233186,3233186,2099623,1077204,3.31,26.3,3.03,100,4.67,17.54,85.68,72.6,DEWI PUJI ASTUTININGSIH,"JOSEPH RIBUTORAN KEDANG, TRI NUGROHO MAHARGONO, TRI NUGROHO MAHARGONO, JOSEPH R KEDANG, DEWI PUJI ASTUTININGSIH"
5/21/2025 20:19,2021,Maret,Provinsi Jawa Tengah,Kota Semarang,600559-Perumda BPR Bank Pasar Kota Semarang,600559-Perumda BPR Bank Pasar Kota Semarang,71762687,63993815,53500141,46880483,51694965,44582315,2450096,2003661,369445,560390,7.73,71.33,7.15,100,4.16,18.2,80.77,75.55,"IWAN HERMANTO, S.PT, AGUS PUJI KUSUMANTO, SE","R MOHAMAD WALUYO SEJATI, SH, MM, DENNY PRASETYO WIDHYAWAN, Msi"
5/21/2025 20:19,2021,Maret,Provinsi Jawa Tengah,Kota Semarang,600637-PT BPR BKK Kota Semarang (Perseroda),600637-PT BPR BKK Kota Semarang (Perseroda),211981760,203709577,132435049,146571993,174321594,165199881,3930665,5459634,439504,633606,3.09,43.25,3.37,100,2.21,22.77,66.62,85.38,"Agustinus Ari Susanto, Endang Setyawati, Suhartono",Indriyasari
5/21/2025 20:19,2021,Maret,Provinsi Jawa Tengah,Kota Semarang,600605-PT Bank Perekonomian Rakyat Gunung Rizki Pusaka Utama,600605-PT Bank Perekonomian Rakyat Gunung Rizki Pusaka Utama,1035376644,984308599,821758044,810858295,857208287,822503393,74969115,57860643,7199242,7944563,8.85,38.79,8.96,142.03,3.97,10.14,84.46,75.94,"MARTINUS SADWINARSO, SISWANTO AKWAN, ARIF SETIYONO","RY KRISTIAN HARDIANTO, MOCH ZAENAL ARIFIN, GREGORIUS NASIANSENUS MASDJOJO, RY KRISTIAN HARDIANTO, SISWANTO AKWAN, NYAUW FARIDA, YULIA GUNARSIH, SKOLASTIKA KARMILA LILIS, NJIAUW JANTI"
5/21/2025 20:19,2021,Maret,Provinsi Jawa Tengah,Kota Semarang,600595-PT BPR Rudo Indobank,600595-PT BPR Rudo Indobank,171032107,159688410,80468453,94366230,145190886,134932436,16458357,15478613,682864,577361,15.33,42.8,10.58,100,0.79,39.9,51.83,93.16,PEBRUONO,"WAHYU MUSTIKASARI, HARY PURWOWIDODO"
5/21/2025 20:20,2021,Maret,Provinsi Jawa Tengah,Kota Semarang,600567-PT. BPR Weleri Makmur,600567-PT. BPR Weleri Makmur,531197479,521367186,328685287,397998127,455350663,450298865,55308384,48639336,2482188,4432859,4.14,36.55,3.44,114.38,2.85,11.52,66.54,81.42,"KERRY THAMRIM, HENDRARDI, KASMIATI","DJOKO SUMARNO, YENNY BASUKI, Tanudjan Sugiarto"
5/21/2025 20:20,2021,Maret,Provinsi Jawa Tengah,Kota Semarang,600712-PT. BPR Kedung Arto,600712-PT. BPR Kedung Arto,203020522,186652883,160712088,142141938,184148597,168873113,9348325,8488977,957344,1046790,4.21,24.59,3.76,100,2.72,7.96,82.12,83.27,"EKO HERI PURWANTO, SE, AGUS WIDODO, AMd","DR M ZAENI ABOE AMIN,SE,MM, DR BAMBANG WIDIYANTO,SE,MM,Akt"
5/21/2025 20:20,2021,Maret,Provinsi Jawa Tengah,Kota Semarang,600664-PT Bank Perekonomian Rakyat Dana Aman Tiara Abadi,600664-PT Bank Perekonomian Rakyat Dana Aman Tiara Abadi,83669095,65824053,40481436,7166272,31675628,11843836,115817,2132178,506034,619789,2.87,115.98,1.5,100,2.6,132.44,49.97,73.13,"TADI SE, SANTOSO RAHARDJO, SRIYANA","EDUARDUS RUDI PURWANTO, R BAMBANG SOEGIHARTA, IRNEZ HIDAYAT"
5/21/2025 20:20,2021,Maret,Provinsi Jawa Tengah,Kota Semarang,600814-PT BPR Modern Express Jateng,600814-PT BPR Modern Express Jateng,62630177,53676284,50640175,45960672,50587878,42673214,3993137,2827018,806362,933252,0.86,22.02,0.89,100,6.78,6.68,86.08,67.14,"FIBRIA SOELISTYORINI, DONI TRI SAKTI","FERLYAN PATODING SUMAMPAUW, BADRUDIN, PT. MODERN MULTI ARTHA"
5/21/2025 20:20,2021,Maret,Provinsi Jawa Tengah,Kota Semarang,600854-PT. BPR Artha Mukti Santosa,600854-PT. BPR Artha Mukti Santosa,67332915,66335345,49786444,54878767,44843776,45051972,17393463,15506909,295676,976464,8,62.43,8.75,100,2.24,10.65,78.21,87.73,"TOTO WIJATMIKO, YUNI MARDIATI","HARYANTO WINOTO PUTRO, ANDRI EKO HARSENO"
5/21/2025 20:20,2021,Maret,Provinsi Jawa Tengah,Kota Semarang,600783-PT Bank Perekonomian Rakyat Restu Artha Makmur,600783-PT Bank Perekonomian Rakyat Restu Artha Makmur,446722317,458885240,359013240,385936318,360346267,368084757,73140975,75758041,3635075,5442442,14.27,51.11,10.73,100,4.27,25.14,85.64,78.36,"SUSILO WINARKO, GUNAWAN PRAMODO, PUJIYANTO","F WIDARTO SUBAGIO, RATNAWATI, SIGIT SETIAWAN, PT YASANIAGA UTAMA MULIA"
5/21/2025 20:20,2021,Maret,Provinsi Jawa Tengah,Kota Semarang,600787-PT Bank Perekonomian Rakyat Mandiri Artha Abadi,600787-PT Bank Perekonomian Rakyat Mandiri Artha Abadi,544593833,566893081,416176113,429083720,489804654,514517078,33358868,30988850,2630311,2787153,7.53,19.79,5.91,103.17,2.59,7.15,80.41,83.61,"HENGKY TANTO SUGIARTO, LENY ARJANY","SOEJANTO, BAMBANG WIDIYANTO, SIGIT SANTOSO, VANYA DEWI SUGIARTO"
5/21/2025 20:20,2021,Maret,Provinsi Jawa Tengah,Kota Semarang,600895-PT Bank Perekonomian Rakyat Estetika Artha Guna,600895-PT Bank Perekonomian Rakyat Estetika Artha Guna,21573874,23177888,11506219,13367931,14793373,16013873,766254,1074149,14247,89866,17.62,104.34,9.83,105.87,1.45,9.61,55.42,89.83,"Aiptu Yono, SE, Titiek Sulistyawati SE","Kusmanto SE, Prasetyo Utomo, SE MM, Hj Triningsih Affandi"
5/21/2025 20:20,2021,Maret,Provinsi Jawa Tengah,Kota Semarang,601320-PT BPR Sinar Mitra Sejahtera,601320-PT BPR Sinar Mitra Sejahtera,161873895,140369523,135242257,124211530,142909109,122698122,3720104,3023805,436829,314938,12,25.97,9.68,100,1.76,15.52,88.2,87.73,"RIDWAN KURNIAWAN, CORNELLY LIDWINA SMITH, ERIC WIDYA BUDI PRAMANA","IGNATIUS HERRY WIBOWO, BERNARDUS DWISAMPURNO, IGNATIUS HERRY WIBOWO"
5/21/2025 20:20,2021,Maret,Provinsi Jawa Tengah,Kota Semarang,602535-PD BPR BKK SEMARANG BARAT,602535-PD BPR BKK SEMARANG BARAT,0,0,0,0,0,0,0,0,0,0,0,0,0,0,0,0,0,0,,
5/21/2025 20:20,2021,Maret,Provinsi Jawa Tengah,Kota Semarang,601397-PT. BPR Jateng,601397-PT. BPR Jateng,131091034,134010460,100250194,109290913,114600008,119167902,10807863,8112099,691160,1738456,14.32,28.26,12.87,100,3.42,13.64,80.24,77.12,"AGUS WEDI, B.AC, RM HANDI DEWANTO, SE","FX SOEWARDI, PRIYONO, SE, MM, '', '', '', '', '', '', '', '', ''"
5/21/2025 20:20,2021,Maret,Provinsi Jawa Tengah,Kota Semarang,600819-PT. BPR Adil Jaya Artha,600819-PT. BPR Adil Jaya Artha,54301694,61683334,34746563,33927734,45789489,52511097,4336106,5069897,176099,102340,23.05,25.45,17.04,100,0.37,20.39,67.68,93.62,"DESTHIAN EVANTHAKA, LILIS SULISTYOWATI","AGUS TJONDRO WIJONO, SINYO BASTIAN"
5/21/2025 20:20,2021,Maret,Provinsi Jawa Tengah,Kota Semarang,600857-PT Bank Perekonomian Rakyat Artha Tanah Mas,600857-PT Bank Perekonomian Rakyat Artha Tanah Mas,56185787,43802169,41930246,32990883,49123809,37184030,632693,484903,522749,445093,9.25,26.77,6.89,100,2.73,11.43,77.95,82.29,"Rina Sulistyo Utami, Susyanto","Ignatius Adi Kurniawan, Gabriella Gati Wardani, Leonardus Arum Riyana, Fransisca Inggit, Imam Budiarto, Heryjanto Gondoseputro, Ina Aristiyani, Yustin Angesti, Amiral Santoso, La Ode Projo Collino, Sylvie Probowati, Philipus Maria Broto"
5/21/2025 20:20,2021,Maret,Provinsi Jawa Tengah,Kota Semarang,602759-PT BPR BKK Jawa Tengah (Perseroda),602759-PT BPR BKK Jawa Tengah (Perseroda),0,0,0,0,0,0,0,0,0,0,0,0,0,0,0,0,0,0,,
5/21/2025 20:20,2021,Maret,Provinsi Jawa Tengah,Kota Semarang,601368-PT Bank Perekonomian Rakyat Setia Karib Abadi,601368-PT Bank Perekonomian Rakyat Setia Karib Abadi,65083764,60170316,45582599,41666480,61830832,53645478,143984,242262,"-3,126,860",227240,23.35,10.75,17.18,100,-4.76,14.97,78.21,224.47,"NAJIB AL AMIN,S.IKom, ADI RIRIS WIBOWO,M.COM","DR. HAERUDIN,SE,MT, SULISTYAWATI, disi"
5/21/2025 20:21,2021,Maret,Provinsi Jawa Tengah,Kota Semarang,601445-PT BPR Pollux,601445-PT BPR Pollux,17006706,15921751,11017189,8423282,10966531,9632382,"-6,885,063","-6,482,441",25238,"-128,190",15.29,95.36,8.52,100,-2.39,19.03,66.54,121.85,"HARIYANTO, RINNY LISTIANNA","NICO PURNOMO, C. KASDUR WITARTO TRISNO, PO NICO PURNOMO"
5/21/2025 20:21,2021,Maret,Provinsi Jawa Tengah,Kota Salatiga,600561-PT BPR Kridaharta,600561-PT BPR Kridaharta,31334429,28694728,22255117,19245223,26856067,24599354,1728159,1417323,148754,276492,4.98,38.46,4.13,100,0.62,9.33,73.73,94.54,"DANIEL LAGAIDA PRABOWO, TRI KANTI","YOWONO LAGAIDA PRABOWO, CHRISTINA MAYA INDAH SUSILOWATI"
5/21/2025 20:21,2021,Maret,Provinsi Jawa Tengah,Kota Semarang,602585-PT Bank Perekonomian Rakyat Arto Moro,602585-PT Bank Perekonomian Rakyat Arto Moro,336605285,245126323,234596533,194244892,314693974,230906923,11953165,4675101,2128146,1714299,4.08,16.83,2.61,100,3.22,22.44,75.51,79.81,"EKA ANDIKA LATIF,SE, DARMAWAN, S.SOS","DR H SUBYAKTO, SH,MH,MM, SLAMET ARISNO,SH, DR. H SUBYAKTO SH, MH, MM"
5/21/2025 20:21,2021,Maret,Provinsi Jawa Tengah,Kota Salatiga,601396-PT Bank Perekonomian Rakyat Satya Artha,601396-PT Bank Perekonomian Rakyat Satya Artha,32187203,29598521,23880753,22824473,25126530,25702976,858641,889316,199689,198201,3.47,46.62,2.35,100,3.26,18.6,77.49,81.95,"Daniel Kristiyono, Adi Kurniawan","Gatot Sasongko, Christina Maya Indah Susilowati, Yayasan Perguruan Tinggi Kristen Satya Wacana"
5/21/2025 20:21,2021,Maret,Provinsi Jawa Tengah,Kota Semarang,602726-PT BPR Guru Jateng,602726-PT BPR Guru Jateng,36637085,28492979,21853736,17745301,26463714,18257206,78570,116580,94801,119193,7.2,68.42,5.83,100,1.95,18.41,62.93,85.05,"BONDAN DOYO KANIGORO, MUHAMMAD ROIS","DR. H. NGASBUN EGAR, S.PD., M.PD., YAYASAN DANA SETIAKAWAN GURU JATENG"
5/21/2025 20:21,2021,Maret,Provinsi Jawa Tengah,Kota Semarang,602713-PT. BPR Muncul Artha Sejahtera,602713-PT. BPR Muncul Artha Sejahtera,56295083,49976221,38326619,36686129,38735615,32664574,3461326,3759552,717524,758854,12.39,75.64,9.71,100,7.97,12.25,72.18,63.4,"Yulianto Suhadi, ST, Goro Cahyono, SH","A. Budi Antoro, Drs, Heru Sutantijo, Drs, David Hidayat, Jonatha Sofjan Hidajat, Sigit Hartojo Hadi Santoso, Johan Hidayat, Irwan Hidayat, Heru Sutantijo, Drs, Yulianto Suhadi, ST"
5/21/2025 20:21,2021,Maret,Provinsi Jawa Tengah,Kota Pekalongan,600699-PT Bank Perekonomian Rakyat Arta Utama,600699-PT Bank Perekonomian Rakyat Arta Utama,108215552,103314061,88736013,82943666,68577214,68530265,21860538,17464764,2177800,1719032,6.02,70.8,8.27,100,8.38,12.9,93.35,68.2,"DWI FATMAWATI, YUWONO, SP","NYAUW FARIDA AK, PAULINA ADI YUNIASTUTI"
5/21/2025 20:21,2021,Maret,Provinsi Jawa Tengah,Kota Pekalongan,601548-PT Bank Perekonomian Rakyat BKK Kota Pekalongan (Perseroda),601548-PT Bank Perekonomian Rakyat BKK Kota Pekalongan (Perseroda),32833375,31440351,25735289,22298412,23337047,22623991,354779,568853,121020,27995,3.92,61.74,5.6,100.73,1.51,18.74,84.09,86.74,"Rasito, SE, Arif Rokhmanto, SE","Nur Priyantomo, SE, MM, Andre Wahyu Yudhantoro, SE, MM, Andre Wahyu Yudhantoro, SE, MM, Nurpriyanto, SE, MM, Rasito, SE, Arif Rokhmanto, SE"
5/21/2025 20:21,2021,Maret,Provinsi Jawa Tengah,Kota Salatiga,600143-Perumda BPR Bank Salatiga,600143-Perumda BPR Bank Salatiga,123145302,99618550,92507170,84316377,107507358,85813507,"-30,046,519","-31,049,754",694266,"-135,400",11.87,24.08,11.5,100,2.01,11.03,85.22,89.3,"DARTHO SUPRIYADI, KELIK SUGIANTO","SISWO HARTANTO, BUDI PRASETIO"
5/21/2025 20:22,2021,Maret,Provinsi Jawa Tengah,Kota Tegal,600643-PT Bank Perekonomian Rakyat Bank Bahari Kota Tegal (Perseroda),600643-PT Bank Perekonomian Rakyat Bank Bahari Kota Tegal (Perseroda),24674792,21579056,15840941,14805571,13332918,15374709,800347,633796,252491,258274,18.69,93.17,12.55,83.52,3.79,19.37,70.82,74.1,,"MOH ILYAS, PURTANTO"
5/21/2025 20:22,2021,Maret,Provinsi Jawa Tengah,Kota Pekalongan,601884-PT Bank Perekonomian Rakyat Bank Pekalongan (Perseroda),601884-PT Bank Perekonomian Rakyat Bank Pekalongan (Perseroda),61205136,53514563,49296884,44444037,48924214,41937356,592722,897792,216803,"-167,939",4.13,33.72,3.63,76.68,2.14,10.44,87.82,84.96,"H. AGUS DJUNAEDI, SE, ERNA AFRIYANTI, SH","BETTY DAHFIANI DAHLAN, ST, TRIESKA HERAWAN, S.STP, PEMERINTAH KOTA PEKALONGAN, KSU DANA MANDIRI SEJAHTERA"
5/21/2025 20:22,2021,Maret,Provinsi Jawa Tengah,Kota Magelang,600573-Perumda BPR Bank Magelang,600573-Perumda BPR Bank Magelang,216246872,204302926,162288145,159006522,181354456,171347493,2022100,0,261732,346848,2.51,34.52,2.02,100,1.21,10.59,81.22,89.46,"Ir. Hery Nurjianto, MM, Taufik Hidayat, SE","Drs. Joko Budiyono, MM"
5/21/2025 20:22,2021,Maret,Provinsi Jawa Tengah,Kota Tegal,601563-PT Bank Perekonomian Rakyat BKK Kota Tegal (Perseroda),601563-PT Bank Perekonomian Rakyat BKK Kota Tegal (Perseroda),40773767,40457280,24946874,22287679,30047278,33517597,815418,365404,247909,179581,4.07,65.15,5.9,100,2.25,26.29,66.42,82.6,"Drs. SRIDANA BAWA BASUKI, SUGENG WIDODO, SE, MM","Dr. Ir. AR HANUNG TRIYONO, M.Si, Dra. ISRITATI"
5/21/2025 20:22,2021,Maret,Provinsi Jawa Tengah,Kota Magelang,600686-PT BPR BKK Kota Magelang (Perseroda),600686-PT BPR BKK Kota Magelang (Perseroda),25551290,26152186,17857834,16922413,14946245,15806021,353838,850769,39426,159738,4.92,91.66,4.82,100,0.96,26.54,73.68,94.1,"DWI WAHYU ANDRIANTO, SE, MUSTOFA, SE, MM",
5/21/2025 20:22,2021,Maret,Provinsi Jawa Tengah,Kota Magelang,601429-PT BPR Mitra,601429-PT BPR Mitra,62422379,61309369,37823398,43482267,55244608,54470795,0,0,88964,55258,14.43,26.31,10.48,100,1.26,18.93,66.28,91.29,"Yuniasita Handayani, Kasdi","R.Supriyadi, Sudjono Arif Budiman"
5/21/2025 20:22,2021,Maret,Provinsi Jawa Tengah,Kota Tegal,602650-PT Bank Perekonomian Rakyat Central Artha,602650-PT Bank Perekonomian Rakyat Central Artha,318250607,308169503,231054819,231022603,293898330,289560204,12166563,8254371,185714,"-1,645,072",3.72,23.67,2.85,100,2.34,29.96,75.24,86.87,"Ismiyanto, S.H.,M.H.,M.M., Bowo Susanto","Sapto Liyantoro, Risnawati Handayani, S.E.,M.M."
5/21/2025 20:22,2021,Maret,Provinsi Jawa Tengah,Kota Magelang,600703-PT Bank Perekonomian Rakyat Mertoyudan Makmur,600703-PT Bank Perekonomian Rakyat Mertoyudan Makmur,27877686,28081170,19614746,19327521,21444254,21747010,3424712,3003008,"-191,280",131152,5.56,56.96,3.88,101.92,0.42,8.82,74.32,96.42,"HERNING MADYATMOKO SS, YULIANI ,SE","INDRA SUGANDHI, TEGUH HARSONO, disi"
5/21/2025 20:22,2021,Maret,Provinsi Jawa Tengah,Kota Magelang,601427-PT Bank Perekonomian Rakyat Sinar Garuda Prima,601427-PT Bank Perekonomian Rakyat Sinar Garuda Prima,36686309,36319964,21313112,20550939,23035420,22477825,4575757,4057714,"-524,868",184425,11.37,94.01,12.33,100,-0.22,16.64,65.43,102.26,"ANTON STEFIAN DWI KRISTANTO, SATRIYA SAMBODO","ROY WIRYA SUBRATA, ERLINA SARI SUTONO, R.Y.KRISTIAN HARDIANTO"
5/21/2025 20:22,2021,Maret,Provinsi Jawa Tengah,Kota Surakarta/Solo,600027-PT Bank Perekonomian Rakyat Adipura Santosa,600027-PT Bank Perekonomian Rakyat Adipura Santosa,84918921,87093630,56394910,68150255,80314522,81076543,"-2,805,469","-388,330","-990,132","-1,994,583",11.88,13.4,9.23,100,-1.76,12.51,68.15,115.07,ANDREAS ARI PONCO SETYADI,"TRI RUSTINAH AGATHA, JOSEPHINE RIANA SANTOSA, JOSEPHINE RIANA SANTOSA, AUGUSTINE ESTHER, YOSEPH SARWO ADI SANTOSA"
5/21/2025 20:22,2021,Maret,Provinsi Jawa Tengah,Kota Surakarta/Solo,600065-PT BPR Artha Daya,600065-PT BPR Artha Daya,49504883,41091229,40359452,32950279,42455522,34516012,736008,730963,607875,138776,0.74,19.41,2.67,196.17,3.7,18.11,88.55,85.91,"Didik Setyono, R. Krisna Sulistya Putra","Ivan Agustianto Prihadi, Muhamad Arif Wibowo, ZAINAL ABIDINSYAH SIREGAR"
5/21/2025 20:23,2021,Maret,Provinsi Jawa Tengah,Kota Surakarta/Solo,600087-PT. BPR Central International,600087-PT. BPR Central International,52776312,53573123,27766878,37638056,46844206,46764404,419950,298829,"-887,844",109890,24.09,26.85,14.21,100,-0.11,18.98,55.51,116.25,"ALFANSUS SUDJONO SAPUTRA SH, ALOYSIUS SUDARYANTO","ESTER JAYADI, TANTIK WIJAYA, ESTER JAYADI"
5/21/2025 20:23,2021,Maret,Provinsi Jawa Tengah,Kota Surakarta/Solo,600679-PT Bank Perekonomian Rakyat Rejeki Insani,600679-PT Bank Perekonomian Rakyat Rejeki Insani,414708241,386634104,310350026,315906834,378130252,352549429,7793716,6884082,1434363,734765,2.44,34.82,1.74,100,2.7,13.97,77,79.8,"SUTARJO, SE, HARIS DJOKO WARSITO","KOH KIM POI, MULYADI UTOMO BUDHI MOELJONO, PT Insani Investama"
5/21/2025 20:23,2021,Maret,Provinsi Jawa Tengah,Kota Surakarta/Solo,600138-PT Bank Perekonomian Rakyat Binalanggeng Mulia,600138-PT Bank Perekonomian Rakyat Binalanggeng Mulia,113664292,133192339,80251357,91406180,101164401,116724413,1402571,5334101,945567,982072,3.9,32.98,3.34,100,2.9,10.07,74.37,82.92,"LILIS WAHYUNI, JAROT AGUS SUSANTO","HARTONO PRASETYO, INDRIATNO, Hartono Prasetyo, Budi Setyawan, Yusak Setyawan, Yohanes Setyawan"
5/21/2025 20:23,2021,Maret,Provinsi Jawa Tengah,Kota Surakarta/Solo,601378-PT Bank Perekonomian Rakyat Sabar Artha Prima,601378-PT Bank Perekonomian Rakyat Sabar Artha Prima,97913296,92098045,60955700,56535095,80381268,75938267,8090404,7849990,23624,"-1,108,212",16.85,47.83,8.59,100,1.54,16.88,65.39,90.15,"DIDIK DARMAWAN HARTONO, SISWANTO SEE, IWAN PRASETYO","HAN PURNOMO, HERRY SANTOSO, BUDI HARTONO"
5/21/2025 20:23,2021,Maret,Provinsi Jawa Tengah,Kota Surakarta/Solo,600674-PT Bank Perekonomian Rakyat Bank Solo (Perseroda),600674-PT Bank Perekonomian Rakyat Bank Solo (Perseroda),144579985,138658319,98546191,117337314,122191731,116567343,0,0,322632,468113,1.56,33.26,0.6,100,2.04,25.99,73.08,82.9,"KURLINA DWI ARYANI, SE., MM, Ir. AGUNG RIAWAN, MM","DRS BAMBANG SUGIATMADI, KINKIN SULTANUL HAKIM,SH.MM, PEMERINTAH KOTA SURAKARTA"
5/21/2025 20:23,2021,Maret,Provinsi Jawa Tengah,Kota Surakarta/Solo,600086-PT Bank Perekonomian Rakyat Suryamas,600086-PT Bank Perekonomian Rakyat Suryamas,58129151,61214552,46446600,52280698,49264267,52680070,5508572,4794071,409112,793211,9.64,39.22,7.81,87.1,3.83,11.52,83.8,80.62,"HARYANTO SE, AGUSTA PURNAMA SIGIT, S.KOM","ROSDIANA SE MM, TRISETYA WAHYU NUGROHO, S.H, M.H, '', '', '', '', '', '', '', '', ''"
5/21/2025 20:23,2021,Maret,Provinsi Jawa Tengah,Kota Surakarta/Solo,601414-PT Bank Perekonomian Rakyat Lestari Jateng,601414-PT Bank Perekonomian Rakyat Lestari Jateng,179751926,151926213,67576488,60032529,164516481,139351816,"-222,437","-1,015,135",364510,86231,9.92,15.13,3.86,100,1.89,23.95,68.34,86.53,"DEWA PUTU RAKA SUPRAPTA, F WISNU WIJAYA","SUZANA CHANDRA, E WINDARTI ISTI RAHAYU, PT LESTARI CAPITAL"
5/21/2025 20:23,2021,Maret,Provinsi Jawa Tengah,Kota Surakarta/Solo,601371-PT Bank Perekonomian Rakyat Buana Artha Lestari,601371-PT Bank Perekonomian Rakyat Buana Artha Lestari,278136902,234020258,189552563,162528658,258876615,216722077,9746628,7729867,1462317,1516972,3.42,22.6,2.64,100,2.62,13.03,70.04,80.04,"YUSAK ADI NUGROHO, SE, RIBKA YUNIAWATI TAN","WINDY ARIF BAKTIAR, BAMBANG HERRY PURNOMO"
5/21/2025 20:23,2021,Maret,Provinsi Jawa Tengah,Kota Surakarta/Solo,601473-PT. BPR Sinar Baru Perkasa,601473-PT. BPR Sinar Baru Perkasa,0,0,0,0,0,0,0,0,0,0,0,0,0,0,0,0,0,0,,
5/21/2025 20:23,2021,Maret,Provinsi Jawa Tengah,Kota Surakarta/Solo,600683-PT Bank Perekonomian Rakyat Sukadana,600683-PT Bank Perekonomian Rakyat Sukadana,46901576,46906742,30346188,34256460,40178557,40473081,2484400,2484399,266985,317618,14.82,32.81,10.76,103.35,2.33,18.31,74.4,84.97,"WIRADI, GUNTUR WICAKSONO","BAMBANG SAROSO, MUHAMMAD DJAZULI"
5/21/2025 20:23,2021,Maret,Provinsi Jawa Timur,Kab. Gresik,600094-PT Bank Perekonomian Rakyat Dana Rajabally,600094-PT Bank Perekonomian Rakyat Dana Rajabally,5126165,4790283,3647820,3666428,1360691,1309963,1929129,1704777,86344,75542,0.28,105.14,0.18,100,5.68,21.88,75.17,80.14,"HERY TRIYANTO, ERMA INDRASTIWI","LINAWATI ANGGARA, SOPHIE GUNAWAN"
5/21/2025 20:23,2021,Maret,Provinsi Jawa Timur,Kab. Gresik,600832-PT Bank Perekonomian Rakyat Bank Bumi Sanggabuana,600832-PT Bank Perekonomian Rakyat Bank Bumi Sanggabuana,12488390,6245245,5298114,3739769,3597461,2444316,5263406,2596908,27523,4021,11.53,141.54,10.88,151.58,1.6,16.56,47.49,95.06,"YENNY RAMLIE, M. M. EKA MARTINA","HARYANTO, ARIF JULI"
5/21/2025 20:23,2021,Maret,Provinsi Jawa Timur,Kab. Gresik,600061-PT Bank Perekonomian Rakyat Balongpanggang Sentosa,600061-PT Bank Perekonomian Rakyat Balongpanggang Sentosa,16352881,21709179,12997196,18213596,4436280,11942659,7990216,6796082,326385,570438,12.4,125.89,12.94,100,7.22,43.45,88.68,72.84,"NANANG AZIS NURASYALI,SE, LEYAH ENY ELFINAWATI","DWI TJAHJONO, SETYA HADI RUSTOMO, MA YAN"
5/21/2025 20:23,2021,Maret,Provinsi Jawa Timur,Kab. Gresik,601099-PT. BPR Arindomegah Abadi,601099-PT. BPR Arindomegah Abadi,0,0,0,0,0,0,0,0,0,0,18.52,180.77,10.78,152.45,9.7,68.04,69.72,44.2,DRS. DJONI TJUNDAWAN,"CHAYONO, CHAYONO, JONG YONO SUYITNO"
5/21/2025 20:23,2021,Maret,Provinsi Jawa Timur,Kab. Gresik,601702-PT. BPR Delta Gresik,601702-PT. BPR Delta Gresik,0,0,0,0,0,0,0,0,0,0,0,0,0,0,0,0,0,0,,
5/21/2025 20:23,2021,Maret,Provinsi Jawa Tengah,Kota Surakarta/Solo,601457-PT. BPR Sukadyarindang,601457-PT. BPR Sukadyarindang,23065347,22737113,18964041,18066396,19187804,19341470,1744957,1223388,37122,76791,0.1,45.79,0.04,100,2.25,14.4,82.59,84.2,"CAHYO NUGROHO, SE, SOEDEPY FERYEKA ENDRATNO SE MM","SARWONO SINGGIH, SE, MUHAMMAD DJAZULI, SE, ENDANG DWININGSIH, SE"
5/21/2025 20:24,2021,Maret,Provinsi Jawa Tengah,Kota Surakarta/Solo,602557-PT. BPR Usaha Madani Karya Mulia,602557-PT. BPR Usaha Madani Karya Mulia,42674780,34217557,30579708,22830318,37971239,30076291,1301393,900071,102148,41195,6.42,23.93,6.18,100,1.8,10.17,85.37,86.96,"YUSTINIANA SUWANTI ADI, SE, MUSA ENDRI KRISTIAN, SE","PRAWIANTO HADI PRADONO, STH, BAMBANG SUBARTONO, SE, A"
5/21/2025 20:24,2021,Maret,Provinsi Jawa Timur,Kab. Gresik,600767-Perumda BPR Bank Gresik,600767-Perumda BPR Bank Gresik,69250877,62237392,47881210,45647252,44531018,37400312,1031194,1126050,182743,424493,0.72,72.1,5.25,100,0.28,10.82,70.45,89.36,"AL KUSANI, SE, MM","Drs. CHUMAIDI, TURSILOWANTO HARIOGI, S.IP, MM, Pemkab Gresik"
5/21/2025 20:24,2021,Maret,Provinsi Jawa Timur,Kab. Sidoarjo,600109-PT BPR Tri Harta Indah,600109-PT BPR Tri Harta Indah,0,0,0,0,0,0,0,0,0,0,0,0,0,0,0,0,0,0,,
5/21/2025 20:24,2021,Maret,Provinsi Jawa Timur,Kab. Sidoarjo,600775-PT. BPR Kudamas Sentosa,600775-PT. BPR Kudamas Sentosa,0,0,0,0,0,0,0,0,0,0,0,0,0,0,0,0,0,0,,
5/21/2025 20:24,2021,Maret,Provinsi Jawa Timur,Kab. Gresik,600315-PT Bank Perekonomian Rakyat Rajadana Menganti,600315-PT Bank Perekonomian Rakyat Rajadana Menganti,4539667,4381697,2424093,2992578,700313,835841,2020151,1750067,74169,50755,6.42,162.75,3.44,100,6.65,107.94,57.19,80.28,"SILFIANI, NURUL LATIFAH","LINAWATI ANGGARA, LIAUW LIDYA MULYO"
5/21/2025 20:24,2021,Maret,Provinsi Jawa Timur,Kab. Gresik,600862-PT Bank Perekonomian Rakyat Intan Kita,600862-PT Bank Perekonomian Rakyat Intan Kita,41153608,44587589,30342161,35578219,32896795,36397735,6335781,6251792,336766,353796,22.56,36.7,19.23,113.66,4.35,13.9,93.72,82.02,"THE FANG, VIVIN NOVITASARI","KRISTANTO ADITIAWAN SOENARJOKO, SIMON DJOKO SETYO BOEDHIARTO, '', '', '', '', '', '', '', '', ''"
5/21/2025 20:24,2021,Maret,Provinsi Jawa Timur,Kab. Gresik,601718-PT Bank Perekonomian Rakyat Kebomas,601718-PT Bank Perekonomian Rakyat Kebomas,18303708,19754132,14314105,15926949,13483316,15042882,290844,708386,35914,131891,13.26,33.95,13.12,100,1.39,19.8,85.52,94.52,"DRS. WIDYOSENO, ACEP HERMANTO,SE","SURYO DWIANTO AGUNG NUGROHO,SE.MM, RR. LIESA DAMAYANTI, YAYASAN BINA SWADAYA"
5/21/2025 20:24,2021,Maret,Provinsi Jawa Timur,Kab. Gresik,601679-PT Bank Perekonomian Rakyat Anekadana Sejahtera,601679-PT Bank Perekonomian Rakyat Anekadana Sejahtera,13355964,14160277,8487141,10850160,10071466,11420768,"-826,572","-706,295","-163,930","-79,196",6.14,42.82,5.17,92.42,-1.21,36.42,67.4,148.2,HARRY PIRENO,"HERMAN LUKIYANTO ANDY, ANGDY, HERMAN LUKIYANTO ANDY, ANGDY"
5/21/2025 20:24,2021,Maret,Provinsi Jawa Timur,Kab. Gresik,601719-PT Bank Perekonomian Rakyat Intan Nasional,601719-PT Bank Perekonomian Rakyat Intan Nasional,22242164,16682471,15862314,12820227,18081348,13097034,1291126,965039,250906,1614,3.71,46.71,2.99,90,3.09,10.39,73.8,87.49,KHOE SILFIA KHOENTJORO,"NUR ATMAN JATI, '', '', '', '', '', '', '', '', ''"
5/21/2025 20:24,2021,Maret,Provinsi Jawa Timur,Kab. Sidoarjo,600805-PT. BPR Surabaya Lestari,600805-PT. BPR Surabaya Lestari,0,0,0,0,0,0,0,0,0,0,0,0,0,0,0,0,0,0,,
5/21/2025 20:24,2021,Maret,Provinsi Jawa Timur,Kab. Gresik,601755-PT Bank Perekonomian Rakyat Mitra Cemawis Mandiri,601755-PT Bank Perekonomian Rakyat Mitra Cemawis Mandiri,53180585,50720269,41722602,40995960,42936230,41956189,3418935,5663171,825420,700909,6.98,23.08,6.48,100,1.76,20.21,93.66,69.81,"TAUFIK ROHMADI, SEGER SANTOSO","EDY SANTOSO, ACHMAD SYAFARDI"
5/21/2025 20:24,2021,Maret,Provinsi Jawa Timur,Kab. Sidoarjo,600774-PT Bank Perekonomian Rakyat Krian Nusantara,600774-PT Bank Perekonomian Rakyat Krian Nusantara,25030421,21495656,18255631,15820532,17749124,14933366,"-3,048,991","-3,497,871",132792,43737,0.4,47.23,1.18,100,3.17,12.2,80.53,84.52,"ADI SETYOPRATJOJO, SE, GEMALIA DWI AGUSTINA, SE","DRS, EC. ISA SATMOKUNJTORO, GO GUNAWAN WIJAYA PURNOMO, SE, MINTARYA, PT. INTI DANA WIJAYA"
5/21/2025 20:24,2021,Maret,Provinsi Jawa Timur,Kab. Gresik,602753-PT Bank Perekonomian Rakyat Lestari Nusantara Indonesia,602753-PT Bank Perekonomian Rakyat Lestari Nusantara Indonesia,25483202,29738225,17922322,24062228,7436855,10936933,8317014,1839362,329333,571367,39.53,100,20.3,100,3.18,29.05,90.1,90.13,"PRAMUDYA WONGSO, SE.MM, DRA. SRI PRIHASTUTI, SETIA ADI SUBEKTI, ST",LUSIANA WIDJAJA
5/21/2025 20:24,2021,Maret,Provinsi Jawa Timur,Kab. Sidoarjo,600807-PT. BPR Danamas Makmur,600807-PT. BPR Danamas Makmur,0,0,0,0,0,0,0,0,0,0,0,0,0,0,0,0,0,0,,
5/21/2025 20:24,2021,Maret,Provinsi Jawa Timur,Kab. Sidoarjo,600761-PT BPR Bank Pasar Bhakti,600761-PT BPR Bank Pasar Bhakti,59014164,59265133,46128124,50667831,51305267,51862678,732937,509053,117746,35188,20.97,15.27,17.04,100.41,0.59,17.88,82.81,95.96,"DRA. RR. SUCI HARTATI, SUHANTONO, SH","DR. HERMAN JUDI WIDJAJA, ADJI SUBAGIO, SE, dr. Herman Judi Wijaja, Shirly Lis, Liza Marli"
5/21/2025 20:24,2021,Maret,Provinsi Jawa Timur,Kab. Sidoarjo,600782-PT Bank Perekonomian Rakyat Artha Buana,600782-PT Bank Perekonomian Rakyat Artha Buana,10183138,10347147,7541998,8188762,5106117,5565478,2485726,2250427,91295,131242,1.37,112.6,2.71,100,3.14,30.13,78.4,83.66,"ARIN RUSTIATI, SRI ASTUTIK HANDAYANI","BAMBANG RIANTO, EVELYN ANGELICA SASONGKO, HM.SUNDORO SASONGKO"
5/21/2025 20:24,2021,Maret,Provinsi Jawa Timur,Kab. Sidoarjo,600780-PT Bank Perekonomian Rakyat Sriekaya,600780-PT Bank Perekonomian Rakyat Sriekaya,4506420,6792007,3591297,4784604,917900,3340668,1080760,1027139,7760,64888,8.57,95.23,4.03,8.58,2.4,26.59,81.48,86.01,FANDY CRISTIAN,EGA NUGRAHA WIDJAJA
5/21/2025 20:24,2021,Maret,Provinsi Jawa Timur,Kab. Sidoarjo,600802-PT Bank Perekonomian Rakyat Taman Dhana,600802-PT Bank Perekonomian Rakyat Taman Dhana,34595930,33274555,17628942,24262708,22852645,22261213,1370817,1065341,283954,359487,0.48,62.55,1.05,100,4.74,42.3,56.41,74.7,"M. YUDI ALRIYANTO, MOCH ANSHOR","EDWIN SURYALAKSANA, KOPKAR TJIWI KIMIA, EDWIN SURYALAKSANA"
5/21/2025 20:25,2021,Maret,Provinsi Jawa Timur,Kab. Sidoarjo,600798-PT Bank Perekonomian Rakyat Bank Benta Tesa,600798-PT Bank Perekonomian Rakyat Bank Benta Tesa,583986587,399783049,120217350,140525737,529982093,352675325,46572098,41291384,2032396,1616340,0.65,26.33,1.92,100.73,1.29,10.32,23.23,86.11,"Adi Poerwantoro, Nova Diana T., Hariyati H.","Haryanto, Arief Juli W."
5/21/2025 20:25,2021,Maret,Provinsi Jawa Timur,Kab. Sidoarjo,600800-PT. BPR Sumber Usahawan Bersama,600800-PT. BPR Sumber Usahawan Bersama,0,0,0,0,0,0,0,0,0,0,0.03,-51.02,68.48,102.21,-116.46,0.76,915.5,1325.88,RIFATI MASRUROH,"YANNIE JOSEPH MALONDA DRS, Drs. YANNIE MALONDA"
5/21/2025 20:25,2021,Maret,Provinsi Jawa Timur,Kab. Sidoarjo,600824-PT. BPR Taman Adimakmur,600824-PT. BPR Taman Adimakmur,0,0,0,0,0,0,0,0,0,0,0,0,0,0,0,0,0,0,,
5/21/2025 20:25,2021,Maret,Provinsi Jawa Timur,Kab. Sidoarjo,600856-PT. BPR Porong Lestari,600856-PT. BPR Porong Lestari,0,0,0,0,0,0,0,0,0,0,0,0,0,0,0,0,0,0,,
5/21/2025 20:25,2021,Maret,Provinsi Jawa Timur,Kab. Sidoarjo,600850-PT BPR Dhasatra Artha Sempurna,600850-PT BPR Dhasatra Artha Sempurna,0,0,0,0,0,0,0,0,0,0,0,0,0,0,0,0,0,0,,
5/21/2025 20:25,2021,Maret,Provinsi Jawa Timur,Kab. Sidoarjo,600846-PT. BPR Inti Danita,600846-PT. BPR Inti Danita,0,0,0,0,0,0,0,0,0,0,0,0,0,0,0,0,0,0,,
5/21/2025 20:25,2021,Maret,Provinsi Jawa Timur,Kab. Sidoarjo,600810-PT Bank Perekonomian Rakyat Arta Waru Surya,600810-PT Bank Perekonomian Rakyat Arta Waru Surya,10662187,12273158,7466764,7857197,3924494,6313495,4818858,4444836,218835,314827,8.27,84.35,12.42,100,2.52,33.24,78.06,85.65,"SANTOSO, SRI RAHAYU NING ASTUTIK","HOKKY GONARTO, H. A. CHAIRUL FARID, SE. SH. MH., HOKKY GONARTO, VITRY CAROLINE GONARTO, MELISA GONARTO"
5/21/2025 20:25,2021,Maret,Provinsi Jawa Timur,Kab. Sidoarjo,600834-PT Bank Perekonomian Rakyat Bandataman,600834-PT Bank Perekonomian Rakyat Bandataman,4310988,5868927,3112945,4730425,857913,3033166,1773946,1570956,"-20,871",64805,20.79,132.03,16.01,353.36,2.3,49.1,78.42,91.84,"DWI JANTI  SJAMSURAIDA, SE, SISILIA RAHMAWATI","HAKIEM BUNTARAM, DWI JANTI SJAMSURAIDA"
5/21/2025 20:25,2021,Maret,Provinsi Jawa Timur,Kab. Sidoarjo,600836-PT. BPR Sumber Artha Waru Agung,600836-PT. BPR Sumber Artha Waru Agung,59882148,55431574,48931347,46654490,54057070,48926145,"-752,540",645519,"-142,382","-140,090",17.02,22.02,13.8,100,-1.34,15.06,83.51,109.97,"DRS. MOELYANTO, LUDFI ABADI, SE., MM.","DR. MULJANTO, SE.MM, DRS. EC. TJAHJONO, MM, DR. MULJANTO, SE.MM"
5/21/2025 20:25,2021,Maret,Provinsi Jawa Timur,Kab. Sidoarjo,600828-PT Bank Perekonomian Rakyat Buana Dana Makmur,600828-PT Bank Perekonomian Rakyat Buana Dana Makmur,18874982,15118130,8458143,6493015,14493847,10977915,3176034,2940454,125101,119761,0.44,70.13,1.35,100,1.39,24.7,51.22,89.74,RUDY HARTONO,"IWAN KUSUMA HERLAMBANG, JULIAWATI PRAJITNO, IVI PRAJITNO, BAMBANG DERMAWAN"
5/21/2025 20:25,2021,Maret,Provinsi Jawa Timur,Kab. Sidoarjo,600848-PT Bank Perekonomian Rakyat Sarana Sukses,600848-PT Bank Perekonomian Rakyat Sarana Sukses,5733617,5747252,2248626,2676142,878974,852271,731280,742866,23363,52115,13.77,173.41,5.93,103.89,-0.61,117.81,45.38,103.88,"TJIANG WIRO SUNARTO, HANDARI JAKAR HIDAYAH","DANIEL KURNIA PUTRA, NYONDRO SUSANTO, RIO GUNAWAN PUTRA"
5/21/2025 20:25,2021,Maret,Provinsi Jawa Timur,Kab. Sidoarjo,600826-PT Bank Perekonomian Rakyat Satyadhana Artha,600826-PT Bank Perekonomian Rakyat Satyadhana Artha,14515082,13956614,7417774,7525554,11491150,10909536,"-3,436,823","-3,446,592",10755,93670,5.29,39.94,7.37,100,-1.62,49.31,57.73,109.64,"AHMAD MAZID LABIB, SH., FENNY LIMINTONO, SE.","MURIANI HARSONO, MM, DRA.EC. SRI RAHAYU, IR.  ARIEF HARSONO"
5/21/2025 20:25,2021,Maret,Provinsi Jawa Timur,Kab. Sidoarjo,600830-PT Bank Perekonomian Rakyat Sinardana Buana,600830-PT Bank Perekonomian Rakyat Sinardana Buana,41242748,40725250,28190391,30689747,33833167,32822536,4864064,5227662,145517,275052,1.15,39.7,3.21,100,2.18,35.04,72.72,88.08,"COK GEDE WIRAWAN, WIKAN KURNIANTO","IR. I KETUT SUKARTA, IR. SITI NUR AMANAH, IR. I KETUT SUKARTA"
5/21/2025 20:25,2021,Maret,Provinsi Jawa Timur,Kab. Sidoarjo,600935-PT Bank Perekonomian Rakyat Megakerta Swadiri,600935-PT Bank Perekonomian Rakyat Megakerta Swadiri,9615685,9435275,7815888,2733372,5065939,9147980,"-2,914,526","-2,335,492","-136,561","-78,046",6.97,49.64,6.02,100,-4.07,10.06,84.2,124.52,"HARIYONO, HENDRI MUKTI WINARNO","SOEMARNO, I GEDE  NYOMAN TANAYA MADA, '', '', '', '', '', '', '', '', ''"
5/21/2025 20:26,2021,Maret,Provinsi Jawa Timur,Kab. Sidoarjo,600879-PT Bank Perekonomian Rakyat Abrin Centra Artha,600879-PT Bank Perekonomian Rakyat Abrin Centra Artha,7858625,8205757,4584884,4164980,4440966,4984371,1310961,1023785,66698,157601,9.72,67.72,6.24,100,2.44,59.34,60.38,87.43,"DRA. EMMY DEWAYANTI, NANANG EFENDI","JONI KURNIANTO, SUDJONO, CICIK"
5/21/2025 20:26,2021,Maret,Provinsi Jawa Timur,Kab. Sidoarjo,600860-PT Bank Perekonomian Rakyat Berkat Cahaya Artha,600860-PT Bank Perekonomian Rakyat Berkat Cahaya Artha,15775749,18922348,13141150,11439078,12070439,16103790,"-484,139","-610,280","-8,694","-269,305",16.63,31.3,14.23,100,2.48,16.12,85.27,86.74,"HERU BASKORO, AMRIZAL NOVRIANTO","DJOKO SUMIATNO, MOHAMAD BUNTARMAN"
5/21/2025 20:26,2021,Maret,Provinsi Jawa Timur,Kab. Sidoarjo,600936-PT Bank Perekonomian Rakyat Dinar Pusaka,600936-PT Bank Perekonomian Rakyat Dinar Pusaka,40968172,43039078,20296492,22222175,19273281,22250758,15598447,15310468,96444,77852,23.83,89.5,11.36,100,2.61,20.35,51.52,85.88,"DR.H.POMPONG B.SETIADI,SE,MM, CANDRA IRAWAN,SE","DR.DANIEL GUNARTO,SE,MM, ALINCE SETIAWATI SIDHARTA, PT.MURNI BERLIAN MOTORS, DR. DANIEL GUNARTO,SE,MM"
5/21/2025 20:26,2021,Maret,Provinsi Jawa Timur,Kab. Sidoarjo,601086-PT Bank Perekonomian Rakyat Toelangan Dasa Nusantara,601086-PT Bank Perekonomian Rakyat Toelangan Dasa Nusantara,23753089,25757174,18479232,19687781,15851641,18390465,5267602,4473523,77171,336511,3.12,59.93,2.79,100,2.56,38.14,84.09,86.45,"ESTI RAHAYU, SH, Lindawati Moestadjap","Drs. Bambang Rianto, Sudjono, SH.MBA., Mia Budy Setyagraha"
5/21/2025 20:26,2021,Maret,Provinsi Jawa Timur,Kab. Sidoarjo,601104-PT Bank Perekonomian Rakyat Sari Dana Indonesia,601104-PT Bank Perekonomian Rakyat Sari Dana Indonesia,5034318,7619992,2040064,3929403,3565778,4473057,"-5,052,461","-3,736,932","-478,999","-116,133",13.72,132.55,3.86,90.71,-3.37,22.17,41.12,270.55,ROY PURNOMO DJOJO,"VITA JUFILIA GANI, FRANKIE SUKIATNO SANJOTO, VITA JUFILIA GANI, "
5/21/2025 20:26,2021,Maret,Provinsi Jawa Timur,Kab. Sidoarjo,600938-PT Bank Perekonomian Rakyat Gema Nusa,600938-PT Bank Perekonomian Rakyat Gema Nusa,19691513,21630999,12997498,16557381,14483904,16615665,3429187,3198449,50722,89185,27.71,40.88,19.36,100,0.98,12.41,71.99,94.33,"DRS. EC. KABIB, MARDIANA MARLIES F, SH","NUR HIDAYATI F, VERNA MIRALIA TANSIL, Robert Tansil"
5/21/2025 20:26,2021,Maret,Provinsi Jawa Timur,Kab. Sidoarjo,600937-PT Bank Perekonomian Rakyat Bank Ima,600937-PT Bank Perekonomian Rakyat Bank Ima,4432157,4506316,3319679,2786817,1497769,1412670,"-1,945,353","-1,806,921","-120,259","-99,433",15.56,123.3,15.86,91.51,-5.22,62.06,85.15,126,"FEBRIANTO ANUGRAH KESUMA, TEGUH HERY WIDODO","MUHAMMAD SYAHRUL MUNIR, LARASATI NINGSIH A, JAZILUL FAWAID"
5/21/2025 20:26,2021,Maret,Provinsi Jawa Timur,Kab. Sidoarjo,601376-PT. BPR Delta Sidoarjo,601376-PT. BPR Delta Sidoarjo,0,0,0,0,0,0,0,0,0,0,1.48,77.45,6.18,100,0.68,22.86,53.37,64.7,DRA.ANIK RAHMAYATI,"JONG ONO SUYITNO, LILY, CHAYONO"
5/21/2025 20:26,2021,Maret,Provinsi Jawa Timur,Kab. Sidoarjo,601547-PT Bank Perekonomian Sahabat Mitra Artha,601547-PT Bank Perekonomian Sahabat Mitra Artha,11512554,13956221,7187400,8606955,5151042,8240084,2644361,1896975,117151,219162,4.79,123.21,7.8,100,0.82,370.51,70.28,83.89,"SUDARMAJI, SE, MUH ZAKI NUDDIN","VERONIKA LEONA, MUSTOFA, LIM CHANDRAWATI, VERONIKA LEONA"
5/21/2025 20:26,2021,Maret,Provinsi Jawa Timur,Kab. Sidoarjo,601137-PT. BPR Taman Artha Kencana,601137-PT. BPR Taman Artha Kencana,6616438,6342080,4026429,2395463,3592844,5780394,"-3,146,563","-3,011,647",1157,"-95,667",6.48,68.75,6,100.52,0.01,67.17,65.55,99.51,"IMAM KUSTIAWAN, KARYADI","MUNADI HERLAMBANG, DENY ALAMSYAH"
5/21/2025 20:27,2021,Maret,Provinsi Jawa Timur,Kab. Sidoarjo,601669-PT Bank Perekonomian Rakyat Anglomas Indah,601669-PT Bank Perekonomian Rakyat Anglomas Indah,40891842,47985347,27025857,32592516,28076143,35734169,5499565,4914518,116134,536660,9.84,62.81,7.61,100,1.36,47.83,71.52,83.39,"SOEYANTO, PANTJASARI UTAMI","JENNY SASONGKO, IMAM DHARMADJI, JENNY SASONGKO, BAMBANG SUJANTO"
5/21/2025 20:27,2021,Maret,Provinsi Jawa Timur,Kab. Sidoarjo,601671-PT Bank Perekonomian Rakyat Dana Raya Jawa Timur,601671-PT Bank Perekonomian Rakyat Dana Raya Jawa Timur,13513053,7088902,10453485,1860575,9698137,3785037,"-2,760,098","-3,113,428",225014,67293,0.71,128.16,0.69,100,21.72,29.58,81.79,91.33,"GAN, BUDIYONO GANI SETIAWAN, SOLICHA SETIYAWATI","MARIO GLENN ANGOUW, MARIO GLENN ANGOUW"
5/21/2025 20:27,2021,Maret,Provinsi Jawa Timur,Kab. Sidoarjo,601546-PT Bank Perekonomian Rakyat Padat Ganda,601546-PT Bank Perekonomian Rakyat Padat Ganda,19635389,20982150,11108900,15445114,11275953,12092014,880497,1573341,563947,480470,5.3,80.65,6.9,100,5.74,67.7,65.42,85.28,,
5/21/2025 20:27,2021,Maret,Provinsi Jawa Timur,Kab. Sidoarjo,601708-PT Bank Perekonomian Rakyat Wutama Artha Sejahtera,601708-PT Bank Perekonomian Rakyat Wutama Artha Sejahtera,29134767,29047618,22818384,24362159,22942119,23623546,2449441,1441090,143207,382982,13.05,49.61,10.56,100,2.59,19.35,78.72,82.91,"Soebardjo, Juliana","Dwi Widi Saputra, Simon Djoko Setyo Boedhiarto, Dwi Widi Saputra, Eko Widiyonarso, Tri Widi Darmanto, Catur Widi Darwiyono"
5/21/2025 20:27,2021,Maret,Provinsi Jawa Timur,Kab. Sidoarjo,601680-PT. BPR Porong Idaman,601680-PT. BPR Porong Idaman,17282894,16382043,11670743,12183210,10194483,9420778,4858425,4470808,"-192,326",68145,9.03,84.13,8.01,100,1.78,13.62,72.53,90.36,"EDI SUCAHYO, AMILATUN NASIBAH","SOEGENG NOTODIHARDJO, LUKAS"
5/21/2025 20:27,2021,Maret,Provinsi Jawa Timur,Kab. Sidoarjo,601678-PT Bank Perekonomian Rakyat Dirgadhana Arthamas,601678-PT Bank Perekonomian Rakyat Dirgadhana Arthamas,3551543,3516209,1627622,1696660,251009,300305,961270,906086,80975,51529,7.52,195.05,6.46,100,2.3,415.48,51.57,92.5,"Dedy Irianta, Mintarja Budiman","Sigit Tirta Suteja, Nany Handayani Gunawan"
5/21/2025 20:27,2021,Maret,Provinsi Jawa Timur,Kab. Sidoarjo,601733-PT Bank Perekonomian Rakyat Puridana Arthamas,601733-PT Bank Perekonomian Rakyat Puridana Arthamas,26160488,39805048,21223907,32186011,7094086,22044359,11402638,10979563,463764,781126,10.9,120.07,14.7,100,7.07,68.13,102.07,75.75,"AFRIYANTI LAILIYAH, JOKO SUSANTO","DRS. BAMBANG RAHARDJO, SINDUKARTO"
5/21/2025 20:27,2021,Maret,Provinsi Jawa Timur,Kab. Sidoarjo,601720-PT Bank Perekonomian Rakyat Sentra Dana Makmur,601720-PT Bank Perekonomian Rakyat Sentra Dana Makmur,21324141,23792594,11256464,15776676,12667448,15559070,1317356,1504993,139337,"-271,469",19.68,67.21,15.95,100,2.41,42.38,62.31,81.56,"NANIK PUJIARTI, HENKY WALOEJO",LINDA THANOS
5/21/2025 20:27,2021,Maret,Provinsi Jawa Timur,Kab. Sidoarjo,601731-PT Bank Perekonomian Rakyat Djojo Mandiri Raya,601731-PT Bank Perekonomian Rakyat Djojo Mandiri Raya,52969443,46866004,38760695,33182678,46140327,41222722,2687594,3075904,"-58,478",167378,0.67,37.55,0.91,101.3,0.87,9.11,74.51,93.18,"KUSANTO UTOMO, SH, I PUTU TEDJA SINARTA, SE, MM","ROBBY HARTONO, TAN YUDI SANTOSO, AMIEN GONDOSABDONO, IWAN GONDOSABDONO, AMIR, ROBBY HARTONO, KUSANTO UTOMO"
5/21/2025 20:27,2021,Maret,Provinsi Jawa Timur,Kab. Sidoarjo,601691-PT Bank Perekonomian Rakyat Mahkota Krian Wijaya,601691-PT Bank Perekonomian Rakyat Mahkota Krian Wijaya,15700990,24818549,6896245,12557471,10259410,16600619,73230,4423076,"-80,070",146434,29.29,62.18,16.94,100,-2.57,16.37,47.72,115.69,"HERI SANTOSO, SITI KOMARIYAH, S.E","MOCHAMAD KATIRAN SE, ANTHONY ONG"
5/21/2025 20:27,2021,Maret,Provinsi Jawa Timur,Kab. Sidoarjo,601750-PT. BPR Andalan Daerah,601750-PT. BPR Andalan Daerah,22061550,21278596,0,0,6450,19000589,1901789,1028741,147610,243565,0,485.35,0,0,0.68,999,0,50.11,Isnaeny,"Jimmy Sidharta, Oei Meliawaty Soegiharto, Henry Surya, Jimmy Sidharta"
5/21/2025 20:27,2021,Maret,Provinsi Jawa Timur,Kab. Sidoarjo,601771-PT. BPR Indodana Hargotama,601771-PT. BPR Indodana Hargotama,0,0,0,0,0,0,0,0,0,0,0,0,0,0,0,0,0,0,,
5/21/2025 20:28,2021,Maret,Provinsi Jawa Timur,Kab. Sidoarjo,601758-PT Bank Perekonomian Rakyat Buduran Deltapurnama,601758-PT Bank Perekonomian Rakyat Buduran Deltapurnama,97851595,92819251,52233327,50953257,80813875,74001863,11542305,12622909,695415,1394479,18.38,51.65,11.71,100,3.79,24.09,59.9,73.36,"HARWANTO, SPD, MISTI HARIASIH, SE.MM","TITIES EKO PRABOWO, SP, MOCHAMMAD JAKIN, DRS, SEGER GATOT SUSANTO, SH, PURNOMO, SH, DIAH TRI RETNOWATI, S.KED, DWI HARRY PRASETYO, SE.MM, TITIES EKO PRABOWO, SP"
5/21/2025 20:28,2021,Maret,Provinsi Jawa Timur,Kab. Sidoarjo,601754-PT Bank Perekonomian Rakyat Mitra Majujaya Mandiri,601754-PT Bank Perekonomian Rakyat Mitra Majujaya Mandiri,56963090,52372502,37288784,34246435,44776750,41874764,5127043,7389332,899297,948406,0.97,32.95,2.05,108.8,7.17,28.36,76.24,70.47,"ISWATIN, NANANG KUSWANTO","BIROWO DJOKO MULYONO, AGUNG PAMUJI, KOP.KARY.BANK YUDHA BHAKTI, KUD SUKAMAJU, KUD SUBUR MAKMUR, KUD CANDI SARIJAYA"
5/21/2025 20:28,2021,Maret,Provinsi Jawa Timur,Kab. Sidoarjo,601757-PT Bank Perekonomian Rakyat Artamulya Bumimukti,601757-PT Bank Perekonomian Rakyat Artamulya Bumimukti,8024494,7696667,6420981,6713471,3473903,3523207,1233859,780450,96732,173010,0.13,101.9,0.49,100,4.76,55.38,83.47,80,"PRASODJO, BAMBANG PRAMOESINTO","DJOKO WAHYUDI, PRATIKTO"
5/21/2025 20:28,2021,Maret,Provinsi Jawa Timur,Kab. Mojokerto,600126-PT. BPR Indoartha Bintang Mulia,600126-PT. BPR Indoartha Bintang Mulia,0,0,0,0,0,0,0,0,0,0,0,0,0,0,0,0,0,0,,
5/21/2025 20:28,2021,Maret,Provinsi Jawa Timur,Kab. Sidoarjo,601752-PT Bank Perekonomian Rakyat Candisaka Arta,601752-PT Bank Perekonomian Rakyat Candisaka Arta,38588918,31165408,27330114,24307672,32889912,26112154,2684249,2008564,182282,212215,2.8,20.62,2.05,100,2.22,44.48,71.95,88.35,"MOCH. JAENURI, SE, DRS.EC. NOER FAOEZI","H. HUDA KURNIAWAN, SE, ADJI SUBAGIO, SE, H. HUDA KURNIAWAN, SE"
5/21/2025 20:28,2021,Maret,Provinsi Jawa Timur,Kab. Sidoarjo,601761-PT Bank Perekonomian Rakyat Delta Artha Perseroda,601761-PT Bank Perekonomian Rakyat Delta Artha Perseroda,734505530,597568627,468991948,460030440,656577577,522299501,0,0,3620278,3168386,3.11,19.56,1.39,100,2.07,29.72,69.67,81.33,"SOFIA NURKRISNAJATI ATMAJA, ELYS SULISTYANINGSIH, M. IRFAN SANTOSA","BASUKI BUDI WURYANTO, S.E.,M.M., Drs. JOKO SANTOSO, M.M, Dr. H. SURADI, SE.MM, PEMKAB SIDOARJO, H. SOEDJITO, DR. H. SURADI, SE. MM."
5/21/2025 20:28,2021,Maret,Provinsi Jawa Timur,Kab. Mojokerto,600874-PT. BPR Artha Swasembada Mojosari,600874-PT. BPR Artha Swasembada Mojosari,0,0,0,0,0,0,0,0,0,0,0,0,0,0,0,0,0,0,,
5/21/2025 20:28,2021,Maret,Provinsi Jawa Timur,Kab. Sidoarjo,601759-PT Bank Perekonomian Rakyat Bumi Gora Jaya,601759-PT Bank Perekonomian Rakyat Bumi Gora Jaya,7960009,7825607,3778765,4455501,1687180,2451752,3825695,2868481,198982,257222,0.51,171.55,1.96,136.22,12.04,40.19,57.61,38.57,"RITA MUDJI RAHAYU, SOEGIANTO,SE","BUDI HARTONO, LUKITO BUDIMAN, SIGIT HARTONO, LUKITO BUDIMAN"
5/21/2025 20:28,2021,Maret,Provinsi Jawa Timur,Kab. Mojokerto,601703-PT. BPR Artha Tuban Kencana,601703-PT. BPR Artha Tuban Kencana,0,0,0,0,0,0,0,0,0,0,0,0,0,0,0,0,0,0,,
5/21/2025 20:28,2021,Maret,Provinsi Jawa Timur,Kab. Mojokerto,600795-PT Bank Perekonomian Rakyat Arta Swasembada,600795-PT Bank Perekonomian Rakyat Arta Swasembada,36734035,37519472,18158009,18303390,19353366,21070117,2774576,2785564,"-6,851",150847,9.62,74.57,6,100,-0.16,43.46,56.86,101.5,"HENNY MUSTIKASARI, SE.,ME.","DRS. ST GATOT SUTANTO, BCHK, ROBBY SUBAGIJO, MOHER"
5/21/2025 20:28,2021,Maret,Provinsi Jawa Timur,Kab. Sidoarjo,601788-PT Bank Perekonomian Rakyat Wiradhana Putramas,601788-PT Bank Perekonomian Rakyat Wiradhana Putramas,82817711,69782813,47306672,55752688,68092784,55279183,2031891,2498793,695348,765942,0.87,32.79,0.78,110.7,3.54,33.82,63.38,83.68,,
5/21/2025 20:28,2021,Maret,Provinsi Jawa Timur,Kab. Mojokerto,600932-PT Bank Perekonomian Rakyat Arta Haksaprima,600932-PT Bank Perekonomian Rakyat Arta Haksaprima,21769950,20353918,12429473,17373709,8797457,8893377,10887583,9421485,644910,599056,9.74,105.9,6.05,115.63,14.56,28.57,64.43,58.69,"SUSI MULIANI, TAN PIE ING","TONY MARTAN, LAZARUS DJOJO, LAZARUS DJOJO, TJIOE FERLINNA KOESWANTO"
5/21/2025 20:28,2021,Maret,Provinsi Jawa Timur,Kab. Sidoarjo,601871-PT. BPR Jati Lestari,601871-PT. BPR Jati Lestari,2407165,2855079,0,0,29068,30517,790979,1275436,"-92,882","-130,874",0,245.9,0,127.6,1.46,1827.89,0,451.9,"H.DJONI HARSONO,S.IP, THE RIMAN SUMARGO, SE","SURJANTORO SISWANTO, DRA.LISIA SISWANTO, H. DJONI HARSONO, S.IP"
5/21/2025 20:28,2021,Maret,Provinsi Jawa Timur,Kab. Mojokerto,601103-PT Bank Perekonomian Rakyat Bumi Jaya,601103-PT Bank Perekonomian Rakyat Bumi Jaya,31835772,27804811,15112179,15286817,24433622,21721076,1145860,0,364005,191450,16.28,32.77,8.62,193.7,2.1,31.72,52.68,73.68,"YAYUK INDRAWATI, ABDUL MUTHOLIB","SUYANTO, SUYANTO, KUD TANI JAYA, YAYUK INDRAWATI, SUTRISNO, YULIADI, ABDUL MUTHOLIB, INDRA BUANA AGUNG KURNIAWAN, SRI WILUJENG, PATENI, ANAM HERNOWO"
5/21/2025 20:29,2021,Maret,Provinsi Jawa Timur,Kab. Jombang,600876-PT BPR Artha Anugrah Kencana,600876-PT BPR Artha Anugrah Kencana,0,0,0,0,0,0,0,0,0,0,0,0,0,0,0,0,0,0,,
5/21/2025 20:29,2021,Maret,Provinsi Jawa Timur,Kab. Jombang,600878-PT. BPR Arta Muktigraha,600878-PT. BPR Arta Muktigraha,0,0,0,0,0,0,0,0,0,0,0,0,0,0,0,0,0,0,,
5/21/2025 20:29,2021,Maret,Provinsi Jawa Timur,Kab. Mojokerto,601105-PT Bank Perekonomian Rakyat Mojosari Pahalapakto,601105-PT Bank Perekonomian Rakyat Mojosari Pahalapakto,21546337,28775294,16904303,24469656,13454535,20177788,1979850,5955080,111952,242426,13,81.02,11.67,100,0.58,19.36,82.35,88.48,MUJIB RIDWAN,"DWI TJAHJONO, TOMMY SUHENDRO"
5/21/2025 20:29,2021,Maret,Provinsi Jawa Timur,Kab. Mojokerto,601091-Koperasi Simpan Pinjam Bank Perekonomian Rakyat Sendang Harta Sejahtera,601091-Koperasi Simpan Pinjam Bank Perekonomian Rakyat Sendang Harta Sejahtera,18911079,15878213,15243842,12471892,14341187,11637105,"-2,366,863","-2,617,394",139117,60864,2.35,47.85,1.84,100,2.93,24.21,84.5,91.48,"Pulih Wahyu Diyono, Atik Widyawati","H. Heri Susanto SP.MM, H. Suprapto, H. Sprapto"
5/21/2025 20:29,2021,Maret,Provinsi Jawa Timur,Kab. Mojokerto,601723-PT Bank Perekonomian Rakyat Karunia Berkat Intidana,601723-PT Bank Perekonomian Rakyat Karunia Berkat Intidana,9974449,7739798,2539812,2823337,6951809,6134283,238360,297593,"-13,461",10181,3.05,78.16,1.73,100,-1.06,132.1,32.17,106.9,"RONNY NJOTOKUSGITO, TRI RETNO HARDINI","RUDY BUDIMAN, JOHAN LUMANTO, RUDY BUDIMAN, YONAS JUANDA, KENDY LUMANTO, JUNG SINGGIH WIJOYO, HADY BANDONO NITI UTOMO, GO OENTORO SURYA EFFENDY, RONNY NJOTOKUSGITO, LIE YULIANTO BUDIONO"
5/21/2025 20:29,2021,Maret,Provinsi Jawa Timur,Kab. Mojokerto,601724-PT Bank Perekonomian Rakyat Arta Bangsal Utama,601724-PT Bank Perekonomian Rakyat Arta Bangsal Utama,8531434,9157270,3527973,3558397,4652016,5471182,510737,328392,16437,5452,19.32,84.22,3.25,95.33,7.7,103.6,44.98,92.79,"BUDI SANTOSO, SARI HANDAYANINGRUM","HERLINA MARGARETHA, MOH. AFFANDI, LAY HERLINA MARGARERTHA"
5/21/2025 20:29,2021,Maret,Provinsi Jawa Timur,Kab. Jombang,600310-PT Bank Perekonomian Rakyat Bank Jombang Perseroda,600310-PT Bank Perekonomian Rakyat Bank Jombang Perseroda,543567542,413827360,373982372,364355753,456404026,359448259,0,0,2115149,2039471,3.74,22.78,3.7,100,1.88,21.22,78.57,87.9,"AFANDI NUGROHO, SE.,MM, ADAM JOYO PRANOTO, S.Kom.,ME, SUHARIANI,SE","Drs Eka Suprasetyo Agus Putranto, MM, HASAN, DRS, M.SI, Dr. H. Akh. Jazuli, S.H., M.Si"
5/21/2025 20:29,2021,Maret,Provinsi Jawa Timur,Kab. Mojokerto,601760-PT Bank Perekonomian Rakyat Puriseger Sentosa,601760-PT Bank Perekonomian Rakyat Puriseger Sentosa,49729350,44447883,25112653,26306357,38880198,34319563,0,0,325666,234301,15.21,45.12,8.56,108.52,4.49,25.06,54.97,70.15,"EDY SUYONO, SE, H. SUCIPTO, SH","DWI HARRY PRASETIYO, DRS.MOCHAMMAD JAKIN, H. SEGER GATOT SUSANTO, SH"
5/21/2025 20:29,2021,Maret,Provinsi Jawa Timur,Kab. Jombang,601107-PT. BPR Tjoekir Dasa Nusantara,601107-PT. BPR Tjoekir Dasa Nusantara,0,0,0,0,0,0,0,0,0,0,5.74,42.19,5.71,100,5.2,18.66,88.47,79.04,"Enda Mawardi,SH",
5/21/2025 20:29,2021,Maret,Provinsi Jawa Timur,Kab. Jombang,600786-PT Bank Perekonomian Rakyat Wijaya Prima,600786-PT Bank Perekonomian Rakyat Wijaya Prima,54000758,46374780,20088333,26117404,41485298,34471790,3858995,2942164,"-168,535",135826,0.56,79.95,1.3,100,1.28,19.13,39.02,93.41,"BUDI SULISTYANI, JOCHANAN","ELSYE SUSANA, AGUNG BAYU WICAKSONO, ELSYE SUSANA, FENDY, PETER LUMANPAUW, ARTHUR LUMANPAUW"
5/21/2025 20:29,2021,Maret,Provinsi Jawa Timur,Kab. Jombang,601102-Koperasi Jasa Bank Perekonomian Rakyat Bumi Arta (Skd),601102-Koperasi Jasa Bank Perekonomian Rakyat Bumi Arta (Skd),22424296,20618289,13975230,13601838,16026843,15325140,989949,924670,247452,203405,11.22,52.26,10.85,100,0.74,28,70.38,75.06,"TEGUH ADI SUPRIYANTO, RATNA SUGIHASTUTI",ZAINUR RIDUWAN
5/21/2025 20:29,2021,Maret,Provinsi Jawa Timur,Kab. Jombang,601136-PT Bank Perekonomian Rakyat Bhapertim Persada,601136-PT Bank Perekonomian Rakyat Bhapertim Persada,49651501,47696375,38159573,36630795,43010175,40384963,"-759,956",126552,201282,"-15,140",5.9,25.67,6.56,100,-0.88,13.44,81.24,105,"ERWAN CAHYONO,SE","PUDJO KUSWANTORO, BUDI PRASETYA"
5/21/2025 20:29,2021,Maret,Provinsi Jawa Timur,Kab. Bondowoso,600852-PT. BPR Bintang Mas Maesan,600852-PT. BPR Bintang Mas Maesan,0,0,0,0,0,0,0,0,0,0,0,0,0,0,0,0,0,0,,
5/21/2025 20:29,2021,Maret,Provinsi Jawa Timur,Kab. Jombang,601666-PT Bank Perekonomian Rakyat Panji Aronta,601666-PT Bank Perekonomian Rakyat Panji Aronta,16613341,14982615,10157335,10378173,9598351,8094970,5270162,5191100,444828,396545,7.08,74.13,5.05,100,7.16,37.3,67.01,71.66,"ANTONIUS HARIBOWO R, SH, SRI ARLISAH","PIPIT HARYOBROTO, F. OEPIT BERLIANTINA"
5/21/2025 20:29,2021,Maret,Provinsi Jawa Timur,Kab. Jombang,601667-PT Bank Perekonomian Rakyat Mojoagung Pahalapakto,601667-PT Bank Perekonomian Rakyat Mojoagung Pahalapakto,20231698,20123616,12067699,15762126,3596188,6088509,11415912,9803921,419598,631186,7.15,186.31,5.15,101.6,8.62,228.38,64.66,62.68,"DRS HANNY KRISTANTO, ACHIROEL YATIM, SE","AGUS SWASTANTO, PUJI LESTARI"
5/21/2025 20:30,2021,Maret,Provinsi Jawa Timur,Kab. Bondowoso,601773-PT. BPR Manuk Wari,601773-PT. BPR Manuk Wari,0,0,0,0,0,0,0,0,0,0,0,0,0,0,0,0,0,0,,
5/21/2025 20:30,2021,Maret,Provinsi Jawa Timur,Kab. Pamekasan,600872-PT Bank Perekonomian Rakyat Pamekasan Purapersada,600872-PT Bank Perekonomian Rakyat Pamekasan Purapersada,17798239,18758782,6622634,7746501,11560290,12564479,3082778,2944157,"-3,605",91370,4.1,78.94,1.52,100,0.48,52.4,39.35,99.15,"HERMIN AGUSTININGSIH, WAHYU HIDAYAT","EDDY SUWITO, AGUS SUMANTO, SUCENDRA KUSUMA"
5/21/2025 20:30,2021,Maret,Provinsi Jawa Timur,Kab. Banyuwangi,600868-PT. BPR Bumi Masyarakat Sejahtera,600868-PT. BPR Bumi Masyarakat Sejahtera,0,0,0,0,0,0,0,0,0,0,0,0,0,0,0,0,0,0,,
5/21/2025 20:30,2021,Maret,Provinsi Jawa Timur,Kab. Banyuwangi,600972-PT. BPR Mahkota Reksaguna Artha,600972-PT. BPR Mahkota Reksaguna Artha,0,0,0,0,0,0,0,0,0,0,0,0,0,0,0,0,0,0,,
5/21/2025 20:30,2021,Maret,Provinsi Jawa Timur,Kab. Bondowoso,601668-PT Bank Perekonomian Rakyat Manuk Ayu,601668-PT Bank Perekonomian Rakyat Manuk Ayu,74620492,38033200,67492288,30575053,46781533,15834208,19588556,14967813,2180803,1161579,0.98,44.94,5.9,100,11.15,12.72,102.33,52.37,SRI WULANDARI PITORINI,"NINIK MARDIANINGSIH, FRIDA EKAWATI, SANTOSO WAHYUDI SH"
5/21/2025 20:30,2021,Maret,Provinsi Jawa Timur,Kab. Bangkalan,600766-Perumda BPR Bangkalan,600766-Perumda BPR Bangkalan,10030914,9596728,8162708,7952577,1558758,1341209,0,636597,214846,190668,2.16,177.62,6.18,102.32,9.23,84.48,89.96,49.71,"M ACH SLAMET UTOMO BPA SE, SRI KARDIANAH, SH","Drs MOHAMAD NAJIB, MM"
5/21/2025 20:30,2021,Maret,Provinsi Jawa Timur,Kab. Sumenep,602743-PT Bank Perekonomian Rakyat Elbaghraf Madura Berdikari,602743-PT Bank Perekonomian Rakyat Elbaghraf Madura Berdikari,9142725,9402242,4945320,5280634,1653322,1771532,"-566,058","-267,251",55461,"-102,039",6.89,100,6.51,100,0,64.62,57.42,109.22,"Nabila Rosa Febrianasari, Abdurrahman Truno",Soemarno
5/21/2025 20:30,2021,Maret,Provinsi Jawa Timur,Kab. Banyuwangi,600976-PT. BPR Wilis Putra Utama,600976-PT. BPR Wilis Putra Utama,0,0,0,0,0,0,0,0,0,0,0,0,0,0,0,0,0,0,,
5/21/2025 20:30,2021,Maret,Provinsi Jawa Timur,Kab. Bangkalan,600793-PT Bank Perekonomian Rakyat Dana Kerja Putra,600793-PT Bank Perekonomian Rakyat Dana Kerja Putra,5184232,5210419,4273969,4160858,1758566,1617077,"-462,839","-461,514","-158,988",7363,32.04,151.66,20.74,111.83,-5.99,35.42,85.8,134.78,Eka Prasetya,"Drs. Ahmad Djamil., M.Pd, Suwandi., S.PdI, disi"
5/21/2025 20:30,2021,Maret,Provinsi Jawa Timur,Kab. Banyuwangi,600968-PT Bank Perekonomian Rakyat Blambangan Makmur Banyuwangi,600968-PT Bank Perekonomian Rakyat Blambangan Makmur Banyuwangi,25577425,25155096,21588882,18639994,18100183,17807840,955770,496397,"-43,715",285672,8.84,67.3,13.52,100,0.61,15.18,94.94,96.58,"NURUL AGUSTIARINI SP, SITI KHOMARIAH","DWI HERNI SUMARTININGSIH, DESIA DARA ALFIA SH"
5/21/2025 20:31,2021,Maret,Provinsi Jawa Timur,Kab. Banyuwangi,600975-PT Bank Perekonomian Rakyat Swadhanamas Pakto,600975-PT Bank Perekonomian Rakyat Swadhanamas Pakto,32115159,35853981,23113003,30885799,14964298,21822164,9371342,9916121,579519,815696,3.71,86.13,6.75,100,9.94,52.04,79.19,58.65,"GAGUK HARNOWO, FIRRIYAL HARIYATI, S.SOS","ANIE PURNAMAWATI, IDAH AGOES SOEPRIANTO, MA YAN"
5/21/2025 20:31,2021,Maret,Provinsi Jawa Timur,Kab. Banyuwangi,600844-PT Bank Perekonomian Rakyat Genteng,600844-PT Bank Perekonomian Rakyat Genteng,63899436,61594218,44369925,44673299,53282624,51371737,2732599,2243504,684213,778977,4.11,41.34,2.7,100,5.4,24.43,73.27,70,"DRS. EC. MANSYUR, NAILUR RIFKONI,SH","CAROLINE SAMUDRA SASMITA, DUDUNG SINDHU WIBOWO, MARUTA SAMUDRA SASMITA, SETIAWATI TENOYO"
5/21/2025 20:31,2021,Maret,Provinsi Jawa Timur,Kab. Banyuwangi,600974-PT Bank Perekonomian Rakyat Rogojampi Artha Niaga,600974-PT Bank Perekonomian Rakyat Rogojampi Artha Niaga,11844691,12306289,7182908,9597948,3548304,4479369,5900534,5292382,"-4,147",134538,1.87,142.68,5.53,100,3.83,128.5,68.56,82.22,"HARI TRIANTO, CAHYO SANTOSO","ANIE PURNAMAWATI, ELISABETH  RINA KRISWANTI, MAYAN, "
5/21/2025 20:31,2021,Maret,Provinsi Jawa Timur,Kab. Banyuwangi,601782-PT. BPR Purwoharjo Lestari,601782-PT. BPR Purwoharjo Lestari,0,0,0,0,0,0,0,0,0,0,0,0,0,0,0,0,0,0,,
5/21/2025 20:31,2021,Maret,Provinsi Jawa Timur,Kab. Banyuwangi,601714-PT Bank Perekonomian Rakyat Delta Artha Panggung,601714-PT Bank Perekonomian Rakyat Delta Artha Panggung,128855435,130269595,88604164,94045917,108276172,112548294,"-1,022,759","-4,455,493",1013055,1587827,20.63,24.4,17.68,100,2.02,18,77.13,88.18,"Ir Moh Ibrohim Wahab, Dra Endang Sri Wijayanti, Amir Mustofa SE","Yuliani Santoso SE, Bibit Soetarto, Yuliani Santoso"
5/21/2025 20:31,2021,Maret,Provinsi Jawa Timur,Kab. Banyuwangi,600977-PT Bank Perekonomian Rakyat Nusamba Genteng,600977-PT Bank Perekonomian Rakyat Nusamba Genteng,116788690,112350193,85086506,83075501,93053266,89230311,9151082,8844788,1205540,896292,6.23,32.93,8.12,100,5.78,18.79,81.59,75.08,"KOESPRAPTO HADIWIBOWO, SE., GEDE SURATNA MERTA, S.E.","DINGOT SINAGA, SE., MM., MUSLIM THOYIB, SE., M. INDRA PERMANA, SH."
5/21/2025 20:31,2021,Maret,Provinsi Jawa Timur,Kab. Bondowoso,601712-PT Bank Perekonomian Rakyat Anugerahdharma Yuwana Bondowoso,601712-PT Bank Perekonomian Rakyat Anugerahdharma Yuwana Bondowoso,26983797,23400670,18447908,16824093,19037524,15579300,1391824,1382595,383370,290290,0.7,50.02,1.66,100,6.84,19.84,73.08,67.07,"WENTY SUSILOWATI, SE, EKO PRADOKO, SE","LULUK INDRIYANI, SH.M.HUM, SUPANDI, SH, DIDIK SUGIARTO CHANDRA, PAMUNGKAS, CHRISTIAN PRANATA, BENNY SANTOSO, SUJANTI TJANDRAWANSA H, LULUK INDRIYANI, SH.M.HUM, HENDRA SUTEJO, IRENE NOVITA YUWONO, ENDANG TRI ASTUTI, SE, LAINNYA"
5/21/2025 20:31,2021,Maret,Provinsi Jawa Timur,Kab. Banyuwangi,601749-KOP. BPR Tawang Alun,601749-KOP. BPR Tawang Alun,0,0,0,0,0,0,0,0,0,0,0,0,0,0,0,0,0,0,,
5/21/2025 20:31,2021,Maret,Provinsi Jawa Timur,Kab. Jember,600970-PT. BPR Jember Lestari,600970-PT. BPR Jember Lestari,0,0,0,0,0,0,0,0,0,0,0,0,0,0,0,0,0,0,,
5/21/2025 20:31,2021,Maret,Provinsi Jawa Timur,Kab. Banyuwangi,601690-PT. BPR Bagong Inti Marga,601690-PT. BPR Bagong Inti Marga,23391173,24301178,18139894,17022489,21195042,22447616,894410,653369,47166,"-54,362",12.24,21.56,12.68,100,1.79,16.94,86.68,90.49,"HERMANTO, AMD","NURYUNIATI, JON ADI BATAM, SUYATEMI"
5/21/2025 20:31,2021,Maret,Provinsi Jawa Timur,Kab. Banyuwangi,601682-PT Bank Perekonomian Rakyat Restudhana Citrasejahtera,601682-PT Bank Perekonomian Rakyat Restudhana Citrasejahtera,32728646,34043343,19726743,18599506,18935547,20272985,12718738,12512292,"-125,639",58066,9.01,64.35,7.33,100,0.4,29.96,65.02,101,"SAIFUL MUNIR, TITIN SUPRIHATIN","AGUS SUDIRMAN, MOCHAMMAD RAFINDRA, AGUS SUDIRMAN"
5/21/2025 20:31,2021,Maret,Provinsi Jawa Timur,Kab. Banyuwangi,601721-PT Bank Perekonomian Rakyat Anugerahdharma Yuwana Banyuwangi,601721-PT Bank Perekonomian Rakyat Anugerahdharma Yuwana Banyuwangi,142256013,147559554,87775298,99471887,120242705,123889287,4086782,6290853,673694,1167435,9.41,29.22,8.75,100,2.72,17.2,66.8,74.46,"AHMAD SYAIFUDIN, RITA KUMALA DEWI, ERMA SWIATININGSIH","LULUK INDRIYANI, NYOTO PRAYITNO, DIDIK SUGIARTO CANDRA, PAMUNGKAS"
5/21/2025 20:31,2021,Maret,Provinsi Jawa Timur,Kab. Jember,600983-PT. BPR Gunung Modal Usaha,600983-PT. BPR Gunung Modal Usaha,0,0,0,0,0,0,0,0,0,0,0,0,0,0,0,0,0,0,,
5/21/2025 20:31,2021,Maret,Provinsi Jawa Timur,Kab. Banyuwangi,602039-PT Bank Perekonomian Rakyat Artha Niaga Inti Sukses,602039-PT Bank Perekonomian Rakyat Artha Niaga Inti Sukses,9996260,9147062,7202885,5822604,2388668,1992329,"-606,586","-1,036,586",99573,91319,2.95,181.81,1.55,100,4.66,28.94,75.21,73.46,"ANDRIYANI, SE, SUTRISNO, SE","YUDI SATRIA KUSUMA, ALFONS HARTONO, AFFENDI SUDIRMAN"
5/21/2025 20:31,2021,Maret,Provinsi Jawa Timur,Kab. Jember,600971-PT Bank Perekonomian Rakyat Karunia Pakto,600971-PT Bank Perekonomian Rakyat Karunia Pakto,15197031,14617725,13655045,13381038,5534456,5465883,3543290,2977318,119285,174524,3.2,167.18,2.2,137.85,3.51,19.59,93.94,78.64,"BAMBANG PURNOMO, SH, GRETTA YADIRFIGGEL ANDRYSIA","DRS. SETYA HADI RUSTOMO, MA YAN"
5/21/2025 20:31,2021,Maret,Provinsi Jawa Timur,Kab. Jember,600973-PT Bank Perekonomian Rakyat Bapuri,600973-PT Bank Perekonomian Rakyat Bapuri,20554975,20214531,15583571,17281910,7966355,9379559,8235370,6400471,577250,658501,26.69,97.17,21.82,100.55,8.71,11.51,80.45,63.49,"DENYAL HERMANTO, TJATUR SATRIJO PRIHATNO","HOKKY GONARTO, T ENY WIDYASTUTI, HOKKY GONARTO"
5/21/2025 20:32,2021,Maret,Provinsi Jawa Timur,Kab. Jember,600967-PT Bank Perekonomian Rakyat Ambulu Dhanaartha,600967-PT Bank Perekonomian Rakyat Ambulu Dhanaartha,25689918,27565945,15710332,22396343,11620442,15101788,6626965,4799443,242511,464714,2.47,100.13,6.21,85.33,7.27,84.65,71.53,71.06,"IDA BAGUS MADE SUPARTA, SE, GUNAWAN RIYANTO, SP","ANIE PURNAMAWATI, SE, IVANWAHYUDI"
5/21/2025 20:32,2021,Maret,Provinsi Jawa Timur,Kab. Jember,600969-PT Bank Perekonomian Rakyat Cinde Wilis,600969-PT Bank Perekonomian Rakyat Cinde Wilis,395723924,394530041,269241497,256508876,351951427,355819014,28617155,24078889,1595342,1072138,2.83,30.31,2.23,50.63,2.55,8,72.35,82.77,"LUCIA PRIMASTUTI RAHAYU, SE, BIBIN HENDRA NUSAROFA, SE, ANANG ERFANTORO, A.Md, SUNARWATI, SE","PAULINO KRISNAWAHJUESA, MBA, YUDINATA TJIPTO SANTOSO, SE, HAUDINATA TJIPTO SANTOSO, ST, PAUL ALIM GUNAWAN KRISTANTO, B.Sc, KELUARGA HENGGARSAH TJIPTO SANTOSO, KELUARGA Ir. HENDRATA KRESNAWAHYUESA"
5/21/2025 20:32,2021,Maret,Provinsi Jawa Timur,Kab. Jember,600979-PT. BPR Rambi Artha Putra,600979-PT. BPR Rambi Artha Putra,14532794,13171395,9040148,9300084,10364227,9458437,2959565,2520390,111677,109596,3.5,72.18,5.21,100,3.85,72.33,66.34,77.62,HARYONO SE,"DR H DJOKO SUBAGYO MM, YOYOK SUTOYO, DR.H DJOKO SUBGYO,MM"
5/21/2025 20:32,2021,Maret,Provinsi Jawa Timur,Kab. Jember,600978-PT Bank Perekonomian Rakyat Nusamba Rambipuji,600978-PT Bank Perekonomian Rakyat Nusamba Rambipuji,47365206,45072558,33981672,29921094,38270904,36978341,"-2,763,492","-3,687,732",179515,103670,2.3,38.58,2.53,100,0.44,10.66,74.99,92.73,"ROFIUL QOMAR, SUHARTANTO","DINGOT SINAGA, NUR SALIM, PT SENTRA MODAL HARMONI, PT BARUNA INTI LESTARI, PT BARUNA BINA UTAMA, MOH INDRA PERMANA, SH, IR. BAMBANG EDIYANTO, IR. BASUKI S HARDJOSOEKATMO"
5/21/2025 20:32,2021,Maret,Provinsi Jawa Timur,Kab. Jember,600984-PT Bank Perekonomian Rakyat Balung Artha Guna,600984-PT Bank Perekonomian Rakyat Balung Artha Guna,22332399,33996475,17538463,20140562,15631901,20204259,0,2714797,400498,801823,3.82,47.79,3.08,100,5.39,10.67,93.05,81.82,"USIK AISYAH, RAMIYATI","SUUD HERMAN, TEDJO SUNARJADI, TEDJO SUNARJADI"
5/21/2025 20:32,2021,Maret,Provinsi Jawa Timur,Kab. Jember,601675-PT. BPR Tanggul Mitra Karya,601675-PT. BPR Tanggul Mitra Karya,0,0,0,0,0,0,0,0,0,0,0,0,0,0,0,0,0,0,,
5/21/2025 20:32,2021,Maret,Provinsi Jawa Timur,Kab. Jember,601676-PT. BPR Kalisat Arthawira,601676-PT. BPR Kalisat Arthawira,0,0,0,0,0,0,0,0,0,0,0,0,0,0,0,0,0,0,,
5/21/2025 20:32,2021,Maret,Provinsi Jawa Timur,Kab. Jember,600988-PT Bank Perekonomian Rakyat Anugerahdharma Yuwana Jember,600988-PT Bank Perekonomian Rakyat Anugerahdharma Yuwana Jember,81442770,77011741,60257544,54866768,71464745,66523464,1993934,2942831,523409,627595,2.13,20.06,3.08,82.72,2.32,10.48,83.42,84.04,"RUDI SETIAWAN, SE, ROMI SUTANTI, SE","NYOTO PRAYITNO, SUPANDI, SH, SUJANTI TJANRAWANSA"
5/21/2025 20:32,2021,Maret,Provinsi Jawa Timur,Kab. Jember,600987-PT Bank Perekonomian Rakyat Rini Bhaktinusa,600987-PT Bank Perekonomian Rakyat Rini Bhaktinusa,14265503,14931533,10402281,10739164,7753172,8544454,2684631,3863855,277700,273224,2.27,88.48,2.61,100,5.47,35.7,76.64,72.25,"HERLYN WIRANTI, SITI ZUBAIDAH","TITIEK HERMIYATI SANTOSO, ICHSANTI RUSARINI"
5/21/2025 20:32,2021,Maret,Provinsi Jawa Timur,Kab. Jember,600985-PT Bank Perekonomian Rakyat Bima Hayu Pratama,600985-PT Bank Perekonomian Rakyat Bima Hayu Pratama,13420166,11833306,5889751,6294880,10434275,10266026,"-40,136","-60,179","-48,973",52459,24.58,44.6,11.39,190.2,-0.84,30.36,29.02,105.9,"SUGIHARTO,SH","ENDANG PURTINI, I'IE TEGUH KARTAWIJAYA KWAN, Eddy Christian Kertawijaya"
5/21/2025 20:32,2021,Maret,Provinsi Jawa Timur,Kab. Jember,601135-PT Bank Perekonomian Rakyat Bumi Hayu,601135-PT Bank Perekonomian Rakyat Bumi Hayu,6869629,6470795,3090474,3389320,2100845,1894178,3541752,3082760,27032,293857,16.7,118.8,16.03,100,3.06,89.25,57.63,81.89,"LINCAH PUJI KURNIAH, PRIONO DWI BASUKI","GUNAWAN GANDA WIJAYA, GUNAWAN GANDA WIJAYA"
5/21/2025 20:32,2021,Maret,Provinsi Jawa Timur,Kab. Jember,600993-KOP. BPR Tanggul Makmur,600993-KOP. BPR Tanggul Makmur,9817012,9197290,5184297,4687789,7075771,6787603,577384,326372,101816,21274,16.76,49.15,14.94,100,3.55,48.09,64.87,80.55,"ARDAI, MULTAZAM","DRS DAMANI SETIAWAN, IR AHMAD SARBINI, Multazam SH"
5/21/2025 20:32,2021,Maret,Provinsi Jawa Timur,Kab. Jember,600991-PT Bank Perekonomian Rakyat Surya Kencana Jaya,600991-PT Bank Perekonomian Rakyat Surya Kencana Jaya,17088254,12461874,11890329,9889882,12792002,9144303,514739,"-546,614",195233,273755,2.87,43.59,4.87,126.4,6.26,32.62,75.99,72.17,"PRAYOGO BUDI SANTOSO, ROKHANA DEWI ASTUTI, SE","DRS. WAGISAN, DECKY PRAWOTO, KUD SUMBER REJEKI"
5/21/2025 20:32,2021,Maret,Provinsi Jawa Timur,Kab. Jember,601784-PT. BPR Sukowono Arthajaya,601784-PT. BPR Sukowono Arthajaya,0,0,0,0,0,0,0,0,0,0,0,0,0,0,0,0,0,0,,
5/21/2025 20:32,2021,Maret,Provinsi Jawa Timur,Kab. Jember,600992-PT Bank Perekonomian Rakyat Eka Usaha Mandiri,600992-PT Bank Perekonomian Rakyat Eka Usaha Mandiri,17580204,17104523,8098306,9788693,13724375,13178614,1915974,1654129,"-330,424",1501,21.66,52.16,17.14,100,0,38.01,53.08,100.6,"Partejo, Hariyanto","Hadi Cahyo Wicaksono, Rochidayat"
5/21/2025 20:32,2021,Maret,Provinsi Jawa Timur,Kab. Malang,600120-PT. BPR Dau Anugerah,600120-PT. BPR Dau Anugerah,0,0,0,0,0,0,0,0,0,0,0,0,0,0,0,0,0,0,,
5/21/2025 20:32,2021,Maret,Provinsi Jawa Timur,Kab. Jember,600986-PT Bank Perekonomian Rakyat Bintang Niaga,600986-PT Bank Perekonomian Rakyat Bintang Niaga,8275097,7441582,5108894,5391940,2327225,2098337,4452433,3475267,55439,427978,28.98,110.6,17.14,100,7.54,68.79,70.19,67.32,,
5/21/2025 20:33,2021,Maret,Provinsi Jawa Timur,Kab. Jember,601689-Bank Perekonomian Rakyat Wutama Artha Jaya,601689-Bank Perekonomian Rakyat Wutama Artha Jaya,17099733,17249139,11292801,12648447,9891203,12869192,2334733,1429573,173797,250374,4.26,100,2.49,143.86,4.93,36.05,72.52,73.04,"Nurul Khidmadi, Oktaviones Pasulu","Tikno Santoso, Franco Bernhard Ivan, Eko Widiyonarso"
5/21/2025 20:33,2021,Maret,Provinsi Jawa Timur,Kab. Jember,601699-PT Bank Perekonomian Rakyat Nur Semesta Indah,601699-PT Bank Perekonomian Rakyat Nur Semesta Indah,49351064,51932561,41229100,44247817,39412875,42595887,0,0,535651,173498,7.05,27,7.06,100,8.29,18.92,89.6,66.69,"KUSWATUL MASLUKHAH, FATMI HIDAYATI","HADI CAHYO WICAKSONO, FAUZAN MUTTAQIEN SE, MARSUM"
5/21/2025 20:33,2021,Maret,Provinsi Jawa Timur,Kab. Jember,601783-PT Bank Perekonomian Rakyat Mitra Jaya Mandiri,601783-PT Bank Perekonomian Rakyat Mitra Jaya Mandiri,149084761,164442521,97589179,137132311,117322800,137815864,14786052,12488924,2627045,3388869,2.61,35.44,3.15,106.5,8.84,28.94,70.87,67.22,"MUHAMMAD FARUQ, ANA SARI AYUNINGSIH","EDY SANTOSO, HARI PURNAMA, KOPKAR BANK YUDHA BHAKTI, KUD SUMBER ALAM, KUD BHINEKA TUNGGAL IKA, KUD TRI JAYA, KUD DUTA NIAGA, KUD TANI SUBUR, KUD WRINGIN AGUNG, KUD NUSANTARA, KUD JAYA BHAKTI, KUD FAJAR"
5/21/2025 20:33,2021,Maret,Provinsi Jawa Timur,Kab. Malang,600898-PT BANK PEREKONOMIAN RAKYAT DAMPIT,600898-PT BANK PEREKONOMIAN RAKYAT DAMPIT,8003658,7556220,3020095,2823946,4350485,3986853,"-322,359","-399,425",45532,51792,0.86,106.09,3.17,100.08,0.92,14.27,41.07,93.81,"ENDANG PONCOWATI,SE","ERLYANI,SE, DRS.EC.ISA SATMOKUNTJORO, PT INTIDANA WIJAYA"
5/21/2025 20:33,2021,Maret,Provinsi Jawa Timur,Kab. Malang,600899-PT Bank Perekonomian Rakyat Eka Dana Mandiri,600899-PT Bank Perekonomian Rakyat Eka Dana Mandiri,17004492,6798364,13368799,5547249,9388197,2894649,3522550,1819328,457616,448258,2.79,99.37,2.78,99.95,7.59,30.35,84.28,66.87,"Alberken Sih Kiswinarso, Sri Ngabekti","Denny Sutanto, Hana Irawati Kesuma"
5/21/2025 20:33,2021,Maret,Provinsi Jawa Timur,Kab. Malang,600039-PT Bank Perekonomian Rakyat Kawan,600039-PT Bank Perekonomian Rakyat Kawan,31949669,29267479,23903106,25343045,28903068,26257794,"-2,841,381","-2,942,686","-112,018","-47,629",7.47,21.1,6.81,100,0.17,12.92,86.05,98.87,"LILIS WASRIYAH, SISWAHYUNI","R.DJOKO RAHARDJO, ASDITA APRILIASARI"
5/21/2025 20:33,2021,Maret,Provinsi Jawa Timur,Kab. Malang,600112-PT Bank Perekonomian Rakyat Dau Lestari,600112-PT Bank Perekonomian Rakyat Dau Lestari,7888138,7608334,4797877,5716805,3719744,4035758,2814593,2241380,153801,131196,1.39,100,2.33,100,7.71,35.16,65.2,71.72,"PURWANINGSIH, HERA DARMANTO","BUDI HARTONO, HARTONO ANGGARA, HARTONO ANGGARA"
5/21/2025 20:33,2021,Maret,Provinsi Jawa Timur,Kab. Malang,600261-PT Bank Perekonomian Rakyat Tridanasakti Sumberpucung,600261-PT Bank Perekonomian Rakyat Tridanasakti Sumberpucung,15161443,13543734,7727911,8332801,4171330,3130130,8290792,7879834,265266,99715,6.52,128.33,2.8,100,11.32,31.07,54.53,54.54,"BAMBANG SUBANDI,SE, HERMIN INDRIANINGSIH,SE","ANG LENY ANGGORO, TEE WIE LIONG, SINTO ANGGORO"
5/21/2025 20:33,2021,Maret,Provinsi Jawa Timur,Kab. Malang,600891-PT Bank Perekonomian Rakyat Bhaskara Pakto,600891-PT Bank Perekonomian Rakyat Bhaskara Pakto,15274066,15114083,9426849,10694917,4689130,6862745,6254523,6811903,130413,239435,2.88,190.59,1.74,100,5.59,54.24,64.43,67.62,WIWIN TRISNANING DYAH,"AGUS SWASTANTO, ENDAH YUNIATI"
5/21/2025 20:33,2021,Maret,Provinsi Jawa Timur,Kab. Malang,600902-PT. BPR Lestari Jatim,600902-PT. BPR Lestari Jatim,354726728,281409536,179246511,154598329,326598067,259516500,229976,206166,1616523,804708,2.52,20.41,1.1,100,1.98,13.68,55.59,87.73,"IKA NORMA NINGRUM, MOH HASAN BASRI","SUZANA CHANDRA, ANTONIUS PADUA SAPTONO SOERJO, PT LESTARI CAPITAL"
5/21/2025 20:34,2021,Maret,Provinsi Jawa Timur,Kab. Malang,600905-PT Perusahaan Daerah Artha Kanjuruhan Pemerintah Kabupaten Malang,600905-PT Perusahaan Daerah Artha Kanjuruhan Pemerintah Kabupaten Malang,72573956,67714890,51983236,52030972,60668520,54758808,362089,1601479,144043,275595,6.28,28.49,4.15,100,0.44,17.81,78.58,96.05,"RAMELAN, JONI SUKARNO PUTRA","DR. RACHMAT HARDIJONO,S.SOS, M.SI,, I WAYAN WISNU UTAMA, PEMKAB MALANG"
5/21/2025 20:34,2021,Maret,Provinsi Jawa Timur,Kab. Malang,600909-PT Bank Perekonomian Rakyat Kerta Arthamandiri,600909-PT Bank Perekonomian Rakyat Kerta Arthamandiri,26736276,27277350,17015225,22358083,10228400,14622292,9115906,9489821,191970,365237,3.42,114.3,3.01,100,5.89,72.22,68.67,85.89,"Kadek Suarsana, SE, Wiwik Sulistioningsih, SE","Hj. Sri Wahyuni, SE, Ika Arsi Ariestina, SE, MA YAN"
5/21/2025 20:34,2021,Maret,Provinsi Jawa Timur,Kab. Malang,600919-PT Bank Perekonomian Rakyat Centraldjaja Pratama,600919-PT Bank Perekonomian Rakyat Centraldjaja Pratama,18929947,18541873,12623732,12207344,11416948,11401339,6065956,5812159,247043,128375,10.87,69.93,10.95,111.77,2.11,46.21,72.85,87.94,"AGUS SUSANTO, RETNO WIDAJATI","KARTIYONO, SAPTO LIYANTORO, PT. INTIDANA WIJAYA"
5/21/2025 20:34,2021,Maret,Provinsi Jawa Timur,Kab. Malang,600917-PT Bank Perekonomian Rakyat Dhana Lestari,600917-PT Bank Perekonomian Rakyat Dhana Lestari,54736462,51724457,40764878,40804426,37146769,34620950,3092720,1447084,96973,421233,14.56,58.32,12.11,100,1.23,15.15,91.72,94.91,"Yustina Tri Widji Aryani, Erni Wachyuti","Bernard Ronny Iswadi, Heroe Soekamto, Gideon Suryatika"
5/21/2025 20:34,2021,Maret,Provinsi Jawa Timur,Kab. Malang,601705-Koperasi Jasa Bank Perekonomian Rakyat Amanah,601705-Koperasi Jasa Bank Perekonomian Rakyat Amanah,10135561,9873755,8408265,8460179,6182998,6277695,342478,519825,139856,76006,4.21,62.4,8.54,100,4.58,27.65,110.4,82.24,"AGUS SALIM., SE.MM, TUGINEN","DRS. DHOFIR AHYANI, H. SUPARJO, Dra. Reny Khusnawati, Dra. Reny Khusnawati, Dra. Reny Khusnawati, Dra. Reny Khusnawati, Dra. Reny Khusnawati, Dra. Reny Khusnawati, Dra. Reny Khusnawati, Dra. Reny Khusnawati, Dra. Reny Khusnawati, Dra. Reny Khusnawati"
5/21/2025 20:34,2021,Maret,Provinsi Jawa Timur,Kab. Malang,601762-PT. BPR Sedayadhana Makmur,601762-PT. BPR Sedayadhana Makmur,0,0,0,0,0,0,0,0,0,0,0,0,0,0,0,0,0,0,,
5/21/2025 20:34,2021,Maret,Provinsi Jawa Timur,Kab. Malang,601706-PT. BPR Kharisma Kusuma Lawang,601706-PT. BPR Kharisma Kusuma Lawang,2229534,4330625,773816,2370864,1651830,3871694,"-5,352,481","-5,585,648","-69,815",44579,67.8,57.67,22.81,100,0.01,20.52,46,91.96,NURAINI ENDANG SETYOWATI,"DRS KARTIYONO, LILY TJAHJANINGSIH"
5/21/2025 20:34,2021,Maret,Provinsi Jawa Timur,Kab. Malang,601704-PT Bank Perekonomian Rakyat Kridadhana Citranusa,601704-PT Bank Perekonomian Rakyat Kridadhana Citranusa,33535441,26993475,20347917,13867569,25819728,20269688,3627607,2697880,248106,185907,4.26,40.79,2.34,100,0.77,26.36,64.91,83.92,"Suati Rakhmawati, Andreas Roy Dirgantara Abadi","Suryadin Achmad, Surjaningrum Notodihardjo, EDWIN KRISTANTO, LUKAS"
5/21/2025 20:34,2021,Maret,Provinsi Jawa Timur,Kab. Malang,601700-PT Bank Perekonomian Rakyat Arta Mitra Rakyat,601700-PT Bank Perekonomian Rakyat Arta Mitra Rakyat,28380174,25469688,11563465,12659303,18291725,16514150,3012807,1026014,"-124,358",729524,15.39,68.17,72.18,100,-0.39,57.88,43.41,116.24,"HERLINA HUDOJO, AGUS HENDRA WIJAYA, AI LIE","AGUS SUBROTO KOSASIH, FITRI ENDAH BUDIASTUTI, KUSWANDI SUDARGA"
5/21/2025 20:34,2021,Maret,Provinsi Jawa Timur,Kab. Malang,600941-PT. BPR Sadhya Muktiparama,600941-PT. BPR Sadhya Muktiparama,10161965,12755631,7683529,8474287,9284976,11308702,"-2,899,478","-1,050,051","-140,533","-603,020",27.98,14.65,25.76,100,-8.68,15.95,81.87,173.91,CATUR BUDI SETYONO,"JUTONO TJAHJONO, HUTAMA SUGHANDI"
5/21/2025 20:34,2021,Maret,Provinsi Jawa Timur,Kab. Malang,601722-PT. BPR Mandiri Adiatra,601722-PT. BPR Mandiri Adiatra,0,0,0,0,0,0,0,0,0,0,0,0,0,0,0,0,0,0,,
5/21/2025 20:34,2021,Maret,Provinsi Jawa Timur,Kab. Malang,601709-PT BPR Delta Singosari,601709-PT BPR Delta Singosari,0,0,0,0,0,0,0,0,0,0,43.06,98.8,31.68,70.07,0.91,97.79,68.23,80.47,"EDY WINARNO ST Art, DEWI KARTIKA CHANDRASARI",JONG YONO SUYITNO
5/21/2025 20:34,2021,Maret,Provinsi Jawa Timur,Kab. Malang,601744-PT. BPR Artha Wiwaha Arjuna,601744-PT. BPR Artha Wiwaha Arjuna,0,0,0,0,0,0,0,0,0,0,6.26,90.74,3.19,100,4.17,10.55,22.8,72.83,"SUJARWO, K. SURYA PUTRA, IR","AMIR ISKANDAR MS,SE, CHAYONO, RITA MAYASARI"
5/21/2025 20:34,2021,Maret,Provinsi Jawa Timur,Kab. Malang,601763-PT. BPR Citra Halim Perdana,601763-PT. BPR Citra Halim Perdana,0,0,0,0,0,0,0,0,0,0,20.3,335.34,2.32,83.21,-10.22,999.99,15.4,127.95,"NUR HAMIDAH,SPd, SRI WIJAYATI,SE","PUJI ARI SUSANTI,Sak"
5/21/2025 20:35,2021,Maret,Provinsi Jawa Timur,Kab. Malang,601710-PT Bank Perekonomian Rakyat Delta Artha Kencana,601710-PT Bank Perekonomian Rakyat Delta Artha Kencana,18271679,15512347,12142419,9984951,14817350,12373457,588211,347090,122604,48286,4.44,32.14,2.51,100,2.3,39.68,68.72,90.21,DRS. EC. TEGUH,"MUDJIBUR RAHMAN, SE, SURYADIN ACHMAD, SH. MM, Mudjibur Rahman, SE, Suryadin Achmad, SH.,MM"
5/21/2025 20:35,2021,Maret,Provinsi Jawa Timur,Kab. Pasuruan,600818-PT. BPR Adhi Purwo,600818-PT. BPR Adhi Purwo,0,0,0,0,0,0,0,0,0,0,0,0,0,0,0,0,0,0,,
5/21/2025 20:35,2021,Maret,Provinsi Jawa Timur,Kab. Malang,601772-PT Bank Perekonomian Rakyat Kimi Sanda,601772-PT Bank Perekonomian Rakyat Kimi Sanda,14055694,14072995,8327545,9707020,2843147,2932322,9152345,9117297,260202,223376,22.73,141.28,14.67,100,7.47,123.73,62.1,68.6,"IR SOEWANDI, ANNI LAILA HIDAYATI","SHIRLLY ERAWATI, PUJI ARI SUSANTI"
5/21/2025 20:35,2021,Maret,Provinsi Jawa Timur,Kab. Malang,601779-PT Bank Perekonomian Rakyat Adiartha Reksacitra,601779-PT Bank Perekonomian Rakyat Adiartha Reksacitra,36738259,37322859,25907379,25102435,26545552,27370291,2926199,4742112,266508,210456,27.97,33.99,22.93,102.11,2.44,31.25,89.39,86.74,"YUDHA SETYAWATI, SS, FRANS YOHANES, SE, YOEL SEPTIAN, S.Kom","LUKAS, SE.MM, EDI POERNOMO SANTOSO"
5/21/2025 20:35,2021,Maret,Provinsi Jawa Timur,Kab. Malang,601769-PT Bank Perekonomian Rakyat Wongso Dana Prima,601769-PT Bank Perekonomian Rakyat Wongso Dana Prima,4160603,3851340,1066732,554745,1438229,3575161,"-7,819,062","-7,815,386",266436,"-183,435",6.01,124.38,7.25,97.39,-2.45,174.52,31.54,144.01,RUDY WIDJAJA SH,
5/21/2025 20:35,2021,Maret,Provinsi Jawa Timur,Kab. Pasuruan,600894-PT. BPR Bromo Mandiri,600894-PT. BPR Bromo Mandiri,0,0,0,0,0,0,0,0,0,0,0,0,0,0,0,0,0,0,,
5/21/2025 20:35,2021,Maret,Provinsi Jawa Timur,Kab. Malang,601775-PT Bank Perekonomian Rakyat Pujon Jayamakmur,601775-PT Bank Perekonomian Rakyat Pujon Jayamakmur,31348260,27614976,25133510,19791158,23671026,20449616,5045245,4388469,231989,376891,9.04,44.45,5.08,100,4.01,11.06,83.37,80.51,"Sulistiyowati, Dyan Swastikawati","Sapto Liyantoro, H. Suryadin Achmad, SH.MM., Subagio Wirawan K."
5/21/2025 20:35,2021,Maret,Provinsi Jawa Timur,Kab. Malang,601767-PT Bank Perekonomian Rakyat Mitra Catur Mandiri,601767-PT Bank Perekonomian Rakyat Mitra Catur Mandiri,47154778,41477660,31906466,28517499,38410553,33403746,4842906,4292073,661319,541841,3.59,40.04,2.42,100,3.42,12.77,75.11,80.4,"SYAMSUL ANAM, HERLIANA KUSUMANINGRUM","SUBIANTO, LISNO"
5/21/2025 20:35,2021,Maret,Provinsi Jawa Timur,Kab. Pasuruan,600840-PT Bank Perekonomian Rakyat Artha Senapati,600840-PT Bank Perekonomian Rakyat Artha Senapati,40155083,38235797,20290129,23516832,18174495,17711207,7364479,5809659,216109,314931,0.32,127.48,0.96,100,4.84,23.44,56.53,89.35,"Dra.HASTUTI,M.M, Ir.BAMBANG RUMAWANTO","HARIYONO JUARSA, BUDIONO ADAM,S.Sos.,M.M., Rusman Juarsa"
5/21/2025 20:36,2021,Maret,Provinsi Jawa Timur,Kab. Pasuruan,600820-PT Bank Perekonomian Rakyat Surya Dana Karya,600820-PT Bank Perekonomian Rakyat Surya Dana Karya,18276351,16426431,10589496,11073870,10293530,8992578,1693841,2533863,48980,99990,1.52,71.76,5.27,100,2.76,31.56,64.75,84.89,"AGUS PRIJO DJATMIKO, SRI DJUHARTINI","ERLYANI, ISA SATMOKUNTJORO, PT. INTIDANA WIJAYA"
5/21/2025 20:36,2021,Maret,Provinsi Jawa Timur,Kab. Pasuruan,600842-PT Bank Perekonomian Rakyat Surasari Hutama,600842-PT Bank Perekonomian Rakyat Surasari Hutama,112542143,128688031,78373227,92174121,90928352,106696397,9622575,10197735,1791216,1593899,0.1,32.89,0.13,137.65,6.7,17.88,75.27,73.03,"YOHANA AGUSTINA, SE, MH, ISNAINI AZIZAH, SE, DIAH ARIESTIANA, AMD","TJIOE FERLINNA KOESWANTO, TONY MARTAN"
5/21/2025 20:36,2021,Maret,Provinsi Jawa Timur,Kab. Malang,602037-PT. BPR Tumpang Prima Artorejo,602037-PT. BPR Tumpang Prima Artorejo,10701505,10650473,7578997,6176598,6261680,6000257,3260406,3530684,"-20,581","-80,468",7.21,62.5,8.32,100,1.33,30.38,75.65,106.8,,
5/21/2025 20:36,2021,Maret,Provinsi Jawa Timur,Kab. Pasuruan,600815-PT Bank Perekonomian Rakyat Pandaan Arta Jaya,600815-PT Bank Perekonomian Rakyat Pandaan Arta Jaya,16351165,17227875,6079619,8135234,4625619,5422787,8160090,8116208,"-34,544",88880,23.92,166.24,11.23,100,0,119.91,39.14,108.2,"Dra. Estiningsih, Imam Mashudi","Kian Ming ( Demawan Soegijanto ), Richi Wenas"
5/21/2025 20:36,2021,Maret,Provinsi Jawa Timur,Kab. Pasuruan,601776-PT. BPR Kratonprima Abadi,601776-PT. BPR Kratonprima Abadi,0,0,0,0,0,0,0,0,0,0,0,0,0,0,0,0,0,0,,
5/21/2025 20:36,2021,Maret,Provinsi Jawa Timur,Kab. Pasuruan,600942-PT BPR Kalimasada Persada,600942-PT BPR Kalimasada Persada,0,0,0,0,0,0,0,0,0,0,0.87,22.46,3.01,100,0,14.63,79.31,138.09,"Djoko Sulistyono, Agus Cahyono","Drs. H.M.Abd. Moenief, Samsudin, S.PD, M.PD"
5/21/2025 20:36,2021,Maret,Provinsi Jawa Timur,Kab. Pasuruan,600925-PT Bank Perekonomian Rakyat Bank Wisman Perkasa,600925-PT Bank Perekonomian Rakyat Bank Wisman Perkasa,8315538,4010316,2727571,1953072,1692265,695527,2933632,898393,89641,16396,2.29,151.93,7.49,113.54,3.42,13.32,32.58,90.5,"TATIK SUKARNININGSIH, DWI IDAYATI","SUNARSO T, KURNIANTO"
5/21/2025 20:36,2021,Maret,Provinsi Jawa Timur,Kab. Pasuruan,600933-PT Bank Perekonomian Rakyat Purwosari Anugerah,600933-PT Bank Perekonomian Rakyat Purwosari Anugerah,85744105,77730176,52062920,45467201,71488179,63661247,6209176,6339947,846750,528982,3.96,37.56,4.82,100,3.85,17.59,65.37,81.5,Fransiska Helis Widayati,Inge Herryawati
5/21/2025 20:36,2021,Maret,Provinsi Jawa Timur,Kab. Pasuruan,601976-PT. BPR Gunung Adidana,601976-PT. BPR Gunung Adidana,0,0,0,0,0,0,0,0,0,0,0,0,0,0,0,0,0,0,,
5/21/2025 20:36,2021,Maret,Provinsi Jawa Timur,Kab. Pasuruan,601726-PT. BPR Nusapanida Pandaan,601726-PT. BPR Nusapanida Pandaan,0,0,0,0,0,0,0,0,0,0,49.37,15,7.47,100,-9.72,79.03,41.96,205.6,NINIEK LIANAWATI,"FS BAHARI NUSANTARA, FS BAHARI NUSANTARA, '', '', '', '', '', '', '', '', ''"
5/21/2025 20:36,2021,Maret,Provinsi Jawa Timur,Kab. Pasuruan,601696-PT Bank Perekonomian Rakyat Harta Swadiri,601696-PT Bank Perekonomian Rakyat Harta Swadiri,108883895,102350393,82934970,75638025,92616260,87905554,0,1680130,956927,948934,0.79,36.41,0.46,100,4.3,33.61,79.74,76.96,"TRIMULYO SE, NURTI SURYANDARI, SE, UFAN BAGI ARTA, S.Kom","SUPRAPTO, SUDIRMAN, H ACHMAD FAUZAN, Suprapto"
5/21/2025 20:36,2021,Maret,Provinsi Jawa Timur,Kab. Pasuruan,601727-PT BPR Bangil Idaman,601727-PT BPR Bangil Idaman,9503432,10084461,5794422,6217398,5943273,6555403,2293533,2176636,66626,152422,2.31,70.96,6.37,100,0.43,39.22,71.35,97.97,"EVI RUMIATI, SE, YUDHA ASMARA","LUKAS, PRADITYA PUDIJOHARTONO, EDWIN KRISTANTO, SOEGENG NOTODIHARDJO"
5/21/2025 20:36,2021,Maret,Provinsi Jawa Timur,Kab. Probolinggo,601770-PT. BPR Sentral Arta Sejahtera d/h Mukam,601770-PT. BPR Sentral Arta Sejahtera d/h Mukam,0,0,0,0,0,0,0,0,0,0,0,0,0,0,0,0,0,0,,
5/21/2025 20:37,2021,Maret,Provinsi Jawa Timur,Kab. Pasuruan,601695-PT Bank Perekonomian Rakyat Arta Seruni Surabaya,601695-PT Bank Perekonomian Rakyat Arta Seruni Surabaya,12677477,13453467,7711122,7981759,8672782,9473470,"-1,618,041","-1,542,382",172736,72379,5.91,47.17,5.06,40.86,1.36,15.51,63.41,74.81,"INDRAWATI, GUNAWAN ADIKARTIKO","BAMBANG RIANTO, GUNAWAN SUGIHARDJO, GUNAWAN SUDIHARDJO"
5/21/2025 20:37,2021,Maret,Provinsi Jawa Timur,Kab. Pasuruan,601707-PT. BPR PERSADA GUNA,601707-PT. BPR PERSADA GUNA,6348559,6759390,4826855,5532641,4201314,4754304,"-1,645,335","-1,798,992",20580,32078,4.7,55.36,5.46,100,2.12,14.86,79.72,93.2,Yudhi Santoso,"Sutrisno, Machfud Aly Pasha"
5/21/2025 20:37,2021,Maret,Provinsi Jawa Timur,Kab. Pasuruan,602553-PT BPR Mina Mandiri (Perseroda),602553-PT BPR Mina Mandiri (Perseroda),15208806,13741303,8126676,7815522,8464919,6989955,263311,210883,"-51,006",51060,7.29,64.8,7.16,100,1.08,83.42,61.04,88.62,"ABDUL WAKHID SE, Drs Irawan Hari Soedjatmiko","ACEP SUPRIATNA SE, Dr Khoirul Huda, SH,. M.Hum, PEMERINTAH DAERAH KABUPATEN PASURUAN, KSU LEPP"
5/21/2025 20:37,2021,Maret,Provinsi Jawa Timur,Kab. Pasuruan,602006-PT. BPR Citra Halim Dhanatama,602006-PT. BPR Citra Halim Dhanatama,0,0,0,0,0,0,0,0,0,0,1.63,361.54,0.03,100.02,-18.81,4691.33,0.26,200.96,"Reni Kusumawati Tantra, FX. Surya Bhakti Wirawan","SUjianto Ikhwan, Shirlly Erawati"
5/21/2025 20:37,2021,Maret,Provinsi Jawa Timur,Kab. Lumajang,600981-PT. BPR Tanggul Arto,600981-PT. BPR Tanggul Arto,0,0,0,0,0,0,0,0,0,0,0,0,0,0,0,0,0,0,,
5/21/2025 20:37,2021,Maret,Provinsi Jawa Timur,Kab. Pasuruan,601780-PT Bank Perekonomian Rakyat Sukorejo Makmur,601780-PT Bank Perekonomian Rakyat Sukorejo Makmur,10345195,12070462,6255599,9727374,2513980,4492343,5537360,5085695,"-106,145",92424,6.98,157.62,8.27,9.24,2.4,160.11,64.98,89.74,"MAGDALENA NELLY REINY DESIANA, SH, SYLVIA INDRIASARI MAULIDIA, SE","HJ. SRI WAHYUNI, SE, IKA ARSI ARIESTINA, S.Sos, MA YAN"
5/21/2025 20:37,2021,Maret,Provinsi Jawa Timur,Kab. Kediri,600130-PT. BPR Artha Pamenang Wates,600130-PT. BPR Artha Pamenang Wates,0,0,0,0,0,0,0,0,0,0,0,0,0,0,0,0,0,0,,
5/21/2025 20:37,2021,Maret,Provinsi Jawa Timur,Kab. Lumajang,600886-PT Bank Perekonomian Rakyat Dharma Indra,600886-PT Bank Perekonomian Rakyat Dharma Indra,191635972,206323100,115902025,125604903,163556934,177905781,14941398,16294053,371640,573266,12.94,31.8,11.01,103.17,0.89,31.31,64.78,91.63,"YETI KUSWINDARYANTI,SE,M.HUM, IR.MADURATNASARI,M.HUM, SITI FATIMAH,SE","FY RUDDY PRIHANANTO, ESTI RAHAYU,SE, EDDY JUSWONO WIJONO, EDDY JUSWONO WIJONO"
5/21/2025 20:37,2021,Maret,Provinsi Jawa Timur,Kab. Lumajang,600907-Perusahaan Umum Daerah Bank Perkreditan Rakyat Bank Lumajang,600907-Perusahaan Umum Daerah Bank Perkreditan Rakyat Bank Lumajang,22381832,22910081,16147997,13891875,13066108,13557801,"-9,251,474","-9,210,409",92198,87689,4.53,50.12,6.89,98.87,1.69,18.91,78.95,87.26,"ENDANG SUPRATININGSIH, ARIK KUSMAWATI","SUNYOTO, SE, MM, MSA, AK, CA., ERY HIDAYANTI, SE, MM, MSA, AK, CA., PEMERINTAH KABUPATEN LUMAJANG"
5/21/2025 20:37,2021,Maret,Provinsi Jawa Timur,Kab. Probolinggo,600924-PT Bank Perekonomian Rakyat Antar Parama,600924-PT Bank Perekonomian Rakyat Antar Parama,61702537,51437797,41430859,39016941,50828647,40713337,7209053,7186051,39837,"-86,591",10.56,42.13,13.04,118.07,0.52,39.4,76.21,95.98,SUBURYANTO,"EDDY JUSWONO WIJONO, FY RUDDY PRIHANANTO, EDDY JUSWONO WIJONO"
5/21/2025 20:37,2021,Maret,Provinsi Jawa Timur,Kab. Lumajang,600929-PT Bank Perekonomian Rakyat Yuka Jaya,600929-PT Bank Perekonomian Rakyat Yuka Jaya,16781881,19628793,6744218,8684246,12594508,16012028,2614258,2008362,118112,153400,11.67,51.85,6,100,3.65,7.82,44.9,76.7,"GANANG SRI PANDOYO, ALINAWATI","TEDJO SUNARJADI, Dra NURANI DEWI SUSANA, TEDJO SUNARJADI"
5/21/2025 20:37,2021,Maret,Provinsi Jawa Timur,Kab. Lumajang,600939-PT Bank Perekonomian Rakyat Sentral Arta Asia,600939-PT Bank Perekonomian Rakyat Sentral Arta Asia,157763936,158050750,90529288,94275442,140706744,141657918,6146869,5940995,710323,751837,4.43,23.92,2.72,105.37,2.92,29.52,60.41,81.83,"Bintang Kusucahyo, Anak Agung Trikora Jaya Sakti, Tito Teguh Arnanto","Arnoldus Soro, Rudy Max Yanuar, Bernard Ronny Iswadi"
5/21/2025 20:38,2021,Maret,Provinsi Jawa Timur,Kab. Lumajang,601134-PT Bank Perekonomian Rakyat Sentaosa Mandiri Jaya,601134-PT Bank Perekonomian Rakyat Sentaosa Mandiri Jaya,7367899,6406037,4291696,4581638,4122583,3235519,"-1,931,136","-1,988,981",76452,59499,2.74,89.67,1.86,100,1.15,69.61,59.9,92.78,"Marliawati, Siti Aisah","Agus hadiriyanto, Wahjoe Ari Wisaksno, Wiyono Thedja, Sinarto Thedja"
5/21/2025 20:38,2021,Maret,Provinsi Jawa Timur,Kab. Kediri,600966-PT Bank Perekonomian Rakyat Artha Nugraha,600966-PT Bank Perekonomian Rakyat Artha Nugraha,28040574,25170973,17883398,17116605,21009541,19243098,4193797,3077415,282836,296060,2.06,58.17,2.57,100,4.67,22,68.36,74.48,"NUGROHO ADI WASPODO, SE, SITI UMAIYAH, SE","WAHYU NANDINI, ABD. HAFIDZ IZZUDIN H, H. ABD. HAFIDZ IZZUDIN"
5/21/2025 20:38,2021,Maret,Provinsi Jawa Timur,Kab. Kediri,600945-PT Bank Perekonomian Rakyat Bina Reksa Karyaartha,600945-PT Bank Perekonomian Rakyat Bina Reksa Karyaartha,80419953,97250337,42209970,62552754,51474647,57367721,13075392,23037633,869914,1844983,3.83,64.63,5.98,100,7.45,42.63,60.52,68.18,"KADEK ASTRAWAN SE, DRA DWI SULISTYANINGATI, DWI NOVITASARI SE","AGUS SWASTANTO S SOS, IVAN WAHYUDI, SHARON DOVIESA SITORUS, MA YAN"
5/21/2025 20:38,2021,Maret,Provinsi Jawa Timur,Kab. Kediri,600963-PT Bank Perekonomian Rakyat Artha Samudera Indonesia,600963-PT Bank Perekonomian Rakyat Artha Samudera Indonesia,36322593,35358413,21583469,22156067,31178100,28535260,0,1812646,133003,191969,4.01,65.74,3.21,100,3.06,27.96,62.88,84.77,"NURKAMDANI, ARIF WIDIYATMOKO","AHMAD YUDI, WELLY HERMANTO, AHMAD YUDI"
5/21/2025 20:38,2021,Maret,Provinsi Jawa Timur,Kab. Kediri,601097-PT Bank Perekonomian Rakyat Tunas Artha Jaya Abadi,601097-PT Bank Perekonomian Rakyat Tunas Artha Jaya Abadi,79526635,82928468,51179282,52031060,68710687,72029055,0,0,228796,312261,3.67,21.19,2.54,100,2.44,20.29,68.05,87.98,"Trias Nurzain, Lulut Sudiarso","I Wayan Sudharma, H.IMAM MUKHAYAT SYAH"
5/21/2025 20:38,2021,Maret,Provinsi Jawa Timur,Kab. Kediri,601088-PT Bank Perekonomian Rakyat Surya Artha Guna Mandiri,601088-PT Bank Perekonomian Rakyat Surya Artha Guna Mandiri,41773074,49950950,32143575,33112595,35935128,42863375,"-2,912,127","-1,810,638","-49,927",98213,27.34,16.75,21.12,112.56,0.08,11.49,81.86,113.25,SUGIARTO,"DITE MAHARGONO, MINAWATI PRAJITNO, ADJI PRAJITNO, MINAWATI PRAJITNO, JULIAWATI PRAJITNO, JOELIANA PRAJITNO, KHENDY IRAWAN PRAJITNO, IVI PRAJITNO"
5/21/2025 20:38,2021,Maret,Provinsi Jawa Timur,Kab. Kediri,600125-PT Bank Perekonomian Rakyat Tulus Puji Rejeki,600125-PT Bank Perekonomian Rakyat Tulus Puji Rejeki,12809961,12763005,10408644,10250351,7444791,8130251,2700673,1976377,194732,222026,0.33,66.88,3.79,100,5.79,29.47,94.8,74.59,"NARNA WIBAWA, SH, YUNUS WIYONO, S.Kom","INDRESWARI TILA UTAMI, SE, EKO MARDIKUSWANTI , SH"
5/21/2025 20:38,2021,Maret,Provinsi Jawa Timur,Kab. Kediri,600949-PD. BPR Bank Daerah Kab. Kediri,600949-PD. BPR Bank Daerah Kab. Kediri,124008027,108614115,78931244,79661450,98434638,83013545,1883219,3058835,500230,801149,2.73,36.14,3.59,100,3.39,41.76,82.75,78.56,"HARLY SUBAGIYO, SUGENG DARWANTO","LAURENSIUS PHYA, MOH. ERFIN FATONI, PEMERINTAH KABUPATEN KEDIRI"
5/21/2025 20:38,2021,Maret,Provinsi Jawa Timur,Kab. Kediri,600953-PT Bank Perekonomian Rakyat Artha Pamenang,600953-PT Bank Perekonomian Rakyat Artha Pamenang,133635953,137744436,98892559,102024510,103319914,108093319,4603137,4233265,812902,517852,2.69,37.61,4.5,100,4.69,14.51,82.77,79.36,"Drs. Indarto, Fransiska Hendra","Harijanto Hiendarto, Drs. Eka Susanto Widadi Sunarso, MINTARYA"
5/21/2025 20:38,2021,Maret,Provinsi Jawa Timur,Kab. Kediri,601095-PT Bank Perekonomian Rakyat Hasta Krida Jaya,601095-PT Bank Perekonomian Rakyat Hasta Krida Jaya,15899427,13529044,11466026,9780840,11444705,9686451,2523861,1979224,180861,163369,4.86,52.14,3.85,92.89,4.2,25.17,78.24,80.84,INATU JUMAROH SH,"DRS H SUBIANTO MM, AGUS HARIYANTO, DRS H SUBIANTO MM, DRS H MARDJITO GA, KUD TANI JAYA"
5/21/2025 20:38,2021,Maret,Provinsi Jawa Timur,Kab. Nganjuk,600132-PT. BPR Artha Pamenang Warujayeng,600132-PT. BPR Artha Pamenang Warujayeng,0,0,0,0,0,0,0,0,0,0,0,0,0,0,0,0,0,0,,
5/21/2025 20:39,2021,Maret,Provinsi Jawa Timur,Kab. Nganjuk,602757-PT Bank Perekonomian Rakyat Anjuk Ladang Perseroda,602757-PT Bank Perekonomian Rakyat Anjuk Ladang Perseroda,0,0,0,0,0,0,0,0,0,0,0,0,0,0,0,0,0,0,,
5/21/2025 20:39,2021,Maret,Provinsi Jawa Timur,Kab. Kediri,601743-PT Bank Perekonomian Rakyat Tanjung Tani,601743-PT Bank Perekonomian Rakyat Tanjung Tani,30628397,35405541,23962835,30990382,24377783,28125296,2754391,3632021,196223,348224,8.87,27.29,11.39,0,3.2,27.29,86.22,86.76,"WINARKO SE, YUSUF BROJO NEGORO","BAGUS HARRY ADI, IVAN ERIC BUDHIANTO"
5/21/2025 20:39,2021,Maret,Provinsi Jawa Timur,Kab. Kediri,601132-PT Bank Perekonomian Rakyat Toeloengredjo Dasa Nusantara,601132-PT Bank Perekonomian Rakyat Toeloengredjo Dasa Nusantara,22450180,24391945,14821406,18783415,14191671,16618038,5095265,4478224,22405,154844,7.39,80,7.26,100,2.18,33.98,74.14,88.83,"Titik Hernawati, Jasno","Hilarius Hariyono, Sudjono"
5/21/2025 20:39,2021,Maret,Provinsi Jawa Timur,Kab. Kediri,602038-PT Bank Perekonomian Rakyat Berkah Pakto,602038-PT Bank Perekonomian Rakyat Berkah Pakto,58582874,64150617,39519336,51564263,24409952,26765916,21696806,28711358,476116,1473343,15.56,101.79,13.25,100,6.58,72.56,73.32,68.82,"NOVI EKA TRISTANTI, DRS INAMULLOH","DWINITA HERAWATI, HERI PRAYITNO, IVANWAHYUDI"
5/21/2025 20:39,2021,Maret,Provinsi Jawa Timur,Kab. Tulungagung,600749-PT. BPR Citrahalim Raharja,600749-PT. BPR Citrahalim Raharja,0,0,0,0,0,0,0,0,0,0,51.01,553.81,3,100,9.46,0,3.22,65.83,"Sudarsono, Lani Dianawati","Himawan Susanto, Puji Ari Susanti, Yohanes Halim"
5/21/2025 20:39,2021,Maret,Provinsi Jawa Timur,Kab. Kediri,601765-PT Bank Perekonomian Rakyat Arta Nusantara Daha,601765-PT Bank Perekonomian Rakyat Arta Nusantara Daha,13586869,11618684,8767187,8099175,4159024,3392311,4796937,3891609,456903,160759,10.07,142.17,15.33,100,10.1,103.35,76.59,54.6,"ANANG SUTRISNO, SH., MH, AIRLANGGA, S.PD., MH","GUTOMO, SE., MH, HILARIUS HARIYONO, S.SI, H. GUNADI BS"
5/21/2025 20:39,2021,Maret,Provinsi Jawa Timur,Kab. Kediri,602040-PT Bank Perekonomian Rakyat Hamindo Natamakmur,602040-PT Bank Perekonomian Rakyat Hamindo Natamakmur,12845509,13861206,6488183,6189839,9919727,13148622,"-3,250,084","-2,755,459","-73,298","-281,121",13.8,44.6,10.34,100,-2.39,28.21,54.32,113.1,"DIDIK BUDI NUGROHO,SE, HARI PRASETYO,SH","IGNATIUS EKO PURWANTO, IR BAMBANG SETIAWAN, IGNATIUS EKO PURWANTO, IR BAMBANG SETIAWAN"
5/21/2025 20:39,2021,Maret,Provinsi Jawa Timur,Kab. Kediri,601717-PT Bank Perekonomian Rakyat Agro Cipta Adiguna,601717-PT Bank Perekonomian Rakyat Agro Cipta Adiguna,20106442,18433675,15949911,14643737,15483029,14502786,2408239,1790297,124959,80377,8,30.17,9.94,100,3.64,13.36,84.45,80.89,"YULI SRIHANDAYANI, SE, SODIQ, SE","DYAN RATIH KUSUMAWATI, SE, MM, DRS. ARDAN FARID YUSUF, BAMBANG SOEMADJI HS"
5/21/2025 20:39,2021,Maret,Provinsi Jawa Timur,Kab. Nganjuk,601098-PT. BPR Kertosono Saranaartha,601098-PT. BPR Kertosono Saranaartha,9747214,9891614,1364528,2781252,3087636,3226726,"-3,390,422","-3,436,986",50000,101874,5.47,100,1.32,100,0,40.33,19.69,99.58,WAHYU NUGROHO,"MADE SUWINAYA SH M.HUM, HENDRO MOEDJIANTO, Susan Marlina, Hendro Moedjianto, Lukas SE"
5/21/2025 20:40,2021,Maret,Provinsi Jawa Timur,Kab. Nganjuk,601698-PT Bank Perekonomian Rakyat Nagajayaraya Sentrasentosa,601698-PT Bank Perekonomian Rakyat Nagajayaraya Sentrasentosa,6966355,6011124,4549031,3919905,3148391,3029338,2128496,1691545,89468,90241,8.11,466.41,0.03,4.66,6.94,71.6,67.69,75.26,"DRA. FATMAWATI, TJITJIK SRI SULANDARI","ANDREW TANTONO, IWAN KUSUMA"
5/21/2025 20:40,2021,Maret,Provinsi Jawa Timur,Kab. Kediri,601785-PT Bank Perekonomian Rakyat Pare Artorejo,601785-PT Bank Perekonomian Rakyat Pare Artorejo,12772221,11960331,7021017,7123042,4263906,4090339,5840107,5315555,268208,154437,3.95,123.79,6.93,100,5.4,50.63,66.34,70.72,"COKORDA RAKA WIDNYANA, SH, RIRIN SURYANTI,SE","DRS AGUS APRIYONO, PUTU YUNIARTI SUARTHA,SE, IWAN HANDOJO, EFFENDY MINTO"
5/21/2025 20:40,2021,Maret,Provinsi Jawa Timur,Kab. Tulungagung,600944-PT Bank Perekonomian Rakyat Anugerah Paktomas,600944-PT Bank Perekonomian Rakyat Anugerah Paktomas,22550813,23031402,12473951,17791744,10509941,11169376,5681732,7882077,119140,379949,2.94,129.85,3.92,100,3.12,92.57,59.56,82.84,"ENDANG SUGIARTI, ANTONIUS ENDRO W","HERI PRAYITNO, FITRI SRI LESTARI, MAYAN"
5/21/2025 20:40,2021,Maret,Provinsi Jawa Timur,Kab. Tulungagung,600958-PT BANK PERKREDITAN RAKYAT NGUNUT ARTA,600958-PT BANK PERKREDITAN RAKYAT NGUNUT ARTA,11253496,12112748,7669557,9823879,4897707,5765160,5010659,4956320,145130,191268,2.59,132.09,2.3,100,5.37,61.86,70.8,76.91,"ANING SUNINGKAT, SE, Dra. KUSTIANI","HADY BANDONO NITIUTOMO, AHMAD TRI WAHYUDI, BAMBANG SOEPRAJITNO, HADY BANDONO NITIUTOMO, LO KENDY LUMANTO"
5/21/2025 20:40,2021,Maret,Provinsi Jawa Timur,Kab. Trenggalek,600957-PT. BPR Artha Panggung Perkasa,600957-PT. BPR Artha Panggung Perkasa,0,0,0,0,0,0,0,0,0,0,0,0,0,0,0,0,0,0,,
5/21/2025 20:40,2021,Maret,Provinsi Jawa Timur,Kab. Tulungagung,600954-PT. BPR Nusamba Ngunut,600954-PT. BPR Nusamba Ngunut,104072020,89952147,69612390,65205932,89868428,75603187,6230647,6135770,463345,703590,5.62,29.66,5.36,100,4.1,13.84,70.69,90,"HIDAYATUR ROFIK, SE, SH, M.Kn, ABDUL CHOLIQ, SE","SUPRIYANTO, SE, NUR SALIM, SE"
5/21/2025 20:40,2021,Maret,Provinsi Jawa Timur,Kab. Tulungagung,601764-PT Bank Perekonomian Rakyat Mitra Agung Mandiri,601764-PT Bank Perekonomian Rakyat Mitra Agung Mandiri,12288848,12814721,9881779,9774603,7846943,9037811,2771463,2129463,230442,207447,6.88,59.01,5.8,100,2.06,14.77,88.43,70.02,"Wahyu Suhardono, Niar Sufiati","Birowo Djoko Mulyono, Abdul Chamid, Kopkar Bank Yudha Bhakti"
5/21/2025 20:40,2021,Maret,Provinsi Jawa Timur,Kab. Tulungagung,600959-PT Bank Perekonomian Rakyat Bintang Tulungagung,600959-PT Bank Perekonomian Rakyat Bintang Tulungagung,45630980,46486929,26513531,32192669,34053852,35178460,2655834,2869956,353447,583489,3.02,55.29,3,100,5.24,15.34,61.91,75.32,"MADE ARYA IRAWAN, BANDIYAH","WELLY WIBISONO, HERRY PRASETYA, Herry Prasetya, Welly Wibisono"
5/21/2025 20:40,2021,Maret,Provinsi Jawa Timur,Kab. Tulungagung,601766-PT Bank Perekonomian Rakyat Bank Tulungagung Perseroda,601766-PT Bank Perekonomian Rakyat Bank Tulungagung Perseroda,194207208,184726843,148666958,147739477,143564340,148774789,4656491,0,1945542,1911219,3.56,48.16,2.41,100,3.6,19.91,82.58,76.79,Suhermin,"Drs. Imro'atul Mufidah M.Si., Nyadin"
5/21/2025 20:40,2021,Maret,Provinsi Jawa Timur,Kab. Tulungagung,601739-PT. BPR Bandung Adiartha,601739-PT. BPR Bandung Adiartha,9455999,13278610,6883473,6741761,4688816,9239436,1444870,660419,150747,207189,7.71,100,11.66,100,1.28,26.63,80.45,70.18,"Nining Endah Wahyuni, Yuyun Agus Hidayat","Susy Winarsih, Gaguk Joko Waspdodo, RAHMADIANI, Susy Winarsih, Gaguk Joko Waspodo, Edi Suswanto"
5/21/2025 20:40,2021,Maret,Provinsi Jawa Timur,Kab. Tulungagung,600956-PT Bank Perekonomian Rakyat Sumberdhana Anda,600956-PT Bank Perekonomian Rakyat Sumberdhana Anda,60385326,63725786,34275326,39998289,47842871,50825666,3983340,4262473,952149,1030681,1.31,37.21,2.37,100,5.52,20.93,62.67,75.56,"RINA SETIYAWATI, SE.MM, SAMSUL HADI, SP.","NANANG SUBANA, SE., ARWISENO, SE."
5/21/2025 20:41,2021,Maret,Provinsi Jawa Timur,Kab. Trenggalek,601778-PT. BPR Bangkit Prima Sejahtera,601778-PT. BPR Bangkit Prima Sejahtera,430516,589642,25152,13839,79031,93275,"-716,419","-595,724","-40,505","-16,318",0,249.48,0.38,100,-9.41,159.54,7.51,366.71,Drs.Sugito,"Sumardi, Pemkab Trenggalek"
5/21/2025 20:41,2021,Maret,Provinsi Jawa Timur,Kab. Trenggalek,600855-PT Bank Perekonomian Rakyat Jwalita Trenggalek Perseroda,600855-PT Bank Perekonomian Rakyat Jwalita Trenggalek Perseroda,86887108,72072734,69126634,52977431,65652782,52874296,0,0,589412,419819,4.03,35.19,2.65,100,3.27,22.78,86.1,78.32,"DIDIK SAGUH WIYOSO, DWI FRAIDIANRIANI","MULYADI WR, JOKO IRIANTO"
5/21/2025 20:41,2021,Maret,Provinsi Jawa Timur,Kab. Blitar,600747-PT. BPR Citrahalim Persada,600747-PT. BPR Citrahalim Persada,0,0,0,0,0,0,0,0,0,0,92.59,203,13.9,100,-0.5,669.61,13,102,"EDY SUBAGIYO,SE, ONGKO BUDY SANTOSA,SE","SUDJIANTO IKWAN,SE, HIMAWAN SUTANTO,SH, YOHANES HALIM, , , , , , , , , "
5/21/2025 20:41,2021,Maret,Provinsi Jawa Timur,Kab. Blitar,600054-PT Bank Perekonomian Rakyat Sum Adiyatra,600054-PT Bank Perekonomian Rakyat Sum Adiyatra,25831015,25083477,20786775,20038703,17505543,17290781,2811809,2336234,113663,56462,9.42,53.19,9.12,100,2.57,16.02,105.44,87.7,"EDI SISWANTO, WAHYUDI UTOMO","ERIC PRINGGO NITIUTOMO, ROCKY TANUMIHARDJO"
5/21/2025 20:41,2021,Maret,Provinsi Jawa Timur,Kab. Blitar,601734-PT. BPR Dharmasurya Aditika,601734-PT. BPR Dharmasurya Aditika,0,0,0,0,0,0,0,0,0,0,13.88,86.54,9.38,94.12,4.41,147.01,48.44,83.49,"RINA TRIRAHAJUNINGSIH, SE","YONO SUYITNO, CHAYONO, YONO SUYITNO"
5/21/2025 20:41,2021,Maret,Provinsi Jawa Timur,Kab. Blitar,600435-PT Bank Perekonomian Rakyat Penataran Kabupaten Blitar Perseroda,600435-PT Bank Perekonomian Rakyat Penataran Kabupaten Blitar Perseroda,33744132,33806578,25895758,23027813,29120866,27868311,"-804,516",654328,"-608,139","-751,982",21.88,21.36,24.45,100,-4.32,11.36,90.29,131.58,"Iswanto Zunaedy, Muhammad Fauzi","Rudy Purwanto, Pemkab Blitar"
5/21/2025 20:41,2021,Maret,Provinsi Jawa Timur,Kab. Blitar,600754-PT Bank Perekonomian Rakyat Cahaya Bumi Artha,600754-PT Bank Perekonomian Rakyat Cahaya Bumi Artha,11422068,13625748,8680684,10137432,7830888,10266142,2179223,1906040,28277,69886,5.36,49.47,6.7,100,2.18,31.5,82.02,92.45,"IMAM CHOIRI, DONNY YUNIAR","SUWADJI, MUSTAIN CAHYONO, ANIF NUR CHANIFAN, M SHOFFAN"
5/21/2025 20:41,2021,Maret,Provinsi Jawa Timur,Kab. Blitar,600955-PT. BPR Nusamba Wlingi,600955-PT. BPR Nusamba Wlingi,112995752,103829675,78659531,73868587,88725644,81705268,12272729,10689121,1518179,956086,5.16,46.7,4.43,100,1.59,19.8,73.19,71.77,"NURKALIM, DAVID JOHAN WAHYUDI","SUPRIYANTO, NUR SALIM, PT SENTRA MODAL HARMONI, PT FAJAR MAS MURNI"
5/21/2025 20:41,2021,Maret,Provinsi Jawa Timur,Kab. Blitar,601089-PT Bank Perekonomian Rakyat Wlingi Pahalapakto,601089-PT Bank Perekonomian Rakyat Wlingi Pahalapakto,44704891,57158851,26503791,41382747,14800182,24262196,17406682,25780441,498027,1116214,7.7,113.25,8.85,100,5.88,114.49,67.24,71.63,"RIONALDO PRADANA SUHENDRO, LILIK KURNIAWATI","HERI PRAYITNO, DWI NITA HERAWATI"
5/21/2025 20:42,2021,Maret,Provinsi Jawa Timur,Kab. Blitar,601781-PT. BPR Mulya Sri Rejeki,601781-PT. BPR Mulya Sri Rejeki,5012657,5337447,3480859,3876490,1876568,2271074,"-2,064,504","-2,114,562",29752,10094,14.61,242.3,11.57,100,1.34,39.83,40.8,93.4,"INDAH DWI WULANDARI, ANITA WULANDARI","HERRY SOEGIHARDJO, AGUNG PRIYONO"
5/21/2025 20:42,2021,Maret,Provinsi Jawa Timur,Kab. Madiun,600756-PT Bank Perekonomian Rakyat Artanawa,600756-PT Bank Perekonomian Rakyat Artanawa,67974461,64073639,36983259,37215880,54397372,53749522,0,0,724563,817027,3.01,41.31,1.64,100,1.2,41.57,58.1,68.75,"Drs. Purnomo, Siwi Pudjiati, SH","Wahab Syaroni, Eny Wahyuningsih, Kopkar Usaha Mulya"
5/21/2025 20:42,2021,Maret,Provinsi Jawa Timur,Kab. Blitar,601694-PT Bank Perekonomian Rakyat Hartaraya Ciptamulia,601694-PT Bank Perekonomian Rakyat Hartaraya Ciptamulia,20114732,20416503,8501634,9961435,13499390,14636043,884662,839687,125078,200618,9.94,81.33,6.25,100,4.17,16.1,46.08,78.45,TATAS MULYO WIBOWO,"IR ENDRO HERMONO, MBA, LILIK SUPRIANTO, IR. ENDRO HERMONO"
5/21/2025 20:42,2021,Maret,Provinsi Jawa Timur,Kab. Madiun,600033-PT Bank Perekonomian Rakyat Polatama Kusuma,600033-PT Bank Perekonomian Rakyat Polatama Kusuma,104611055,82122622,65069889,65194104,95100031,74488154,0,0,261024,634468,3.27,18.28,3.13,100,2.21,34.49,66.99,84.37,"ARIE ARDIANSYAH, SE, SOFYAN YULIANTO, SE,MM","AGUNG PRIYONO, SE, LIM EDY SUGIARTO"
5/21/2025 20:42,2021,Maret,Provinsi Jawa Timur,Kab. Madiun,601735-PT Bank Perekonomian Rakyat Caruban Indah,601735-PT Bank Perekonomian Rakyat Caruban Indah,49437366,44644365,31275064,33082149,41510141,36881534,1279624,1263736,348128,463358,3.25,23.07,1.04,100,0.82,38.64,67.6,83.3,"TOTOK HARIADI SPD MM, INDRA SE MM","HERRY SOEGIHARJO, WARSONO SE"
5/21/2025 20:42,2021,Maret,Provinsi Jawa Timur,Kab. Madiun,600948-Perumda BPR Bank Daerah Kabupaten Madiun,600948-Perumda BPR Bank Daerah Kabupaten Madiun,235495446,196598608,166604590,149599400,193927132,156583269,6213315,6014340,1345329,1194197,1.9,30.2,2.28,100,3.75,26.42,78.69,78.83,"RULI SETIYAWATI, SH, VELLY MURDIANTO, SE","NINING LESTARI, SE, Drs. SUYADI, M.Si"
5/21/2025 20:42,2021,Maret,Provinsi Jawa Timur,Kab. Madiun,600965-Koperasi Jasa Bank Perekonomian Rakyat Arta Kencana,600965-Koperasi Jasa Bank Perekonomian Rakyat Arta Kencana,208987277,202472963,153402634,163943316,182333829,177318859,3862775,3588944,1082590,1398444,7.06,30.01,7,100,2.25,19.26,77.55,85.96,"LILIK SULISTIJANI, SE, Drs. SUJARWO, MM, ISTIJAH, SE.MM","SUYANTI, ST, H. BUDI UTOMO, S.Pd, KUD SRI MULYO, KOPKAR BHAKTI KENCANA, KUD TANI JAYA, KUD RUKUN MAKMUR, KUD KARYA USAHA, KUD SUMBER TANI, KUD TANI MULYO, KUD HASIL TANI, KUD MADU RASA, KUD TANI UTAMA"
5/21/2025 20:42,2021,Maret,Provinsi Jawa Timur,Kab. Magetan,601741-PT. BPR Artha Dharma,601741-PT. BPR Artha Dharma,0,0,0,0,0,0,0,0,0,0,0,0,0,0,0,0,0,0,,
5/21/2025 20:42,2021,Maret,Provinsi Jawa Timur,Kab. Madiun,601693-PT. BPR Sapadhana,601693-PT. BPR Sapadhana,30524673,32291193,11119539,25588802,20693005,21366494,1376016,2461905,567122,574264,8.45,93.23,5.27,100,6.22,20.28,40.1,80.5,"SURYONO SITANGGANG, SE, SUTADI, SE","BAGINDA OLOAN TARIGAN, SE, AANG KUSUMA NUGRAHA, LUCERIA SIAGIAN"
5/21/2025 20:42,2021,Maret,Provinsi Jawa Timur,Kab. Madiun,601692-PT Bank Perekonomian Rakyat Arthaya Indotama Pusaka,601692-PT Bank Perekonomian Rakyat Arthaya Indotama Pusaka,27717201,34948940,19025645,19679726,24293681,30752334,"-821,477",100120,80733,4617,4.05,21.49,6.35,100,-2.57,20.11,86.55,115,UCOK HASIHOLAN,"TRI NURYANTO, MELANY"
5/21/2025 20:42,2021,Maret,Provinsi Jawa Timur,Kab. Ngawi,600943-PT BPR Utomo Widodo,600943-PT BPR Utomo Widodo,34122797,67129620,23090792,53932823,53708512,54072407,3627245,6858834,"-27,607,930",577687,26.58,14.35,46.09,100,-19.1,14.56,108.2,247.5,"HJ. SUCI SUGIHARTI. SH,MM, UNGGUL DANANTI. SE","DR.H, DJOKO SUBAGYO. EC,MM, ONANG FAHAR, HJ. ULFAINUN MAYSAROH, HJ.SRI EKO RUSTIANTI"
5/21/2025 20:42,2021,Maret,Provinsi Jawa Timur,Kab. Ngawi,602470-PT Bank Perekonomian Rakyat Pundhi Arta Indonesia,602470-PT Bank Perekonomian Rakyat Pundhi Arta Indonesia,81370057,58929203,60434537,45348785,74091402,52136746,106823,0,956057,739660,3.9,12.09,3.08,100.03,1.53,23.59,79.83,71.59,"PRAYITNO,SE, EKO YUWONO YUDOSAPUTRO,SP","IR SUPRIYANTO, SUDARWATI,SE, SUJATNO,SE,MM, ENDANG PRAGAWANI"
5/21/2025 20:43,2021,Maret,Provinsi Jawa Timur,Kab. Magetan,601096-PT Bank Perekonomian Rakyat Mulyo Raharjo,601096-PT Bank Perekonomian Rakyat Mulyo Raharjo,60707030,51713617,48153857,40856647,53613455,43128549,0,1505694,239610,225409,4.68,26.94,4.99,100,1.04,24.83,88.09,88.29,"RACHMAD RIYANTARA SUNU INDRA, SUMARTO","SITI BUDI HARTI, AMIR RUDIN, HARI WURYANTO"
5/21/2025 20:43,2021,Maret,Provinsi Jawa Timur,Kab. Magetan,600961-PT Bank Perekonomian Rakyat Ekadharma Bhinaraharja,600961-PT Bank Perekonomian Rakyat Ekadharma Bhinaraharja,162497892,182109750,122948524,125817120,145588036,159430753,0,6715897,1559856,1413100,4.09,18.94,3.12,100,1.07,10.77,79.98,74.14,"MUHAMMAD NUF BERNADIN, SE, DWIATMODJO BAHAGIO, SP","H DWIYONO KUSWANTORO, SE, Drs. HARIYADI, MM, DR ARQOM KUSWANJONO, M.Hum"
5/21/2025 20:43,2021,Maret,Provinsi Jawa Timur,Kab. Magetan,601742-Koperasi Bank Perekonomian Rakyat Takeran,601742-Koperasi Bank Perekonomian Rakyat Takeran,59110922,52600982,34644798,36157720,48324224,43339745,1639958,0,302313,365542,7.74,38.57,6.33,100,3.42,41.03,62.49,79.44,"MULYANI, SE. MM, DWINITA MUNFAATI, SE","HARUN SETIANTO, SE, DRS. MUHAMAD ISNAINI SUBAGYA, M.AG"
5/21/2025 20:43,2021,Maret,Provinsi Jawa Timur,Kab. Ponorogo,600770-PT Bank Perekonomian Rakyat Aswaja,600770-PT Bank Perekonomian Rakyat Aswaja,28178712,27196508,23971302,23707093,21387022,20557551,0,0,11235,"-136,498",1.92,32.94,4.39,100,3.22,8.07,90.28,77.71,"MULYONO, SH, ANIS FITRIANA, SE","RIZQI RAHMAWATI, ST, MM, DRS. HM. SUBKI RISYA, MH, DRS HM SUBKI RISYA, MH, H. SUROSO, SH, KOP DAS PONOROGO, NU CABANG PONOROGO, HJ. LAILATUN NISFAH, Dr. HJ. S MARYAM YUSUF, M.Ag, H. SUPRIYADI, LAILA ULFAH, M. SOFWAN, SH, MM, LAINNYA"
5/21/2025 20:43,2021,Maret,Provinsi Jawa Timur,Kab. Ponorogo,601672-PT Bank Perekonomian Rakyat Raga Surya Nuansa,601672-PT Bank Perekonomian Rakyat Raga Surya Nuansa,137646272,110096897,76544915,66404455,128113985,100486437,0,0,176791,286843,4.88,15.54,3.55,100,1.46,33.87,59.54,94.65,"H MUHAMMAD AMIR SE MM, SUDARTO SH, YUSTANTO ZAINAL ABIDIN SE","DRS H SETYO ADJI MM, H SUMANTO"
5/21/2025 20:43,2021,Maret,Provinsi Jawa Timur,Kab. Magetan,601738-PT Bank Perekonomian Rakyat Buana Citra Sejahtera,601738-PT Bank Perekonomian Rakyat Buana Citra Sejahtera,39837712,39655694,29979557,31757900,33220867,32680046,5294451,4537682,"-985,083",130489,14.19,28.14,14.37,100,-0.93,30.97,87.35,186.11,"SUNARKO, SE, ENDRO HERJAYANTO, SPI","SITI BUDIHARTI, sharholder I, Sharholder II, Sharholder II, Sharholder IV, Sharholder V, Sharholder VI, Sharholder VII, Sharholder VIII, Sharholder IX, Sharholder X"
5/21/2025 20:43,2021,Maret,Provinsi Jawa Timur,Kab. Ponorogo,600752-Koperasi Bank Perekonomian Rakyat Jetis,600752-Koperasi Bank Perekonomian Rakyat Jetis,28445205,26705000,12578377,12166033,21787386,20267454,0,0,108657,206522,1.46,54.42,3.66,100,2.39,62.88,49.93,81.44,"SULISTYARINI, MUHAMAD SUHADI SAg","WAHYUDI, M ICHDAHANA"
5/21/2025 20:43,2021,Maret,Provinsi Jawa Timur,Kab. Ponorogo,601787-PT. BPR Arthaya Aditama Utama,601787-PT. BPR Arthaya Aditama Utama,0,0,0,0,0,0,0,0,0,0,2.81,11.09,3.14,99.08,-7.6,11.01,68.83,151.3,"KHOTOT DWI AMITRA, DWI YULIANA ERNAWATININGSIH","MELANY, TRI NURYANTO, RIBKAH SYLVILIA, HENDRO WIBOWO, ADELIA YOAN WIBOWO"
5/21/2025 20:43,2021,Maret,Provinsi Jawa Timur,Kab. Bojonegoro,601701-PT. BPR Delta Bojonegoro,601701-PT. BPR Delta Bojonegoro,0,0,0,0,0,0,0,0,0,0,0,0,0,0,0,0,0,0,,
5/21/2025 20:43,2021,Maret,Provinsi Jawa Timur,Kab. Pacitan,600136-PT Bank Perekonomian Rakyat Puri Artha Pacitan,600136-PT Bank Perekonomian Rakyat Puri Artha Pacitan,34087113,30963939,27082041,26306531,22710128,19234692,3510454,3670246,566531,759001,1.31,43.86,2.34,99.97,17.53,25.57,84.09,55.5,"DARMADI, SARWO WIDODO","EDWIN BASKARA, HARYONO"
5/21/2025 20:44,2021,Maret,Provinsi Jawa Timur,Kab. Pacitan,601747-PT Bank Perekonomian Rakyat Artha Mandiri Sejahtera,601747-PT Bank Perekonomian Rakyat Artha Mandiri Sejahtera,15241093,14147808,9511854,9458523,7779873,7564766,744091,0,326066,191054,6.71,67.23,5.65,100,6.19,35.72,69.63,71.17,"H ZAENAL ABIDIN SE, Drs WIJI SANYOTO","TRI NURYANTO, HARYONO"
5/21/2025 20:44,2021,Maret,Provinsi Jawa Timur,Kab. Bojonegoro,601746-PT Bank Perekonomian Rakyat Tanah Kondang,601746-PT Bank Perekonomian Rakyat Tanah Kondang,19602916,18561706,15726867,14601594,9725118,10218831,7974030,6598827,416768,257048,2.56,75.45,3,99.99,8.23,38.68,85.46,69.44,TITIS SURJANIK,"SUHARTO HARTO, DRG, IRMA NOVITA DEWI, DRG. SUHARTO HARTO"
5/21/2025 20:44,2021,Maret,Provinsi Jawa Timur,Kab. Bojonegoro,601697-PT Bank Perekonomian Rakyat Rajekwesi,601697-PT Bank Perekonomian Rakyat Rajekwesi,6632571,6459009,1837507,2133398,5739797,5393986,"-709,750","-587,140","-116,809","-67,170",36.91,30,10.02,100,-2.51,55.75,43.93,118.9,"HETI ENDANG W, SE, AGUS PRIYONO, SE","STEPHANUS GATOT SUTANTO, DRS, RE. SOELISTYAWATI, HETI ENDANG W, SE"
5/21/2025 20:44,2021,Maret,Provinsi Jawa Timur,Kab. Bojonegoro,600052-PD. BPR Bank Daerah Bojonegoro,600052-PD. BPR Bank Daerah Bojonegoro,349218549,322616847,217660681,105480520,108742102,88516830,13437196,10686665,4151279,2591832,3.45,106.83,6,100,5.76,28.08,71.04,53.71,"SUTARMINI, MOCH. ARIEF, SE, PRASTO DWI WAHJONO",PEMERINTAH KABUPATEN BOJONEGORO
5/21/2025 20:44,2021,Maret,Provinsi Jawa Timur,Kab. Lamongan,600769-Perumda BPR Bank Daerah Lamongan,600769-Perumda BPR Bank Daerah Lamongan,429751386,392881924,324472207,346977956,382681138,350424637,9206917,5063301,764739,897732,7.39,17.34,7.9,100,2.19,20.57,81.97,86.91,"DEDY RACHMADI WIBOWO, SH, TEMMY WIJAYA, SE,MH","Drs.HERY PRANOTO, PEMKAB LAMONGAN, "
5/21/2025 20:44,2021,Maret,Provinsi Jawa Timur,Kab. Lamongan,600880-PT. BPR Damata Arthanugraha,600880-PT. BPR Damata Arthanugraha,5738142,5668214,3109789,3682107,5305325,5314839,"-660,727","-540,925",28748,"-170,496",2.5,73.25,50,100,6,6,7,2,"ARDIE KUSUMAWAN, KASDJUPRI","AYUK YUNITA IRAWATI, WIDYA"
5/21/2025 20:44,2021,Maret,Provinsi Jawa Timur,Kab. Lamongan,600790-PT Bank Perekonomian Rakyat Nusamba Brondong,600790-PT Bank Perekonomian Rakyat Nusamba Brondong,128192636,117445575,98661883,97220256,104071835,92862082,4346580,5166266,903778,1129140,7.21,38.07,7.66,100,4.33,20.02,82.46,81.74,"BAMBANG EDY YUWONO, SE, SONI HARI TRIWASONO, S.PD","DINGOT SINAGA, SE, MM, MUSLIM THOYIB, SE, PT. SENTRA MODAL HARMONI, PT. FAJAR MAS MURNI"
5/21/2025 20:44,2021,Maret,Provinsi Jawa Timur,Kab. Tuban,601736-Koperasi Jasa Bank Perekonomian Rakyat Semanding (Skd),601736-Koperasi Jasa Bank Perekonomian Rakyat Semanding (Skd),9283238,9378768,5009333,4654707,6000775,7106171,0,0,131747,110384,1.39,48.88,12.45,114.07,5.08,24.08,79.97,73.94,"Adrianto Budi Susetyo, SE, Dra. Eni Ermawati","Arif Handoyo, SH, M.H, Dr. Yudi Supiyanto, MM, M.Pd, KPRI Beringin Tuban"
5/21/2025 20:44,2021,Maret,Provinsi Jawa Timur,Kab. Situbondo,601774-PT. BPR Manuk Walet,601774-PT. BPR Manuk Walet,0,0,0,0,0,0,0,0,0,0,0,0,0,0,0,0,0,0,,
5/21/2025 20:44,2021,Maret,Provinsi Jawa Timur,Kab. Lamongan,601101-PT Bank Perekonomian Rakyat Rukun Karya Sari,601101-PT Bank Perekonomian Rakyat Rukun Karya Sari,10076958,8256694,6104985,6814787,6553248,5307565,2303381,1711319,20329,37810,25.94,52.35,13.68,119,6.12,34.39,111.4,75.46,,"DJOKO WAHYUDI,IR, PRATIKTO,SH, saifuddin zuhri"
5/21/2025 20:44,2021,Maret,Provinsi Jawa Timur,Kab. Situbondo,601713-PT. BPR Delta Artha Panggung Situbondo,601713-PT. BPR Delta Artha Panggung Situbondo,0,0,0,0,0,0,0,0,0,0,0,0,0,0,0,0,0,0,,
5/21/2025 20:44,2021,Maret,Provinsi Jawa Timur,Kab. Lamongan,601688-PT Bank Perekonomian Rakyat Ulintha Ganda,601688-PT Bank Perekonomian Rakyat Ulintha Ganda,20874733,22129289,8602292,17395627,13523209,13773571,316903,936468,"-9,709",420820,9.28,111.83,4.88,100,-0.67,19.56,44.54,104.4,DWIYANTO JOKO SAPUTRO,"ANTONIUS SIAGIN,SE, AANG KUSUMA NUGRAHA,SE, LUSERIA SIAGIAN"
5/21/2025 20:45,2021,Maret,Provinsi Jawa Timur,Kota Batu,600920-PT BPR Pancadana,600920-PT BPR Pancadana,0,0,0,0,0,0,0,0,0,0,0,0,0,0,0,0,0,0,,
5/21/2025 20:45,2021,Maret,Provinsi Jawa Timur,Kab. Lamongan,601725-PT Bank Perekonomian Rakyat Mitra Dhanaceswara,601725-PT Bank Perekonomian Rakyat Mitra Dhanaceswara,16845349,16312145,10070041,12332764,8199621,8226092,4937428,4040083,34844,372514,5.49,107.28,5.71,100,4.76,67.5,66.22,78.6,"M. Ali Fauzi, Drs, Sampurno","Drs.Ec.Ismed Jauhar, Drs.Taufik Yudiantoro,Ak, Drs.Ec.Ismed Jauhar, Hj. Isti'adah, Drs.Ec.Syam Rudyanto, Ir. Farida Wahyu Indarti"
5/21/2025 20:45,2021,Maret,Provinsi Jawa Timur,Kota Batu,601751-PT. BPR Wahana Dhana Batu,601751-PT. BPR Wahana Dhana Batu,0,0,0,0,0,0,0,0,0,0,17.45,112,10.49,100,3.32,15.39,40.32,79.34,"HENDRICUS NUR BUDI WIHARDJO, DRA YULIA KISMAWATI","ADITYA ONGKI WIDYANARKO, CHAYONO, JONG YONO SUYITNO"
5/21/2025 20:45,2021,Maret,Provinsi Jawa Timur,Kota Batu,601711-PT. BPR Delta Malang,601711-PT. BPR Delta Malang,0,0,0,0,0,0,0,0,0,0,29.5,155.7,11.64,100,7.86,19.91,48.25,48.81,"RITA APRILIA SISWATI, SH, AGUS TRIANTO, SE","ADITYA ONGKY WIDYANARKO, SE, CHAYONO, JONG YONO SUYITNO"
5/21/2025 20:45,2021,Maret,Provinsi Jawa Timur,Kota Batu,600884-PT Bank Perekonomian Rakyat Amanat Kesejahteraan Indonesia,600884-PT Bank Perekonomian Rakyat Amanat Kesejahteraan Indonesia,71013350,54542807,36298969,40082730,64526244,49166462,3260661,2180690,226445,195655,4.21,15.95,1.85,100,2.09,31.46,53.26,88.17,"Indah Kristina, Angga Cakra Laksana","Philip Irwan, Soetanto Eddy Widodo, Rudi Hartawan Sugiarto"
5/21/2025 20:45,2021,Maret,Provinsi Jawa Timur,Kab. Situbondo,602008-PT Bank Perekonomian Rakyat Artha Waringin Jaya,602008-PT Bank Perekonomian Rakyat Artha Waringin Jaya,153082174,118619559,131286937,106135689,128057931,95031419,5160,16218504,583083,669636,14.72,27.93,12.74,100,1.54,9.36,100.6,85.7,"NURUL AINI, S.SOS, DWI KURNIAWAN ADI PUTRO, SP","ANTONIO RICARDO, RENY YUSNITA ARIYANTO, ANTONIO RICARDO"
5/21/2025 20:45,2021,Maret,Provinsi Jawa Timur,Kota Batu,601748-PT. BPR Tripakarti Dhanatama,601748-PT. BPR Tripakarti Dhanatama,0,0,0,0,0,0,0,0,0,0,31.1,150.39,88.78,201.98,1.84,5,32.24,93.86,"HOKKY GUNAWAN, ANNA HARI TRI ASTUTI","SUDJIANTO IKWAN, SHIRLLY ERAWATI SISWO, YOHANES HALIM, AIWA SANJAYA"
5/21/2025 20:45,2021,Maret,Provinsi Jawa Timur,Kota Batu,600922-PT. BPR Dwicahaya Nusaperkasa,600922-PT. BPR Dwicahaya Nusaperkasa,11779273,9736693,8751711,6318041,8476593,8377778,"-3,718,616","-3,882,737","-28,704","-8,348",15.38,53.79,11.29,100,1.44,34.95,80.75,95.7,ALIYAH  MAHARENI,"TJUTJUK SUNARIO, GALIH KUSUMAWATI, S.H ., TJUTJUK SUNARIO, GALIH KUSUMAWATI"
5/21/2025 20:46,2021,Maret,Provinsi Jawa Timur,Kota Batu,601786-PT. BPR Batuartorejo,601786-PT. BPR Batuartorejo,19802445,20036217,13232368,13787801,11431751,10861973,6536558,7375050,94136,59194,18.62,73.92,18.09,100,1.02,20.71,78.16,91.42,"ICHWANUL RIDWAN SE., AK","DRS. AGUS APRIYONO, IWAN HANDOYO, EFFENDY MINTO, DRS. JIMMY ANDRIANUS, MM. CPA."
5/21/2025 20:46,2021,Maret,Provinsi Jawa Timur,Kota Surabaya,600116-PT Bank Perekonomian Rakyat Danamitra Surya,600116-PT Bank Perekonomian Rakyat Danamitra Surya,8368084,9076953,3707879,4564678,1451993,1378357,"-1,460,992","-911,119","-297,917","-65,285",42.28,99.95,14.64,100,-3.19,45.84,41.04,158.8,DR RATNA WIDYANTI W SE MM,R L BIMO HERU WAHYONO SE
5/21/2025 20:46,2021,Maret,Provinsi Jawa Timur,Kota Surabaya,600145-PT Bank Perekonomian Rakyat Kirana Indonesia,600145-PT Bank Perekonomian Rakyat Kirana Indonesia,4346779,4664094,764153,1142872,1350728,1585322,1811149,1954903,"-18,516","-79,549",20.31,3.03,11.52,100,-1.88,19.47,18.55,119.65,"LULITA VIVIA DEWI, ANTONIUS SUKOCO","ELSYE SUSANA, AGUNG BAYU WICAKSONO, ELSYE SUSANA, FENDY, PETER LUMANPAUW, ARTHUR LUMANPAUW"
5/21/2025 20:46,2021,Maret,Provinsi Jawa Timur,Kota Surabaya,600763-PT Bank Perekonomian Rakyat Danamas,600763-PT Bank Perekonomian Rakyat Danamas,18553317,10250634,14860546,6289393,15522304,9085279,"-1,468,418","-1,158,390","-12,221","-47,907",4.24,26.01,3.59,100,-0.63,14.59,84.12,102.7,"LISNUR, IMAM MULASRI, RIO HARTOWAN ADISASMITA","DAVID VIDRIADI HERTANTO, DJAJA WIDJAJA, MAJA PRANATA. SE"
5/21/2025 20:46,2021,Maret,Provinsi Jawa Timur,Kota Surabaya,600001-PT BPR Jawa Timur (Perseroda),600001-PT BPR Jawa Timur (Perseroda),2822231544,2601774122,1979717029,1957407908,2318788411,2098028294,16618903,17220880,4690175,7824267,4.64,44.57,5.38,100.02,0.68,17.47,75.52,84.94,"DRS.YUDHI WAHYU MAHARANI,AK,MM, BAMBANG RUSHADI, SE, MM","DR. SUPRIANTO, SH, MH, KARSALI, SH"
5/21/2025 20:46,2021,Maret,Provinsi Jawa Timur,Kota Surabaya,600788-PT Bank Perekonomian Rakyat Bintang Mitra Indonesia,600788-PT Bank Perekonomian Rakyat Bintang Mitra Indonesia,10284854,9115653,6955740,6995252,3161429,2518724,4155549,2903567,207876,933362,36.26,153.7,23.53,100,5.45,75.82,71.99,72.04,AAN ARDIYANTO,"LARASATI NINGSIH ASMANINGSYAH, FAREL GONARTO, SYLVIANA GONARTO"
5/21/2025 20:46,2021,Maret,Provinsi Jawa Timur,Kota Surabaya,600934-PT Bank Perekonomian Rakyat Bina Kharisma Insani,600934-PT Bank Perekonomian Rakyat Bina Kharisma Insani,4715097,5498947,2587874,2999717,1349799,2319470,2044413,1865486,70885,63991,3.07,145.7,2.8,100,3.69,50.92,58.26,77.92,HARWATI,"HANDJOJO LIMONO, HERNINGSIH, Ir HANDJOJO LIMONO"
5/21/2025 20:46,2021,Maret,Provinsi Jawa Timur,Kota Surabaya,600773-PT Bank Perekonomian Rakyat Kosanda,600773-PT Bank Perekonomian Rakyat Kosanda,44111119,59573583,35975632,55282070,34889878,49139325,2914874,4180153,306367,254105,1.27,29.36,0.82,100,2.95,11.23,88.51,79.48,"SIE IRWAN BUDIYANTO, PRIHARTONO","AYUNA ELIZABETH FREDERIKA, WIRJANTO WANGSAWINATA"
5/21/2025 20:46,2021,Maret,Provinsi Jawa Timur,Kota Surabaya,602762-PT BPR Prima Master Bank,602762-PT BPR Prima Master Bank,0,0,0,0,0,0,0,0,0,0,0,0,0,0,0,0,0,0,,
5/21/2025 20:47,2021,Maret,Provinsi Jawa Timur,Kota Surabaya,600764-PT Bank Perekonomian Rakyat Guna Yatra,600764-PT Bank Perekonomian Rakyat Guna Yatra,15071853,11228358,10043392,7597294,10790650,7142817,"-5,482,614","-5,880,491",75090,77305,0.01,63.14,0.01,109.92,2.99,30.42,68.55,77.15,"JOESAAK LOEKSONO IR, MOCHAMMAD ZULKIFLI GHANI SE","LIYANTO TJOKROSUWARNO, TJIA BEN HAP, JIMMY KARDONO LAUW"
5/21/2025 20:47,2021,Maret,Provinsi Jawa Timur,Kota Surabaya,601737-PERMATA ARTHA SURYA,601737-PERMATA ARTHA SURYA,3123784,3498463,276083,1682484,1331476,290824,"-18,374,807","-17,069,623","-438,308","-328,161",0,114.82,26.45,0,-5.23,63.86,14.22,534.37,,"HENRY JOCOSITY GUNAWAN, HARIJANTO GUNAWAN, Henry J. Gunawan, dr. Harijanto"
5/21/2025 20:47,2021,Maret,Provinsi Jawa Timur,Kota Surabaya,601732-PT Bank Perekonomian Rakyat Karyaperdana Sejahtera,601732-PT Bank Perekonomian Rakyat Karyaperdana Sejahtera,94544170,94961015,67685018,72403884,79563531,80157072,8295152,7329446,"-514,513",274497,9.45,25.55,8.67,100,0.27,9.46,76.25,97.32,"ARIEF SANTOSO, LESTARI DAMAWANTI PURWOKO, HERWIN AGUS SETIANTO","I GDE NYOMAN TANAYA MADA, HENDRO, IGN HERRY WIBOWO"
5/21/2025 20:47,2021,Maret,Provinsi Jawa Timur,Kota Malang,600893-PT. BPR Eka Dana Utama,600893-PT. BPR Eka Dana Utama,0,0,0,0,0,0,0,0,0,0,0,0,0,0,0,0,0,0,,
5/21/2025 20:47,2021,Maret,Provinsi Jawa Timur,Kota Surabaya,600839-PT Bank Perekonomian Rakyat Central Niaga,600839-PT Bank Perekonomian Rakyat Central Niaga,23899845,23682823,15282231,14783722,15491954,15379292,6027576,5741366,"-19,685",162165,22.41,61.68,13.81,100,1.13,12.7,65.56,92.14,"MOCH. HASANUDDIN, SE., INDAHWATI","HENY WIJAYA, R. JUSUF CHANDRA, CITRO HARTAKO, KO WENNY KUSUMA"
5/21/2025 20:47,2021,Maret,Provinsi Jawa Timur,Kota Surabaya,602472-PT Bank Perekonomian Rakyat Surya Artha Utama Perseroda,602472-PT Bank Perekonomian Rakyat Surya Artha Utama Perseroda,110564458,103603975,87083760,81028974,92109454,86098106,2736674,2307163,706510,879035,1.74,46.34,2.29,100,3.43,15.18,90.19,80.87,"RENNY WULANDARI SE MM, RIRIN DWI SETYONINGSIH SE MM","DODDI MADYA JUDANTO SE, SOEMARNO DRS EC"
5/21/2025 20:47,2021,Maret,Provinsi Jawa Timur,Kota Surabaya,601087-PT Bank Perekonomian Rakyat Surya Arthaguna Abadi,601087-PT Bank Perekonomian Rakyat Surya Arthaguna Abadi,32882007,13513863,2743177,1124191,13966905,10372971,"-1,134,606",299609,"-450,292","-108,717",0,127.55,0.02,100,-11.11,1132.9,14.42,496.31,,
5/21/2025 20:47,2021,Maret,Provinsi Jawa Timur,Kota Mojokerto,600771-PT BPR Majatama Perseroda,600771-PT BPR Majatama Perseroda,106309023,87019083,79446597,68881956,83080744,65676725,0,2073474,341733,532894,3.87,50.89,3.77,100,3.58,19.52,81.22,78.57,"TRI HARDIANTO, SE, MH, OKVIANDI PRASETYO ADI, SH","IR HERRY SUWITO, MM, DR DIDIK CHUSNUL YAKIN, S.SOS, MSI, PEMDA KABUPATEN MOJOKERTO"
5/21/2025 20:47,2021,Maret,Provinsi Jawa Timur,Kota Surabaya,601687-PT Bank Perekonomian Rakyat Sili Corp Bank,601687-PT Bank Perekonomian Rakyat Sili Corp Bank,39566979,42723925,31871922,32586381,10183302,15144807,3265217,1372170,418460,506948,0,177.65,0,100.01,4.43,10.13,81.81,62.35,"RAHMANTO SOESILA, SRI AGUSTINA PANCAWATI","TJAHJONO, DIDIEK WARDJIJANTO, '', '', '', '', '', '', '', '', ''"
5/21/2025 20:47,2021,Maret,Provinsi Jawa Timur,Kota Mojokerto,600777-PT Bank Perekonomian Rakyat Kurnia Dadi Arta,600777-PT Bank Perekonomian Rakyat Kurnia Dadi Arta,18480162,22958908,5334727,6482012,12294310,16036965,5099178,5599178,"-113,326",122765,13.25,108.63,5.42,100,-0.65,10.67,30.84,106.5,"KANTIWATI ROESLI D.S., GATOT YUNARKO","PETER LUMANPAUW, AGUNG BAYU WICAKSONO, ELSYE SUSANA, FENDY, PETER LUMANPAUW, ARTHUR LUMANPAUW"
5/21/2025 20:47,2021,Maret,Provinsi Jawa Timur,Kota Malang,600867-PT Bank Perekonomian Rakyat Putera Dana,600867-PT Bank Perekonomian Rakyat Putera Dana,26734874,21237383,22117979,17615378,22423398,17551450,"-864,925","-1,547,784",205401,262717,1.34,42.95,1.32,100,2.68,23.6,86.92,86.77,"ABDUL KADIR TRI WIBOWO,SE, WIWIT NURCAHYO",A
5/21/2025 20:47,2021,Maret,Provinsi Jawa Timur,Kota Malang,600882-PT Bank Perekonomian Rakyat Armindo Kencana,600882-PT Bank Perekonomian Rakyat Armindo Kencana,75613173,74325654,46786239,56678871,48466655,50036818,19526326,15961834,420192,1127002,7.6,66.23,7.34,100.31,4.67,37.97,73.97,74.96,"GATOT SOESENO, JURI SUGIANTO","ELIZABETH, BAMBANG RAHARDJO"
5/21/2025 20:48,2021,Maret,Provinsi Jawa Timur,Kota Malang,600910-PT Bank Perekonomian Rakyat Tugu Artha Sejahtera Kota Malang Perseroda,600910-PT Bank Perekonomian Rakyat Tugu Artha Sejahtera Kota Malang Perseroda,26868496,22752222,18480251,13143608,11468988,10526763,602988,"-441,055","-159,114",235880,6.83,111.78,9.34,100,2.64,32.25,78.58,81.62,NYIMAS NUNIN ANISAH BAIDURY,MARLIS
5/21/2025 20:48,2021,Maret,Provinsi Jawa Timur,Kota Malang,600900-PT Bank Perekonomian Rakyat Gunung Arjuna,600900-PT Bank Perekonomian Rakyat Gunung Arjuna,21665708,25298029,6883907,8444036,5953940,9473063,3101251,3041022,268871,442298,25.05,89.24,11.85,100,3.56,25.56,58.43,71.11,ANA NOVITA,AMIR ISKANDAR MARRETTUA SIMBOLON
5/21/2025 20:48,2021,Maret,Provinsi Jawa Timur,Kota Malang,600912-PT Bank Perkreditan Rakyat Sumber Arto,600912-PT Bank Perkreditan Rakyat Sumber Arto,13012814,14456764,2021076,3193571,1786577,3880146,1539862,1302375,25656,93524,0.77,65.86,2.41,105.1,1.65,44.77,38.99,76.98,"KOENTARSO EKO PAMBUDI, SH, WAHYU DINARVITA","BUDI HARTONO, SIGIT TIRTA SUTEJA, SIGIT HARTONO, NANY HANDAYANI, TEDDY TIRTA SUTEJA, SIGIT TIRTA SUTEJA, HERMAN TJAJADI, NJOO RIVERA NURTJANDRA"
5/21/2025 20:48,2021,Maret,Provinsi Jawa Timur,Kota Malang,600914-PT Bank Perekonomian Rakyat Trikarya Waranugraha,600914-PT Bank Perekonomian Rakyat Trikarya Waranugraha,67725324,68415759,43960384,55201335,29494888,32853563,17878569,14957806,1151867,1404390,9.35,136.15,5.67,111.1,8.11,52.8,71.16,60.68,"YANI ATI, CAHYO PURNOMO","DWI TJAHJONO, IVAN WAHYUDI, MA YAN"
5/21/2025 20:48,2021,Maret,Provinsi Jawa Timur,Kota Malang,600904-PT Bank Perekonomian Rakyat Gunung Ringgit,600904-PT Bank Perekonomian Rakyat Gunung Ringgit,19091306,22451037,10678946,14383333,16636067,20498375,"-601,534","-5,349,073","-38,227",32783,11.85,25.37,14.29,100,3.12,34.93,66.82,112.73,"WIWIT ARDIANSYAH, SITI NOERAENI","AFIF OGAN HERMANTO, AGUS HADIRIYANTO, AFIF OGAN HERMANTO"
5/21/2025 20:48,2021,Maret,Provinsi Jawa Timur,Kota Malang,601677-PT Bank Perekonomian Rakyat Putra Arta Dewata,601677-PT Bank Perekonomian Rakyat Putra Arta Dewata,15670318,21447780,12231993,18132454,8663821,16109900,2601403,736886,405094,600994,0,0,0,0,0,0,0,0,"MIRA ANDY SETYOWATI, SE","I PUTU ADEKS PUTRA IGMAS, SH, M.KN, DRA. SRI MINARTI, M.SI, I PUTU ADEKS PUTRA IGMAS, I KADEK ADIT PUTRA IGMAS"
5/21/2025 20:48,2021,Maret,Provinsi Jawa Timur,Kota Pasuruan,600866-PT Bank Perekonomian Rakyat BPR Kota Pasuruan Perseroda,600866-PT Bank Perekonomian Rakyat BPR Kota Pasuruan Perseroda,39946225,37375178,28662686,27543631,29199812,27214689,1399470,782433,471967,650714,3.56,44,5.43,100,5.71,24.85,82.45,74.36,"ISWINARTI MARGIANA, ARIEF WIDODO","SUGIARTI, SUGENG PRADIKTO, PEMERINTAH KOTA PASURUAN"
5/21/2025 20:48,2021,Maret,Provinsi Jawa Timur,Kota Madiun,600006-PT. BPR Mejayan Permai,600006-PT. BPR Mejayan Permai,0,0,0,0,0,0,0,0,0,0,0,0,0,0,0,0,0,0,,
5/21/2025 20:48,2021,Maret,Provinsi Jawa Timur,Kota Probolinggo,600927-PT Bank Perekonomian Rakyat Sentral Arta Jaya,600927-PT Bank Perekonomian Rakyat Sentral Arta Jaya,152775329,143170716,91506568,87229874,132436833,123311458,9264243,9072997,374253,586261,2.82,23.9,2.4,70.99,1.98,32.14,63.01,89.8,"CHRISTIAN, WIWIK SRI SUDARTIE, SETYOHADI PURWANTO","ARNOLDUS SORO, BERNARD RONNY ISWADI, RUDY MAX YANUAR, disi"
5/21/2025 20:48,2021,Maret,Provinsi Jawa Timur,Kota Blitar,600113-PT Bank Perekonomian Rakyat Pulau Intan Sejahtera,600113-PT Bank Perekonomian Rakyat Pulau Intan Sejahtera,12859733,12750054,7708935,9251938,7040980,7696755,828952,766751,112103,187701,5.03,81.28,3.57,100,6.25,53.5,63.78,75.22,ENY PRASETYANINGSIH,"GUNAWAN, SUGENG HARTO SUTRIMO, GUNAWAN, , , , , , , , , "
5/21/2025 20:48,2021,Maret,Provinsi Jawa Timur,Kota Kediri,600776-Perumda BPR Bank Kota Kediri,600776-Perumda BPR Bank Kota Kediri,53345258,55413225,26568739,21381777,46495084,48917214,"-4,233,589","-1,627,115","-227,669","-3,188,306",35.2,250.9,27.37,100,-0.43,49.01,62.94,139.85,"POPY SETYANINGRUM, THOMAS SETIO PRIHATMO","ISWANTO, SE, I WAYAN WISNU UTAMA, SE.,MM"
5/21/2025 20:48,2021,Maret,Provinsi Jawa Timur,Kota Kediri,601740-PT Bank Perekonomian Rakyat Insumo Sumberarto,601740-PT Bank Perekonomian Rakyat Insumo Sumberarto,30464197,30411438,23765556,23483324,25249118,25798752,2178623,1646726,196456,125960,6.29,30.89,8.69,100,2.25,17.55,83.47,89.89,"Hj Lilik Setyarsih SH, Drs H Moch Rois Z,M.M","Indra Wibisono Wahjudi, Ahmad Taslim, Indra Wibisono Wahjudi, Hendra Halimin, Deddy Priyanto, Oendang Wahjuti, EKO BUDIONO"
5/21/2025 20:49,2021,Maret,Provinsi Jawa Timur,Kota Probolinggo,600921-PT. BPR Semeru Swasti,600921-PT. BPR Semeru Swasti,58527151,58966062,16272601,20933011,50078911,50460939,"-2,951,727","-2,555,114",299967,"-39,763",21.21,34.93,7.72,100,-0.62,10.73,30.37,109.7,NORMA SHOFIAH,"ANI PUJIRASETI, DRS AHMAD LUTFI, STEPHANIE LIMBA NANIK, AGUS HARYANTO, MICHAEL SAKTI PRATAMA"
5/21/2025 20:49,2021,Maret,Provinsi Jawa Timur,Kota Madiun,600128-PT Bank Perekonomian Rakyat Mandiri Dhanasejahtera,600128-PT Bank Perekonomian Rakyat Mandiri Dhanasejahtera,21406068,20100566,14529714,12461943,17772410,18342636,"-18,958,763","-19,764,237",150421,280167,22.69,14,10.54,100,2.4,11.5,76.12,84.58,"HERU KURNIAWAN, SAP","HARIJANTO,SE,MM, Drs.H.SOEHARTONO M.Si"
5/21/2025 20:49,2021,Maret,Provinsi Jawa Timur,Kota Madiun,600950-Perumda BPR Bank Daerah Kota Madiun,600950-Perumda BPR Bank Daerah Kota Madiun,103139655,98440791,70305037,68609992,65197216,60197980,0,1484,505065,1528435,4.24,78.41,5.48,100,0.52,22.95,73.64,81.89,"Sugeng Mukti Wibowo, ST, Ahmadu Malik Dana Logistia,S.Kom,MM","Drs. Nur Riyadi, MM, Rusdiyanto.SH.M.Hum"
5/21/2025 20:49,2021,Maret,Provinsi Jawa Timur,Kota Kediri,601745-PT Bank Perekonomian Rakyat Mahkota Mitra Usaha,601745-PT Bank Perekonomian Rakyat Mahkota Mitra Usaha,23812905,24622023,16456846,19077414,16785707,17920521,4486873,3941215,140220,360182,12.47,56.26,11.38,100,1.53,21.59,80.12,98.93,"SUDJITO W.S, H IMAM SUBAGIO","MEILINA IRAWATI, HENDY SIYANTO"
5/21/2025 20:49,2021,Maret,Provinsi Jawa Timur,Kota Madiun,600951-PT Bank Perekonomian Rakyat Tunas Artha Baru,600951-PT Bank Perekonomian Rakyat Tunas Artha Baru,11115294,10746194,8424814,7859667,4335874,6546203,612017,554314,160155,158429,4.81,69.04,3.59,100,6.1,40.66,93.39,76.45,"Aneke Woelansari, Arif Wachidi Aly","Hendra Tanuhardjo, Agung Priyono"
5/21/2025 20:49,2021,Maret,Provinsi Bengkulu,Kab. Mukomuko,602715-PT Bank Perekonomian Rakyat Mukomuko Makmur,602715-PT Bank Perekonomian Rakyat Mukomuko Makmur,15867386,22458112,11476295,12502891,9672417,15777403,166610,742965,28359,"-62,256",6.62,60.61,7.4,100,-0.17,33.85,77.45,101.61,"NURBESTI, SE CRBD, PINTOR S. SIMATUPANG","DRS. RACHMAD SAYOGYO, TJOKRO PUTRO WIBOWO SE"
5/21/2025 20:49,2021,Maret,Provinsi Jawa Timur,Kota Madiun,600952-KBPR Wijaya Kusuma,600952-KBPR Wijaya Kusuma,10222969,7849681,6223433,2693138,6758007,4304678,590837,480000,"-230,781","-39,903",8.95,58.63,3.33,100,-1.5,127.49,89.15,110.4,"Lanny Ratnawati, Felia Novianti","RM Kun Anshori SH, Purwatiningsih"
5/21/2025 20:49,2021,Maret,Provinsi Jambi,Kab. Bungo,602634-PT BPR Bungo Mandiri,602634-PT BPR Bungo Mandiri,0,0,0,0,0,0,0,0,0,0,0,0,0,0,0,0,0,0,,
5/21/2025 20:49,2021,Maret,Provinsi Bengkulu,Kab. Bengkulu Selatan,602744-PERUMDA BPR Mukomuko,602744-PERUMDA BPR Mukomuko,11490508,10558270,9680647,9032640,4180311,3382992,"-511,328","-645,295",21525,20573,12.69,110.28,10.02,100,0.2,37.48,88.92,94.8,NURWAN TINUR,"BACHTARUDDIN, SYAMSUL BAHRI, Pemda Mukomuko"
5/21/2025 20:49,2021,Maret,Provinsi Bengkulu,Kab. Rejang Lebong,601937-PT Bank Perekonomian Rakyat Maroba Ite,601937-PT Bank Perekonomian Rakyat Maroba Ite,30991443,31079223,19465494,20582328,23031154,23989995,1000868,0,232881,355778,3.58,44.58,2.66,99.82,0.95,22.25,65.17,80.95,"KASMAN,SE, NURLENA ZALEHA,SE","HJ.ASMARA DEWI, HM.AGUS PRIHANTONO,SIS"
5/21/2025 20:50,2021,Maret,Provinsi Bengkulu,Kab. Bengkulu Utara,601948-PT Bank Perekonomian Rakyat Dian Binarta,601948-PT Bank Perekonomian Rakyat Dian Binarta,17209617,14345084,14282592,11675195,10743829,7562644,91142,221383,"-111,311",32170,6.35,59.8,6,100,0.14,12.89,87.89,103.79,"HENGKY EFFENDI, LASNANTO FEBYANTORO","ROBIN BUTAR BUTAR, MUSA IMMANUEL PALTI MANURUNG, MUSA IMMANUEL PALTI MANURUNG"
5/21/2025 20:50,2021,Maret,Provinsi Jambi,Kab. Muaro Jambi,600104-PT BANK PEREKONOMIAN RAKYAT PONDOK MEJA INDAH,600104-PT BANK PEREKONOMIAN RAKYAT PONDOK MEJA INDAH,71805846,66793858,58559280,51792962,61341780,57709326,1428677,33726,400613,416030,5.83,23.29,9.38,100,0.7,18.1,90.82,87.53,"MASDAR SE, RTS HERAWATI RAHMAH PUTRI SPT","NICO KURNIAPUTRA SE, EDY KUSNADI SE, DRA HJ SITI ROCHAYATUN, HJ SRI MULYANI, DIZA HAZRA ALJOSHA HAZRIN, NORA HAZRA OLIVIA HAZRIN, NANCY ERNIDA WURYANINDYAH, DRS ERMANTO NURDIN, HJ MURSIDAH"
5/21/2025 20:50,2021,Maret,Provinsi Bengkulu,Kab. Kepahiang,601939-PT Bank Perekonomian Rakyat Mindosari,601939-PT Bank Perekonomian Rakyat Mindosari,29063680,29932079,20711609,23370522,18102499,18292703,2997800,3334900,937504,1445344,4.35,59.33,6.34,100,8.59,25.83,79.72,67.38,"MARDI SAGALA, SE","JOKO SUSILO, LUCERIA SIAGIAN"
5/21/2025 20:50,2021,Maret,Provinsi Jambi,Kab. Tanjung Jabung Barat,600817-PT Bank Perekonomian Rakyat Tanggo Rajo Perseroda,600817-PT Bank Perekonomian Rakyat Tanggo Rajo Perseroda,57003912,53058737,50784653,46986663,21109632,17720608,1966013,2122191,371309,295636,1.05,72.42,1.66,100,1.65,17.11,92.82,75.31,"MUHAMMAD ASRIL, SE, SINTHA DEWI AGUSTINA, SE","DR.MUHAMMAD SAFRI,SE,MSI, IWAN EKA PUTRA, SE,MM"
5/21/2025 20:50,2021,Maret,Provinsi Jambi,Kota Jambi,601119-PT Bank Perekonomian Rakyat Batanghari,601119-PT Bank Perekonomian Rakyat Batanghari,55841325,59214146,42851379,44904871,44676781,46585713,1081075,2543790,495969,697143,19.79,36.5,17.17,100,1.93,15.8,82.27,90.82,"P.HASURUNGAN.A.MANIK, WAHYUNI","D.RACHMAD GULTOM, BAMBANG KUSHANTO, TIMBANG MDJ SINIPAR, SE"
5/21/2025 20:50,2021,Maret,Provinsi Jambi,Kota Jambi,600056-PT. BPR Universal Sentosa,600056-PT. BPR Universal Sentosa,62697749,49897400,36976962,30113806,54098615,42508623,1206098,"-123,883",93036,212660,9.38,31.1,6.16,100,0.19,20.53,68.88,95.29,"DAPOT LIMBONG, GAJALOKA","VICTOR TOTO SUDYTIO, EDDY HO, ANDREW SANTOSA ATTAN"
5/21/2025 20:50,2021,Maret,Provinsi Jambi,Kab. Muaro Jambi,602017-PT. Bank Perekonomian Rakyat Rap Ganda,602017-PT. Bank Perekonomian Rakyat Rap Ganda,24151658,23592882,14249654,18341660,12572462,12247130,2412547,2484105,944040,639038,2.75,47.93,9.46,89.53,4.36,75.11,78.53,49.04,"SYAMSUL RAZAK, AMD, MANGIDO BUTARBUTAR, SH","DRS WILSON MUCHTAR SITORUS, MASTINI SITORUS, LUCERIA SIAGIAN, HAKIM AGUNG SITORUS, IKA ROHANI TIUR LARA SITORUS, SABAR GANDA LEONARDO SITORUS, SIHAR P H SITORUS, ADUMAHATI R M SITORUS"
5/21/2025 20:50,2021,Maret,Provinsi Jambi,Kota Jambi,602465-PT BANK PEREKONOMIAN RAKYAT ARTHA PRIMA PERSADA,602465-PT BANK PEREKONOMIAN RAKYAT ARTHA PRIMA PERSADA,94832065,91403530,67663938,65880409,84600087,82091931,4118853,3024313,"-57,950",116211,12.02,27.18,10.87,100,1.32,16.31,75.07,91.44,"ARI WIDHI SUNGKONO, EDY SUJIANTO","RIZAL, CARLES ANSRI"
5/21/2025 20:51,2021,Maret,Provinsi Jambi,Kota Jambi,602689-PT. Bank Perekonomian Rakyat Prima Jambi Mandiri,602689-PT. Bank Perekonomian Rakyat Prima Jambi Mandiri,104403921,105550597,54574678,59228873,83988005,85393614,14299542,13257641,"-83,626",699342,8.86,58.16,9.03,100,-0.08,28.03,58.23,102.22,"HARYANTO HIMAWAN, YOSEF GUNAWAN","RICHARD KOE, SEHONO"
5/21/2025 20:51,2021,Maret,Provinsi Jambi,Kota Jambi,602636-PT Bank Perekonomian Rakyat Central Dana Mandiri,602636-PT Bank Perekonomian Rakyat Central Dana Mandiri,87788658,76658354,68263484,60171023,70530046,63366366,8731453,5028327,1327159,1063661,5.18,38.93,5.65,100,1.82,15.11,81.9,57.18,"EDI JOHN, PRISKY ANGELIAWAN","SUGIARSO MASA, ROSSY SUTEDJO"
5/21/2025 20:51,2021,Maret,Provinsi Jambi,Kota Jambi,602664-PT Bank Perekonomian Rakyat Central Niaga Abadi,602664-PT Bank Perekonomian Rakyat Central Niaga Abadi,35070585,34089838,24213423,26074519,27602524,26653406,3740798,3633771,127263,202661,11.62,31.03,11.6,100,0.27,24.61,74.47,88.96,"SUHARTONO, MUDITA LEGIMAN","JOHN LIE, KURNIAWAN, EDDY TAN"
5/21/2025 20:51,2021,Maret,Provinsi Jambi,Kota Jambi,602683-PT Bank Perekonomian Rakyat Ronatama Mandiri Jambi,602683-PT Bank Perekonomian Rakyat Ronatama Mandiri Jambi,31001576,21314502,17483056,14734109,23325841,14055356,0,0,475735,309146,6.22,56.54,4.57,99.95,8.59,21.3,70.67,63.86,"SAHAT MARTUA SINAGA, JIMMY SYAHRIM MALAY","DORA FRISCA ELLIA SILALAHI, JONNER SOALOON SITORUS, Ir. SAIBUN SINAGA"
5/21/2025 20:51,2021,Maret,Provinsi Jambi,Kota Jambi,602701-PT Bank Perekonomian Rakyat Pundi Dana Mandiri,602701-PT Bank Perekonomian Rakyat Pundi Dana Mandiri,18772893,18723630,11647320,11679589,12450741,12465175,"-1,922,081","-2,016,976","-55,767","-24,569",7.28,64.1,5.72,100,0.39,23.4,64.26,98.26,"Hasano, Iskandar","Karunia, Supreh, Karunia, Hasano, Iskandar"
5/21/2025 20:51,2021,Maret,Provinsi Jambi,Kota Jambi,602635-PT Bank Perekonomian Rakyat Kencana Mandiri,602635-PT Bank Perekonomian Rakyat Kencana Mandiri,61719271,63322657,41130553,41058955,54308994,56352398,"-6,930,082","-7,085,775",340359,56034,18.73,28.17,14.89,100,0.75,8.06,71.34,95.71,,
5/21/2025 20:51,2021,Maret,Provinsi Jambi,Kota Jambi,602711-PT Bank Perekonomian Rakyat Citra Darma Wangsa,602711-PT Bank Perekonomian Rakyat Citra Darma Wangsa,30245974,32247494,22071665,23060541,23278631,25532885,"-904,216",212001,"-128,441","-347,392",14.09,55.2,12.12,101.01,-0.39,21.34,75.63,111.41,"Hendri David Gultom, Ceybulon Rainhard Septianus","Darman Wijaya, Wiwik, Darman Wijaya, Hendri David Gultom"
5/21/2025 20:51,2021,Maret,Provinsi Jambi,Kota Jambi,602716-PT Bank Perekonomian Rakyat Perdana Cipta Sejahtera,602716-PT Bank Perekonomian Rakyat Perdana Cipta Sejahtera,104368969,100456899,76808803,79763613,89645636,88824871,6634442,4075231,888891,356797,5.95,31.53,5.53,100,1,12.65,77.03,71.84,"HENDY SETIAWAN, MUHAMMAD TAUFIK","DJUNAID, JULIE LO, DJUNAID"
5/21/2025 20:51,2021,Maret,Provinsi Jambi,Kota Jambi,602714-PT. BPR Buana Mandiri,602714-PT. BPR Buana Mandiri,30950773,34836549,20481089,21451592,24203448,28412767,557823,469405,189502,"-45,623",18.55,42.67,15.53,82.88,-0.29,10.47,70.1,102.89,ABDUL RAHIM T,"Angelo Fernandus, Jasan, Novi Kasari, Susanto Leodjaya, H Syamsu Djalal"
5/21/2025 20:51,2021,Maret,Provinsi Sumatera Utara,Kab. Deli Serdang,600159-PT. BPR Nusa Galang Makmur,600159-PT. BPR Nusa Galang Makmur,0,0,0,0,0,0,0,0,0,0,0,0,0,0,0,0,0,0,,
5/21/2025 20:51,2021,Maret,Provinsi NAD,Kab. Aceh Besar,601938-PT Bank Perekonomian Rakyat Ingin Jaya,601938-PT Bank Perekonomian Rakyat Ingin Jaya,40387217,39718363,26422313,26179252,31255654,30671609,1264803,1252325,249102,231561,11.73,24.21,15.52,100,2.31,10.85,79.92,84.76,"MURNIATI, SE, SAHROL, SE","ANWAR, SE, HILMIATI, SE, ULTIMATE SIAB"
5/21/2025 20:51,2021,Maret,Provinsi Jambi,Kota Jambi,602727-PT Bank Perekonomian Rakyat Ukabima Permata,602727-PT Bank Perekonomian Rakyat Ukabima Permata,25274598,29333382,21050793,23766530,17412039,21002666,1147089,1563056,179541,544342,16.39,57.92,12.83,100,2.08,21.85,88.1,87.04,"OYONG SAGITARIUS, ERFINA FITRIANI","NURBIYANTONI, HELMI EDISA, PT. UKABIMA"
5/21/2025 20:51,2021,Maret,Provinsi Jambi,Kota Sungai Penuh,602608-PT Bank Perekonomian Rakyat Pembangunan Kerinci,602608-PT Bank Perekonomian Rakyat Pembangunan Kerinci,61538704,56345918,43697899,44520831,54180659,48858535,836380,1050236,254148,353421,5.25,16.83,4.79,100,0.46,11.75,78.87,89.19,Ade Adriansyah,"Helmi Edisa, Mairzal Meirad"
5/21/2025 20:52,2021,Maret,Provinsi Sumatera Utara,Kab. Deli Serdang,600149-PT Bank Perekonomian Rakyat Nusantara Bona Pasogit Tiga Puluh Tiga,600149-PT Bank Perekonomian Rakyat Nusantara Bona Pasogit Tiga Puluh Tiga,57720852,56192336,35508875,40128313,50879291,46705186,4350000,7279027,49447,545297,5.69,18.36,5.37,100,1.56,17.95,65,91.7,"BISMAR BERNANDUS MANIK, MAROLOP A HUTABARAT","MARTAIDA PANJAITAN, YAN WALTER LUMBANGAOL, PT Nusantara Bona Pasogit, Drs Ricardo Simatupang, Drs Yan Walter Lumban Gaol, Josephine Sumillam Sitorus, Rivai Kristiano Hutauruk"
5/21/2025 20:52,2021,Maret,Provinsi NAD,Kota Banda Aceh,600280-PT BPR Mustaqim Sukamakmur,600280-PT BPR Mustaqim Sukamakmur,149760933,148925795,76159473,81095318,82304563,79266982,"-5,295,788","-3,107,019","-143,828","-146,498",9.27,83.88,6.38,100,-1.14,6.52,54.29,109.3,"SRI HARTATI, FACHRUL RIZAL","AZHARI SE., M.SI, PEMERINTAH ACEH"
5/21/2025 20:52,2021,Maret,Provinsi Sumatera Utara,Kab. Deli Serdang,600018-PT Bank Perekonomian Rakyat Nusantara Bona Pasogit Dua Puluh Lima,600018-PT Bank Perekonomian Rakyat Nusantara Bona Pasogit Dua Puluh Lima,26476350,27152628,13156455,15297013,20856875,22324400,3818606,2862795,147910,312474,1.63,34.15,2.01,100,3.55,19.29,52.18,85.26,"GINDO SITOMPUL, SE, Arisma Romalan Barus, SE","FITRIANA SIREGAR, SE, JIMMI SIMANUNGKALIT, SE, PT. NUSANTARA BONA PASOGIT, Josephine Sumilam Sitorus, Ricardo Simatupang, Gindo Sitompul, SE, Arisma Romalan Barus, SE"
5/21/2025 20:52,2021,Maret,Provinsi NAD,Kota Banda Aceh,602570-PT. BPR Berlian Global Aceh,602570-PT. BPR Berlian Global Aceh,9637966,10388929,6552204,6528952,3099000,4711408,1614540,2202401,124426,"-724,880",17.81,140.28,14.63,100,2.57,30.36,82.66,84.34,"HENDRA PURNAMA, SE, RIKA ANDRIANY, SE",
5/21/2025 20:52,2021,Maret,Provinsi NAD,Kota Lhokseumawe,601093-PT. BPR Aceh Utara,601093-PT. BPR Aceh Utara,7642997,8647910,3585913,4520429,6097261,5931528,"-5,238,070","-4,555,409","-578,701","-90,716",26.16,40.49,17.12,100,-6.73,18.74,65.34,307.86,,
5/21/2025 20:52,2021,Maret,Provinsi Sumatera Utara,Kab. Deli Serdang,601872-PT BANK PEREKONOMIAN RAKYAT NUSANTARA BONA PASOGIT DUA PULUH,601872-PT BANK PEREKONOMIAN RAKYAT NUSANTARA BONA PASOGIT DUA PULUH,47653904,48580081,36866017,36774136,41462943,39685156,4544619,6793833,144556,599306,5.67,21.43,4.03,100,2.56,18.42,89.28,90.48,"Thomas Maduwu, Dolla Sitepu","Jona Sitepu, R S Fitra Yoga Saputra, PT Nusantara Bona Pasogit, Marsaulina H, Hamonangan Hutabarat, Drs. Budianto Ginting, SE, "
5/21/2025 20:52,2021,Maret,Provinsi Sumatera Utara,Kab. Deli Serdang,601085-PT. BPR Dana Ganda,601085-PT. BPR Dana Ganda,0,0,0,0,0,0,0,0,0,0,0.88,49.65,2.07,100,7.74,44.11,55.07,76.66,,
5/21/2025 20:52,2021,Maret,Provinsi NAD,Kab. Aceh Besar,600096-PT. BPR Artha Aceh Sejahtera,600096-PT. BPR Artha Aceh Sejahtera,35421240,35603283,20718913,24994986,29622573,29254664,"-540,667",112720,98995,108280,16.11,28.6,11.72,100,-1.58,10.28,61.25,111.56,"ARISWAN, YENNY","CARLES ANSRI, BUDI ISMI, DJUNAID"
5/21/2025 20:52,2021,Maret,Provinsi Sumatera Utara,Kab. Deli Serdang,601875-PT Bank Perekonomian Rakyat Nusantara Bona Pasogit Tujuh Belas,601875-PT Bank Perekonomian Rakyat Nusantara Bona Pasogit Tujuh Belas,26277653,27100008,18310719,19332559,22162773,21165540,"-1,608,454",984657,"-39,958",171176,13.96,23.68,13.74,100,-7.09,22.73,76.93,130.89,"Jagar H. Sinaga, Rivai Kristiano Hutauruk","Rifai, SE, Rasmahita Sitanggang, PT Nusantara Bona Pasogit, MARSAULINA HUTAPEA, MARUDUT SILITONGA, RICARDO SIMATUPANG"
5/21/2025 20:53,2021,Maret,Provinsi Sumatera Utara,Kab. Deli Serdang,601969-PT BPR Tridana Percut,601969-PT BPR Tridana Percut,21392609,15101505,15173687,11421204,18827371,13037419,"-162,278","-429,198",127516,"-106,716",7.44,17.86,8.7,100,2.84,19.87,75.42,85.51,Nathalia Situmorang,"Sixtus Hutauruk, Mukdin M Turnip, Mukdin Markus Turnip"
5/21/2025 20:53,2021,Maret,Provinsi Sumatera Utara,Kab. Deli Serdang,601972-PT Bank Perekonomian Rakyat Nusantara Ekonomi Jaya,601972-PT Bank Perekonomian Rakyat Nusantara Ekonomi Jaya,107794,95190,0,0,68186,78412,"-5,064,074","-5,053,065","-16,818",-657,0,78.33,0,0,-42.21,155,0,121.22,SUHERI LUKMAN,"JONG PHING LIANG PHILANDER, LIM KIM ENG, JONA RITJE, PHILIP JONG, PETER JONG"
5/21/2025 20:53,2021,Maret,Provinsi Sumatera Utara,Kab. Deli Serdang,601965-PT BPR Disky Suryajaya,601965-PT BPR Disky Suryajaya,47911569,43927006,37316953,38133522,37722299,34240276,2746395,2481376,442875,205354,29.3,43.78,26.99,100,1.6,26.85,84.31,85.11,"Juwita Kristina Ginting, Prima Stevan M Pinem","Benny Tan, Victor Widjaja"
5/21/2025 20:53,2021,Maret,Provinsi Sumatera Utara,Kab. Deli Serdang,601930-PT BANK PEREKONOMIAN RAKYAT PIJER PODI KEKELENGEN,601930-PT BANK PEREKONOMIAN RAKYAT PIJER PODI KEKELENGEN,279733137,251321638,214835183,205248919,256797977,228381541,6588289,7722648,1191478,1326056,0.88,17.25,3.5,100,1.02,21.13,84.73,93.46,"PDT BUMAMAN TEODEKI TARIGAN, DRS RENDRA AMOR GINTING, AMOSI TELAUMBANUA SE","IR RIDO TARIGAN, MULIA PERANGIN ANGIN, YAYASAN ATE KELENG, YKPD ALPHA OMEGA, KOPERASI KONSUMEN PEKERJA BANK PIJER PODI K"
5/21/2025 20:53,2021,Maret,Provinsi Sumatera Utara,Kab. Deli Serdang,602760-PT Bank Perekonomian Rakyat Karya Bersama Ugahari,602760-PT Bank Perekonomian Rakyat Karya Bersama Ugahari,0,0,0,0,0,0,0,0,0,0,0,0,0,0,0,0,0,0,,
5/21/2025 20:53,2021,Maret,Provinsi Sumatera Utara,Kab. Deli Serdang,601927-PT BPR Karyabhakti Ugahari,601927-PT BPR Karyabhakti Ugahari,93264975,78603131,66634151,62964763,81499921,69531476,"-6,147,339","-8,487,044",1012393,658699,3.09,23.13,4.49,100,3.92,25.03,76.15,77.12,"Krismawati K Sinaga, Katarina L Sihombing, Marolop Sihombing","Mukdin M Turnip, Paulinus M Simbolon, Mukdin M Turnip, Keuskupan Agung Medan"
5/21/2025 20:53,2021,Maret,Provinsi Sumatera Utara,Kab. Langkat,601967-PT BPR Nusantara Bona Pasogit 13,601967-PT BPR Nusantara Bona Pasogit 13,0,0,0,0,0,0,0,0,0,0,0,0,0,0,0,0,0,0,,
5/21/2025 20:53,2021,Maret,Provinsi Sumatera Utara,Kab. Deli Serdang,601992-PT Bank Perekonomian Rakyat Laksana Gunapercut,601992-PT Bank Perekonomian Rakyat Laksana Gunapercut,6420881,5954112,4333236,4056154,2625985,2742534,1467210,1038777,259591,104706,2.19,97.12,4.55,100,9.69,92.98,87.55,68.98,"Baharuddin Siregar, SE","Risma Nian Aruan, SH.MBA, Y u w a n d a, SE, Ny. Porman Aritonang"
5/21/2025 20:53,2021,Maret,Provinsi Sumatera Utara,Kab. Deli Serdang,601974-PT BANK PEREKONOMIAN RAKYAT SUMBER TIOPAN RAYA,601974-PT BANK PEREKONOMIAN RAKYAT SUMBER TIOPAN RAYA,2012758,21861409,1215800,20522205,1753643,20638625,"-2,277,100","-395,955","-237,385","-1,154,861",7.29,14.69,5.42,100,-14.44,38.65,32.38,144.57,,"Ridwan Wiliater Sinambela, SE.MM, Ivan Ibana"
5/21/2025 20:53,2021,Maret,Provinsi Sumatera Utara,Kab. Deli Serdang,601991-PT Bank Perekonomian Rakyat Laksana Abadisunggal,601991-PT Bank Perekonomian Rakyat Laksana Abadisunggal,37601763,30835120,24394252,21603133,26239001,21893310,6374473,4874482,961488,410380,2.44,44.54,4.59,100,7.91,72.22,80.27,68.07,"TIMTON SOMBOLON,SE., SYAFRUDDIN SIREGAR,SH.","PETRUS LOO,SH.MM., DR.TIMBUL SINAGA,SE.MSA, PORMAN ARITONANG, SYAFRUDDIN SIREGAR, SH., MARTIN TRIONO, SE."
5/21/2025 20:53,2021,Maret,Provinsi Sumatera Utara,Kab. Deli Serdang,602655-PT Bank Perekonomian Rakyat Dana Mandiri,602655-PT Bank Perekonomian Rakyat Dana Mandiri,43532389,38161822,21313069,24732304,36777682,31880302,778278,222662,"-23,571",58858,10.27,42.18,6.15,71.17,0.73,25.36,50.54,106.18,"WIEMIN, DESMANTO","MINANI RASAD, ANTON"
5/21/2025 20:53,2021,Maret,Provinsi Sumatera Utara,Kab. Deli Serdang,602461-PT Bank Perekonomian Rakyat Guna Rakyat,602461-PT Bank Perekonomian Rakyat Guna Rakyat,18519675,17955666,11033840,11233022,14164488,13957231,0,0,55640,143939,2.71,39.16,3.25,100,3.15,26.3,66.41,85.05,"Bintang Julida Situmorang, Tetresia Tampubolon","Job Rahmad Purba, Drs. Safaruddin Siregar, Job Rahmad Purba"
5/21/2025 20:54,2021,Maret,Provinsi Sumatera Utara,Kab. Deli Serdang,602729-PT Bank Perekonomian Rakyat Mitra Sumber Makmur,602729-PT Bank Perekonomian Rakyat Mitra Sumber Makmur,25211788,20947456,8212900,8793069,18564853,17117400,"-412,163","-1,254,060",59098,84116,9.55,78.57,4.68,100,3.56,21.7,33.98,77.45,"IR AMIR HALIM, DARWIN",IRWAN
5/21/2025 20:54,2021,Maret,Provinsi Sumatera Utara,Kab. Karo,601874-PT Bank Perekonomian Rakyat Nusantara Bona Pasogit Lima Belas,601874-PT Bank Perekonomian Rakyat Nusantara Bona Pasogit Lima Belas,74018638,70216594,36938591,35306885,66857728,61450134,52422,1661079,500910,445381,1.05,19.09,3.03,100,2.1,13.13,54.32,89.43,"Budi MT Purba, Gelora Ginting","Magus Sitindaon, Hengky Parsungkunan, PT. Nusantara Bona Pasogit"
5/21/2025 20:54,2021,Maret,Provinsi Sumatera Utara,Kab. Simalungun,601877-PT Bank Perekonomian Rakyat Bandar Jaya,601877-PT Bank Perekonomian Rakyat Bandar Jaya,17205004,15022416,13063424,12228262,14310438,12706762,1176964,545506,57110,109656,7.71,22.46,7.39,100,4.23,25.81,90.23,83.42,"Andy Hakim Pangaribuan, Mahir Robinsas Pakpahan","Augus Pasaribu, Sudirman Simanullang, Agustianto Batubara, Aprilinda Batubara, Juliari Peter Batubara, Maryati Tambunan, Palar Batubara"
5/21/2025 20:54,2021,Maret,Provinsi Sumatera Utara,Kab. Karo,601975-PT Bank Perekonomian Rakyat Logo Karo Asri,601975-PT Bank Perekonomian Rakyat Logo Karo Asri,44613066,50517167,7110016,5665933,34321759,32501713,2938924,10646275,152383,169179,3.67,92.76,2.84,100,0.67,8.59,18.97,90.15,"ADI JUNIANTO,S.E., ATIKA JULI BR GINTING,A.Md","MERY SULIANTY HASIHOLAN SITANGGANG,S.E.,M.Si, Lindiana Golia, SE, Adi Junianto,SE"
5/21/2025 20:54,2021,Maret,Provinsi Sumatera Utara,Kab. Simalungun,600887-PT BANK PEREKONOMIAN RAKYAT BUANA AGRIBISNIS,600887-PT BANK PEREKONOMIAN RAKYAT BUANA AGRIBISNIS,27961881,27348548,20847438,22149752,23514219,23208908,28836,524571,208426,"-595,331",9.07,25.8,8.6,100,0.76,15.64,80.78,84.42,"OBERTINA S. GIRSANG, AMELIA PRAMITA SINAGA","PDT. BERLIAN SARAGIH MLITT, AUGUS PASARIBU, SE"
5/21/2025 20:54,2021,Maret,Provinsi Sumatera Utara,Kab. Labuhan Batu,600092-PT BANK PEREKONOMIAN RAKYAT NUSANTARA BONA PASOGIT ENAM BELAS,600092-PT BANK PEREKONOMIAN RAKYAT NUSANTARA BONA PASOGIT ENAM BELAS,53212702,48932805,26256360,25198092,45634167,40732331,0,4638638,186535,331836,5.59,31.7,4.5,100,1.15,12.73,52.23,95.13,"JENTI PANUS PURBA, ANTEN SIMBOLON","MARTOGI PANTAS NAINGOLAN, ENDO YUNARTO, PT.NBP"
5/21/2025 20:54,2021,Maret,Provinsi Sumatera Utara,Kab. Simalungun,601957-PT Bank Perekonomian Rakyat Nusantara Bona Pasogit Enam,601957-PT Bank Perekonomian Rakyat Nusantara Bona Pasogit Enam,42367801,36748261,24557628,25106206,35757587,28882026,100000,5917929,410214,607231,0.49,32.74,2.25,100,3.47,27.38,68.4,85.14,"HARMELINA BR BANGUN, LISNA KRISTINA RAYA SARAGI","HENGKY PARSUNGKUNAN SITORUS, SAIKUM SIREGAR, PT NUSANTARA BONA PASOGIT, C SOGUNTARON HUTASOIT, SAIKUM SIREGAR, HENGKY PARSUNGKUNAN SITORUS, RASMAHITA SITANGGANG, GELORA GINTING"
5/21/2025 20:54,2021,Maret,Provinsi Sumatera Utara,Kab. Simalungun,601958-PT Bank Perekonomian Rakyat Nusantara Bona Pasogit Tujuh,601958-PT Bank Perekonomian Rakyat Nusantara Bona Pasogit Tujuh,30170351,32163759,21761662,22310350,23504360,23349362,0,6418634,501764,715763,2.07,40.89,2.62,100,5.75,22.56,80,77.45,"AGUN PRYONO PURBA, SE, JAKUB DAMANIK, SE","EDWARD SAPTANA SIAGIAN, DARMANTA SITEPU, PT. NBP, BONARDO P.H. SINAGA"
5/21/2025 20:54,2021,Maret,Provinsi Sumatera Utara,Kab. Labuhan Batu,601131-PT Bank Perekonomian Rakyat Mangatur Ganda,601131-PT Bank Perekonomian Rakyat Mangatur Ganda,69496851,61019874,43885052,38763987,56093924,48024508,3840453,3381153,1346205,1397944,11.31,24.21,7.93,100,8.11,26,85.52,80.92,"HENDRIK LUMBANTOBING, SE, MULIONO, SE","MARUHUM T.H MALAU, SE, JHON SUMIHARJO HUTABARAT"
5/21/2025 20:54,2021,Maret,Provinsi Sumatera Utara,Kab. Tapanuli Utara,601963-PT Bank Perekonomian Rakyat Nusantara Bona Pasogit Satu,601963-PT Bank Perekonomian Rakyat Nusantara Bona Pasogit Satu,52404831,16498031,31694019,11296896,44554322,12705494,3314457,1617243,72561,127220,7.91,32.81,5.97,100,0.65,30.28,64.55,93.45,"SIHAR M SIHITE, HARIANTO KURNIAWAN, ASRI DAMERIA ARUAN","EDWARD SAPTANA SIAGIAN, MONANG PARSAORAN S, DARMANTA SITEPU"
5/21/2025 20:54,2021,Maret,Provinsi Sumatera Utara,Kab. Mandailing Natal,601876-PT. BPR Nusantara Bona Pasogit 21,601876-PT. BPR Nusantara Bona Pasogit 21,0,0,0,0,0,0,0,0,0,0,0,0,0,0,0,0,0,0,,
5/21/2025 20:55,2021,Maret,Provinsi Sumatera Utara,Kab. Toba Samosir,601960-PT. BPR Nusantara Bona Pasogit 5,601960-PT. BPR Nusantara Bona Pasogit 5,0,0,0,0,0,0,0,0,0,0,0,0,0,0,0,0,0,0,,
5/21/2025 20:55,2021,Maret,Provinsi Sumatera Utara,Kab. Tapanuli Selatan,601094-PT BANK PEREKONOMIAN RAKYAT KARYA PARHUTA,601094-PT BANK PEREKONOMIAN RAKYAT KARYA PARHUTA,13007875,12448609,8846930,9528870,8798946,8899388,446399,233497,116403,122097,0.32,57.64,0.75,100,3.27,15.69,72.63,84.33,"Armein Saleh Hutasuhut, Sanusi Pane, Susanti Rambe","Syahrul Abdi Harahap, H R Yuriandi Siregar, Sofyan Edihar Harahap"
5/21/2025 20:55,2021,Maret,Provinsi Sumatera Utara,Kab. Dairi,601956-PT Bank Perekonomian Rakyat Nusantara Bona Pasogit Delapan,601956-PT Bank Perekonomian Rakyat Nusantara Bona Pasogit Delapan,65619085,60904184,44923425,43914126,57590347,49596243,0,3001774,648738,933746,1.49,23.99,2.69,100,3.31,24.93,73.31,87.69,"POLTAK SITUMEANG, SE, KONDINER MT NAIBAHO","ABRAHAM THEO P SILABAN, RIFA'I, PT. NBP JAKARTA, CLARA MARSAULINA PARDEDE, RICARDO SIMATUPANG, "
5/21/2025 20:55,2021,Maret,Provinsi Sumatera Utara,Kab. Asahan,601959-PT Bank Perekonomian Rakyat Nusantara Bona Pasogit Empat,601959-PT Bank Perekonomian Rakyat Nusantara Bona Pasogit Empat,33661510,30098927,18149878,18442487,29968668,26561018,1877854,1526855,33902,229968,7.87,22.46,8.53,100,0.6,26.64,61.16,96.94,"TOMBANG DIDIK SAGALA SP, EKTAPERA PERANGIN ANGIN","JONA SITEPU, RIFAI"
5/21/2025 20:55,2021,Maret,Provinsi Sumatera Utara,Kab. Toba Samosir,601083-PT. BPR Porsea Jaya,601083-PT. BPR Porsea Jaya,2848031,2555215,1769807,1434472,2264372,1768894,2688,"-20,020","-140,674",78154,11.66,54.01,6.8,100,7.22,43.17,68.14,126.58,,"JULPAN H MANURUNG, MARIHARD GURNING, Julpan H Manurung"
5/21/2025 20:55,2021,Maret,Provinsi Sumatera Utara,Kab. Tapanuli Selatan,601971-PT BPR Bina Barumun,601971-PT BPR Bina Barumun,0,0,0,0,0,0,0,0,0,0,71.71,-90.64,32.57,515.41,-16.25,0.17,13.91,237.91,"Sukrianto Lubis, Syafrida Marhana Harahap","Umar Al Fattah Lubis, kosong"
5/21/2025 20:55,2021,Maret,Provinsi Sumatera Utara,Kab. Humbang Hasundutan,601961-PT Bank Perekonomian Rakyat Nusantara Bona Pasogit Sepuluh,601961-PT Bank Perekonomian Rakyat Nusantara Bona Pasogit Sepuluh,31761078,28649295,17738356,17208087,25944488,23726476,4678157,3650294,229048,363140,4.24,32.16,2.8,100,4.24,24.74,58.58,83.08,"TAMBUN LUMBANTORUAN, BONGSU SIMANULLANG","SUGIANTO, FITRIANA S, SE, PT. NBP, NULL, NULL, NULL, NULL, NULL, NULL, NULL, NULL"
5/21/2025 20:55,2021,Maret,Provinsi Sumatera Utara,Kab. Asahan,601970-PT. BPR Diori Ganda,601970-PT. BPR Diori Ganda,24832823,24772967,11136363,16372061,16176920,15366121,1055164,1586192,276300,575524,3.03,77.36,3.59,100,3.73,19.34,49.6,88.46,"JUDO TARTAMBA, CANDRA MALAU","DEDDY BEGMAN EDWARD SIHOMBING, SE, JANNES PARSAORAN HUTAGALUNG, NY.LUCERIA SIAGIAN, SANTO SITORUS,SE, NY.ADUMAHATI R.M SITORUS,BSBA, DR.SIHAR PA SITORUS,MBA, SABAR GANDA LEONARDO,SE, HAKIM AGUNG SITORUS, IKA ROHANI SITORUS"
5/21/2025 20:55,2021,Maret,Provinsi Sumatera Utara,Kab. Toba Samosir,600918-PT BANK PEREKONOMIAN RAKYAT SURUNGAN NAULI,600918-PT BANK PEREKONOMIAN RAKYAT SURUNGAN NAULI,8502885,7990351,6158571,5301790,5122293,5815609,1705067,1411952,115525,37790,2.29,64.31,1.23,100,5.11,25.89,78.85,82.39,"HOSRILAN, SE, IDEALISMAN P TAMBUNAN","DIAPARI MARPAUNG, IR.LUHUT P.PANDAPOTAN, Ny Gustina Marpaung, Hosrilan, SE, Hasudungan Patar, S.Sos, Gustavido Leonardi, SH, IR. Rudolf Jacob, MBA, IR Rotua Fajar Sari, Rosma Rolinda Silaen"
5/21/2025 20:55,2021,Maret,Provinsi Sumatera Utara,Kab. Serdang Bedagai,601873-PT BANK PEREKONOMIAN RAKYAT NUSANTARA BONA PASOGIT DELAPAN BELAS,601873-PT BANK PEREKONOMIAN RAKYAT NUSANTARA BONA PASOGIT DELAPAN BELAS,53451256,48126912,33801357,32074562,46508593,40388088,400000,5717253,442663,581571,3.21,24.01,2.96,101.71,2.96,15.74,66.63,86.83,"HARDEY SABAR MT SE SH, RAME TIO BUNGA SAGALA","JONI CAHYONO, FITRIANA S, SE, PT NBP JAKARTA, MARUDUT SILITONGA, RICARDO SIMATUPANG, BONAR PAULUS SCHULZ"
5/21/2025 20:55,2021,Maret,Provinsi Sumatera Utara,Kab. Samosir,601962-PT BANK PEREKONOMIAN RAKYAT NUSANTARA BONA PASOGIT SEMBILAN,601962-PT BANK PEREKONOMIAN RAKYAT NUSANTARA BONA PASOGIT SEMBILAN,24445472,23867633,15652736,16729945,19282269,19366880,4080436,3291065,232767,359688,5.61,41.7,4.88,100,3.07,25.99,69.25,86.89,"Elizabeth A Situmorang, Herbet Karnelius Tambunan","Sugianto ST, PT. NUSANTARA BONA PASOGIT"
5/21/2025 20:55,2021,Maret,Provinsi Sumatera Utara,Kota Sibolga,601964-PT BANK PEREKONOMIAN RAKYAT NUSANTARA BONA PASOGIT TIGA,601964-PT BANK PEREKONOMIAN RAKYAT NUSANTARA BONA PASOGIT TIGA,59873909,58736248,33893229,35672450,52404367,48622646,0,7290473,183156,661743,3.55,29.07,2.64,100,1.17,14.99,58.63,92.9,"Susy Annie Simorangkir, Erianto Sabam Hutabarat","Edward Saptana Siagian, Endo Yunarto, PT. Nusantara Bona Pasogit"
5/21/2025 20:56,2021,Maret,Provinsi Sumatera Utara,Kota Binjai,600011-PT BANK PEREKONOMIAN RAKYAT NUSANTARA BONA PASOGIT DUA PULUH DUA,600011-PT BANK PEREKONOMIAN RAKYAT NUSANTARA BONA PASOGIT DUA PULUH DUA,37527592,35483839,25474927,26356883,30776169,28739859,3420929,3413985,89768,89269,7.78,25.92,9.06,100,1.21,32.92,75.83,96.1,"ARMUDIN PURBA, JUNIEDI SINUHAJI, S. KOM, MANUMPAK HATORANGAN SILALAHI","MARTAIDA PANJAITAN, RASMAHITA SITANGGANG, "
5/21/2025 20:56,2021,Maret,Provinsi Sumatera Utara,Kab. Serdang Bedagai,601931-PT Bank Perekonomian Rakyat Perbaungan Hombar Makmur,601931-PT Bank Perekonomian Rakyat Perbaungan Hombar Makmur,37581885,33605407,24682964,22497448,30665358,27782909,1170282,1115747,349067,407943,3.92,33.16,4.14,100.46,4.92,27.2,74.5,75.29,"ASBON SINAGA, MESTIKA GLORIA MANURUNG","WILIATER MANURUNG, PANTUR SIANTURI, BERTY BR SINAGA"
5/21/2025 20:56,2021,Maret,Provinsi Sumatera Utara,Kota Pematang Siantar,600140-PT Bank Perekonomian Rakyat Nusantara Bona Pasogit Tiga Puluh Empat,600140-PT Bank Perekonomian Rakyat Nusantara Bona Pasogit Tiga Puluh Empat,26490495,25056700,12268331,12249725,20211440,19339534,2429701,1842645,226271,251438,1.51,50.07,1.47,100,2.54,15.29,49.99,90.13,"Pardingotan Sinabutar, Sadar Fernandez Oloan Purba","Hengky Parsungkunan Sitorus, Asman Sihite, PT. NBP"
5/21/2025 20:56,2021,Maret,Provinsi Sumatera Utara,Kota Medan,600412-PT Bank Perekonomian Rakyat Eka Prasetya,600412-PT Bank Perekonomian Rakyat Eka Prasetya,22798154,18954428,15488351,12839763,19816023,16009215,"-923,096","-643,452","-114,153","-185,715",10.02,21.83,8.39,100,-0.78,20.17,75.3,104.7,"Mateus M Manik,SE, Marulak Situmorang,SE","Sunaryo Situmorang,SE,MM, Madi Simbolon,SE,MM"
5/21/2025 20:56,2021,Maret,Provinsi Sumatera Utara,Kota Medan,600076-PT BANK PEREKONOMIAN RAKYAT MULTI TATAPERKASA,600076-PT BANK PEREKONOMIAN RAKYAT MULTI TATAPERKASA,14715909,16337177,10322453,12034762,10648140,12341045,2879346,2819032,"-11,577","-22,900",6.32,48.84,5.42,100,0.49,40.33,73.39,96.92,"RUDY CHUWARDI, SE, SRI HARTATI,SE","IR. ELVIN LIONEL CHANDERSON, MM, SANDRI ALAMSYAH HARAHAP, SH, IR.ELVIN LIONEL CHANDERSON,MM"
5/21/2025 20:56,2021,Maret,Provinsi Sumatera Utara,Kota Medan,600897-PT Bank Perekonomian Rakyat Duta Adiarta,600897-PT Bank Perekonomian Rakyat Duta Adiarta,40248318,40058563,20766817,18060919,26607607,25580918,3583747,4027142,81964,475503,4.31,70.84,6.98,100,3.95,24.28,58.92,76.58,"SUDIHARTO, PINTARIA GINTING","HENRY JHON HUTAGALUNG, WILLIAM ALEXANDER WONG"
5/21/2025 20:56,2021,Maret,Provinsi Sumatera Utara,Kota Medan,602661-PT BANK PEREKONOMIAN RAKYAT WAHANA BERSAMA KPUM,602661-PT BANK PEREKONOMIAN RAKYAT WAHANA BERSAMA KPUM,25974358,21176828,15011426,14464594,21797756,17928006,564740,56408,111862,192414,1.56,30.54,2.76,100,2.65,49.79,65.98,89.81,"Todo Agustinus Pasaribu, TB. Thresia Sinambela","Jabmar Siburian MM DRS, Timbang Tamba"
5/21/2025 20:56,2021,Maret,Provinsi Sumatera Utara,Kota Medan,602705-PT Bank Perekonomian Rakyat Prima Madani,602705-PT Bank Perekonomian Rakyat Prima Madani,53553879,49111930,33235908,31059598,43598847,39806247,"-2,442,166","-2,992,917",397198,298600,1.14,41.51,0.77,124.58,1.61,17.41,64.48,83.92,"SAPTIADI MULYADI, AMBRAN KHOMALA",SUGIHARDIMAN CHANDRA
5/21/2025 20:56,2021,Maret,Provinsi Sumatera Utara,Kota Medan,602694-PT. BPR Asia Bintang Cemerlang,602694-PT. BPR Asia Bintang Cemerlang,9976392,9619086,3571268,4932308,9187680,8725818,"-1,443,571","-1,474,281","-82,717",52549,17.59,18,11.17,100,-1.09,44.22,40.94,104.66,"JOHN, YANTI","AGUS ZAINAL ABIDIN RAMBE, SUHARTONO, MEITYANA, TJONG MEI SHIA, STEVEN SALIM, INGGRID DOMINICA"
5/21/2025 20:56,2021,Maret,Provinsi Sumatera Utara,Kota Medan,601966-PT Bank Perekonomian Rakyat Milala Sugiharta Sentosa,601966-PT Bank Perekonomian Rakyat Milala Sugiharta Sentosa,23673660,25126627,14416239,18934110,17421731,18803085,3600000,3600000,251929,323542,8.55,51.48,5.7,100,5.85,19.84,69.05,72.41,"Eslitawarina Sinaga, T. Darwin T Saragih, S.Kom","M. Sentosa S Meliala, CN, MM, DR Timbul Sinaga, Se, MSA, M. Sentosa S. Meliala, CN, MM, Titania Sembiring Meliala"
5/21/2025 20:57,2021,Maret,Provinsi Sumatera Barat,Kab. Pasaman,601209-PT BPR Mitradana,601209-PT BPR Mitradana,0,0,0,0,0,0,0,0,0,0,0,0,0,0,0,0,0,0,,
5/21/2025 20:57,2021,Maret,Provinsi Sumatera Barat,Kab. Agam,601170-PT Bank Perekonomian Rakyat LPN Padang Tarab,601170-PT Bank Perekonomian Rakyat LPN Padang Tarab,8680117,10071633,5998585,6859864,7741435,9118152,"-659,553","-252,813","-29,376","-227,317",27.59,15.27,15.6,100,25.89,23.57,75.39,69.05,"SYARMI EFFENDI, SE, EKA FEBRIANTI, SE, MM","SYOFYAN ARIEF N, BA, HENDRI ZONI, SH. MH"
5/21/2025 20:57,2021,Maret,Provinsi Sumatera Barat,Kab. Agam,600255-PT BPR Tilatang Kamang,600255-PT BPR Tilatang Kamang,30576403,28816764,16006018,14569053,24285194,22785739,1767018,1858282,160690,150842,5.94,42.83,3.68,100,0.53,8.17,53.47,82.42,,
5/21/2025 20:57,2021,Maret,Provinsi Sumatera Barat,Kab. Agam,601174-PT BPR Mutiara Pesisir,601174-PT BPR Mutiara Pesisir,27521737,26162393,17866004,18750991,23987791,22920893,928439,655695,39680,50283,7.87,25.35,6.9,100,0.17,14.52,70.47,94.78,"HJ. SRI MULYANI, A.MD, MUHAMMAD ABRI SYANI, S.TP","NURSYIRWAN NUR, SE, LISHAR RIVAI"
5/21/2025 20:57,2021,Maret,Provinsi Sumatera Barat,Kab. Agam,601175-PT Bank Perekonomian Rakyat Gebu Harapan,601175-PT Bank Perekonomian Rakyat Gebu Harapan,7434304,6757460,6173908,5552847,4267521,4860964,220209,168880,37830,18872,8.54,67.48,10.42,100,0.56,20.32,92.83,90.16,,
5/21/2025 20:57,2021,Maret,Provinsi Sumatera Barat,Kab. Agam,601169-PT BPR Lumbuang Pitih Nagari Panampuang,601169-PT BPR Lumbuang Pitih Nagari Panampuang,41381565,39845024,19894672,17042652,33688247,32445967,834258,805515,229939,206075,2.75,31.17,2.83,100,0.56,18.17,51.42,79.26,,
5/21/2025 20:57,2021,Maret,Provinsi Sumatera Barat,Kab. Pasaman,601210-PT BPR Sembilan Mutiara,601210-PT BPR Sembilan Mutiara,5295733,5095013,4286392,3214495,3751439,3936019,685773,256484,25770,69759,8.98,40.41,13.37,100,0.49,8.03,91.21,93.37,RIFDAL HAKIMI,EFIF SYAHRIAL
5/21/2025 20:57,2021,Maret,Provinsi Sumatera Barat,Kab. Pasaman,601208-PT Bank Perekonomian Rakyat Swadaya Anak Nagari,601208-PT Bank Perekonomian Rakyat Swadaya Anak Nagari,36495686,31316274,18746917,18956841,32204053,27004002,503683,499457,"-12,971",11894,9.58,20.61,9.51,100,-0.04,45.91,55.48,100.79,"BAMBANG SUMARKUL.SH, FITRI YANI.SE","H. KENTARYONO.S.Pd, H. SURANTO.SH"
5/21/2025 20:57,2021,Maret,Provinsi Sumatera Barat,Kab. Pasaman,600146-PT BPR Ophir,600146-PT BPR Ophir,31156658,29774478,23119324,25059062,25669998,23994336,166560,302474,"-104,206",53362,15.3,40.9,12.55,100,-0.22,27.19,80.84,103.28,FAHRURAZI,LITA HERNANI
5/21/2025 20:57,2021,Maret,Provinsi Sumatera Barat,Kab. Agam,601176-PT Bank Perekonomian Rakyat Pembangunan Nagari,601176-PT Bank Perekonomian Rakyat Pembangunan Nagari,37384244,38094309,31595990,30799189,31199955,31647101,1661795,2280975,37153,"-155,725",8.97,25.18,7.96,100,0.1,11.72,91.82,97.69,"FERI NUSWANDI, DAVID HALIL","JURNALIS, SYAHRIAL BAKRI SYARIF"
5/21/2025 20:57,2021,Maret,Provinsi Sumatera Barat,Kab. Agam,602018-PT. BPR Gema Ampekkoto Sejahtera,602018-PT. BPR Gema Ampekkoto Sejahtera,11836600,10815208,9914062,8994529,8233075,7469644,547760,385568,40615,"-55,154",7.38,32.69,4.47,87.87,0.66,14.15,88.1,93.73,"DRA MASNILA PUTRI, SATRIA NOVA A.MD","IR E H NIZAR DT KAYO, EFRIZAL S.E"
5/21/2025 20:58,2021,Maret,Provinsi Sumatera Barat,Kab. Pasaman,601211-PT. BPR Khatulistiwa Bonjol,601211-PT. BPR Khatulistiwa Bonjol,65117195,59554368,49696002,49304676,58397077,52845577,0,0,320118,388791,83.58,22.31,2.71,100,2.02,7.87,81.64,83.58,"Syofyardin, S.Pt., Hendrizon, S.Sos","Ir. Ahmad Rusjdi Djamain, MM"
5/21/2025 20:58,2021,Maret,Provinsi Sumatera Barat,Kab. Limapuluh Koto,601156-PT BPR Kampung Baru Muaro Paiti,601156-PT BPR Kampung Baru Muaro Paiti,0,0,0,0,0,0,0,0,0,0,0,0,0,0,0,0,0,0,,
5/21/2025 20:58,2021,Maret,Provinsi Sumatera Barat,Kab. Limapuluh Koto,600069-PT BPR Dharma Pejuang Empatlima,600069-PT BPR Dharma Pejuang Empatlima,16744243,15064496,14281987,11711535,15062714,13588253,"-17,439",219978,8075,"-208,118",8.86,15.85,7.72,100,-1.93,9.62,103.56,113.94,,
5/21/2025 20:58,2021,Maret,Provinsi Sumatera Barat,Kab. Limapuluh Koto,601152-PT BANK PEREKONOMIAN RAKYAT LUMBUNG PITIH NAGARI PADANG KUNING,601152-PT BANK PEREKONOMIAN RAKYAT LUMBUNG PITIH NAGARI PADANG KUNING,17284908,15525324,10826746,10824883,13618620,12224812,1390513,1082312,67644,84080,4.16,45.1,4.67,100,1.13,24,67.55,87.81,"DEVI MESRA, DEDVIANRI","AMIRAL, BOY NOVIARKO"
5/21/2025 20:58,2021,Maret,Provinsi Sumatera Barat,Kab. Limapuluh Koto,601151-PT BPR LPN Taeh Baruh,601151-PT BPR LPN Taeh Baruh,30178145,28267401,23551111,21263412,23722469,22453758,0,2048909,158832,34387,1.9,38.24,1.45,100,0.57,11.81,82.76,85.01,"PUTRA EDISON, RIZKA HASAN","ZAMRIS, IKHSAN ASDA PUTRA"
5/21/2025 20:58,2021,Maret,Provinsi Sumatera Barat,Kab. Limapuluh Koto,600256-PT BANK PEREKONOMIAN RAKYAT SULIKI GUNUNG MAS,600256-PT BANK PEREKONOMIAN RAKYAT SULIKI GUNUNG MAS,36658905,35198030,30886951,30450543,30477034,28934134,124,0,102377,184526,5.92,21.11,5.89,100,0.29,8.32,96.79,90.79,"IFWAN ROSJA. S.Pt, HENDRA KURNIAWAN, SH","JURNALIS, SE, DARWIN SAID, DANA PENSIUN BANK NAGAR"
5/21/2025 20:58,2021,Maret,Provinsi Sumatera Barat,Kab. Limapuluh Koto,601153-PT BPR LPN Labuh Gunung,601153-PT BPR LPN Labuh Gunung,14036979,15113555,11490070,12307147,12634977,13678289,"-1,031,285","-707,332",19600,"-19,929",14.87,11.93,13.77,100,0.12,8.37,102.37,95.53,"H ABDUL AZIZ DT GINDO MALANO,SH, EFDAL SP","IKHSAN ASDA PUTRA, YETMI DERNITA"
5/21/2025 20:58,2021,Maret,Provinsi Sumatera Barat,Kab. Limapuluh Koto,601191-PT Bank Perekonomian Rakyat Gonjong Limo,601191-PT Bank Perekonomian Rakyat Gonjong Limo,6972606,6784278,5485739,5592073,5600806,5490172,"-149,482","-228,805","-12,117","-10,488",4.32,32.05,3.33,100,0,11.16,84.7,0,"SURATMAN, MELIA NORITA","AMRI DARWIS, DARWIN SAID"
5/21/2025 20:58,2021,Maret,Provinsi Sumatera Barat,Kab. Limapuluh Koto,601155-PT. BPR Mitra Usaha Muaro Paiti,601155-PT. BPR Mitra Usaha Muaro Paiti,9530945,8735205,5963409,6166472,8166867,7356743,546125,518446,"-49,124","-7,061",0.41,21.47,2.33,100,-0.36,13.56,65.83,113.4,"SUWANDI, NOFENDRI","DARMAN SAHLADI, ETRIMAYUZA"
5/21/2025 20:58,2021,Maret,Provinsi Sumatera Barat,Kab. Padang Pariaman,601217-PT BPR LPN Koto Dalam,601217-PT BPR LPN Koto Dalam,0,0,0,0,0,0,0,0,0,0,0,0,0,0,0,0,0,0,,
5/21/2025 20:58,2021,Maret,Provinsi Sumatera Barat,Kab. Limapuluh Koto,602473-PT BPR Majo Lelo Sati Tambun Ijuk,602473-PT BPR Majo Lelo Sati Tambun Ijuk,24332082,20703890,17135303,13181662,20688546,18086586,482681,246395,40071,30297,0.51,21.57,1.65,100,0.18,6.38,73.13,94.68,"Candra Ichwan.S.Sos, Mendra.SE","Syafruddin.SH, Arwizal Arbi, Pemda Kab Lima Puluh Kota"
5/21/2025 20:58,2021,Maret,Provinsi Sumatera Barat,Kab. Limapuluh Koto,600258-PT. BPR Harau,600258-PT. BPR Harau,77677542,79367644,61581699,61274479,69354593,71055109,0,0,631470,621056,2.58,20.17,2.51,100,0.79,6.71,83.48,78.14,EPI MULUK,"BAYRIZAL, SUMARDI"
5/21/2025 20:58,2021,Maret,Provinsi Sumatera Barat,Kab. Solok Selatan,601187-PT. BPR Artha Niaga Solok,601187-PT. BPR Artha Niaga Solok,9364154,7482090,7625570,6309784,8189670,6923765,"-1,043,096","-1,117,972",3145,"-38,138",2.9,19.64,3.04,100,-0.02,17.32,106.65,99.23,DEDI SAPUTRA,YUNASRIL ANGA
5/21/2025 20:59,2021,Maret,Provinsi Sumatera Barat,Kab. Limapuluh Koto,602016-PT BPR Sago Dharma Pejuang,602016-PT BPR Sago Dharma Pejuang,19560594,20218503,14921039,16752878,17103359,17693510,51309,37542,"-108,376","-26,851",4.17,21.09,9.64,100,-0.03,24.28,99.48,99.63,"SATIA ROZA, MUHAMMAD TAUFIK","SAGAPUTRA C SYAHRUN, IRZAL YAZID"
5/21/2025 20:59,2021,Maret,Provinsi Sumatera Barat,Kab. Limapuluh Koto,601226-PT BPR Guguk Mas Makmur,601226-PT BPR Guguk Mas Makmur,38918093,36539959,27557086,25553249,32491557,30669397,0,960224,230245,338601,2.27,29.8,3.95,100,0.7,4.37,77.21,82.19,"YUHELMI AFRIZON,S.SOS, NENI TRIANA, SE","MARS HILLMAN, M.SYUFRI MUNIR"
5/21/2025 20:59,2021,Maret,Provinsi Sumatera Barat,Kab. Padang Pariaman,602019-PT. BPR Nurul Barokah,602019-PT. BPR Nurul Barokah,0,0,0,0,0,0,0,0,0,0,0,0,0,0,0,0,0,0,,
5/21/2025 20:59,2021,Maret,Provinsi Sumatera Barat,Kab. Pesisir Selatan,601223-BPR LPN Tapan,601223-BPR LPN Tapan,0,0,0,0,0,0,0,0,0,0,0,0,0,0,0,0,0,0,,
5/21/2025 20:59,2021,Maret,Provinsi Sumatera Barat,Kab. Padang Pariaman,601929-PT Bank Perekonomian Rakyat VII Koto,601929-PT Bank Perekonomian Rakyat VII Koto,16340574,6414414,10409187,4645318,12381697,4504122,1303707,445158,11534,45909,10.55,43.87,9.22,100,0.93,71.97,69.17,92.76,"YULIARDI, TRI JONI PUTRA","MASYWARAH, ZOZA ARIANI"
5/21/2025 20:59,2021,Maret,Provinsi Sumatera Barat,Kab. Padang Pariaman,601221-PT BPR Nagari Kasang,601221-PT BPR Nagari Kasang,13791943,12249233,8148877,7685658,10262134,9641005,1277982,980583,59945,35763,11.83,53.3,7.98,100,0.52,20.69,66.61,85.97,"KHAIRULNAS, A.MD, BURHANUDIN, SE","MURSAL, H. ASRI"
5/21/2025 20:59,2021,Maret,Provinsi Sumatera Barat,Kab. Padang Pariaman,600260-PT. BPR Cincin Permata Andalas,600260-PT. BPR Cincin Permata Andalas,62335166,60062518,53359989,50707544,55603987,53356428,0,0,144774,119685,4.22,16.97,4.37,100,0.28,7.51,89.56,91.49,"MEIFYAN.RS, ENIGUSWATI KHAIDIR","MURSAL, MARDIAH MULUK"
5/21/2025 20:59,2021,Maret,Provinsi Sumatera Barat,Kab. Padang Pariaman,601220-PT. BPR GANTO NAGARI 1954,601220-PT. BPR GANTO NAGARI 1954,31925143,33105601,22921639,22474160,25789218,26749519,1412663,1572965,45971,105826,6.79,27.62,7.32,100,0.45,8.73,81.7,88.26,ALFIAN,"ZUARNI OEMAR, JOHN MAFERDI"
5/21/2025 20:59,2021,Maret,Provinsi Sumatera Barat,Kab. Padang Pariaman,601922-PT Bank Perekonomian Rakyat Pembangunan Kabupaten Padang Pariaman,601922-PT Bank Perekonomian Rakyat Pembangunan Kabupaten Padang Pariaman,12654858,12819826,8481808,9217000,5609647,6325798,65812,233934,"-76,648",24227,17.53,104.36,12.96,100,-0.58,15.04,70.92,118.1,"SYAFRIYANTO, S.PD, MUHAMMAD ISHAK, SH",JONPRIADI
5/21/2025 20:59,2021,Maret,Provinsi Sumatera Barat,Kab. Solok Selatan,601190-PT BPR Pakan Rabaa Solok Selatan,601190-PT BPR Pakan Rabaa Solok Selatan,5114814,4899949,4515532,4369917,4400540,4213396,113606,99833,"-4,700","-18,648",5.33,19.59,6.5,100,-0.09,18.12,91.16,100.09,NOVA RIDANETI,MUHAMMAD TULUS
5/21/2025 20:59,2021,Maret,Provinsi Sumatera Barat,Kab. Tanah Datar,601182-PT. BPR Carano Nagari,601182-PT. BPR Carano Nagari,0,0,0,0,0,0,0,0,0,0,0,0,0,0,0,0,0,0,,
5/21/2025 20:59,2021,Maret,Provinsi Sumatera Barat,Kab. Pesisir Selatan,600252-PT Bank Perekonomian Rakyat Lengayang,600252-PT Bank Perekonomian Rakyat Lengayang,50100214,45840684,40791071,39239019,43728519,39382167,0,0,202939,289761,2.3,19.22,2.84,103.08,0.44,13.08,82.89,89.99,"MOHD FATSY TANJUNG, AFLINA","SYOFIAN SARA, AGUSTAPRIA, DANA PENSIUN BPD SUMBAR"
5/21/2025 20:59,2021,Maret,Provinsi Sumatera Barat,Kab. Pesisir Selatan,602013-PT BPR Mitra Bunda Mandiri,602013-PT BPR Mitra Bunda Mandiri,0,0,0,0,0,0,0,0,0,0,0,0,0,0,0,0,0,0,,
5/21/2025 20:59,2021,Maret,Provinsi Sumatera Barat,Kab. Pesisir Selatan,601227-PT BPR Mitra Danagung,601227-PT BPR Mitra Danagung,0,0,0,0,0,0,0,0,0,0,0,0,0,0,0,0,0,0,,
5/21/2025 21:00,2021,Maret,Provinsi Sumatera Barat,Kab. Pesisir Selatan,601224-PT BPR Batang Tarusan,601224-PT BPR Batang Tarusan,11363384,11116337,8333024,9200576,9852668,9653579,489192,393821,3759,51172,7.61,18.81,8.38,97.25,0.05,39.32,80.52,98.82,"Arisdianto, SH, Rizal Mahdi, SE","Yuri Hardian M, Heppy Mustafa"
5/21/2025 21:00,2021,Maret,Provinsi Sumatera Barat,Kab. Pesisir Selatan,600249-PT Bank Perekonomian Rakyat Gema Pesisir,600249-PT Bank Perekonomian Rakyat Gema Pesisir,79407900,73762454,58663859,59669118,72044711,66915035,0,99,353170,414385,2.25,16.15,1.89,100,0.52,6.87,77.19,87.65,"WAJDI, SE, YANCE TRISNAWATI, SH","BACHTARUDDIN, SE"
5/21/2025 21:00,2021,Maret,Provinsi Sumatera Barat,Kab. Pesisir Selatan,602552-PT. BPR Samudera,602552-PT. BPR Samudera,21958019,20043193,17678450,17739205,15763041,13342572,2706,502051,124492,176670,4.8,47.6,6.37,100,0.63,7.73,87.07,83.93,"ALGUSRIANDI SE, JON KENEDY SAG","H SUMARDI SE, H BASRAL ISMAIL SE"
5/21/2025 21:00,2021,Maret,Provinsi Sumatera Barat,Kab. Tanah Datar,601197-PT Bank Perekonomian Rakyat Gudam,601197-PT Bank Perekonomian Rakyat Gudam,9308584,9093543,3034958,3110505,8592977,8448696,"-373,287","-446,640",20178,22771,5.81,18.42,2.77,100,0.47,11.69,34.02,92.82,"MASRIL, ASRIHARDI","SUDIRMAN M, SYMSUARDI"
5/21/2025 21:00,2021,Maret,Provinsi Sumatera Barat,Kab. Pesisir Selatan,601225-PT Bank Perekonomian Rakyat Batang Kapas,601225-PT Bank Perekonomian Rakyat Batang Kapas,34137074,34330539,26857064,28040298,27165083,27446253,690144,649185,155662,158101,1.52,33.67,2.96,100,0.52,5.15,83.6,86.84,"SHAFYUZIR PRANATA, AFRIANI","SYOFIAN SARA, NUSYIRWAN NUR"
5/21/2025 21:00,2021,Maret,Provinsi Sumatera Barat,Kab. Tanah Datar,601183-PT. BPR Rangkiang Nagari,601183-PT. BPR Rangkiang Nagari,6862929,7164323,4063100,3843811,5663584,6062868,"-1,176,861","-1,324,272",61031,110552,11.98,33.38,7.02,100,1.25,5.79,62.47,84.95,"YEFRIZAL,B.SC","IRWAN IS,SH CRBC"
5/21/2025 21:00,2021,Maret,Provinsi Sumatera Barat,Kab. Tanah Datar,600253-PT. BPR Pariangan,600253-PT. BPR Pariangan,60608974,59406588,53109669,53878431,54445713,53295562,0,0,163261,111026,2.95,14.1,4.93,100,0.26,10.97,106.33,91.97,"DENDRI, EVA MELLYA,SE",OSKAR
5/21/2025 21:00,2021,Maret,Provinsi Sumatera Barat,Kab. Tanah Datar,601198-PT Bank Perekonomian Rakyat Batang Selo,601198-PT Bank Perekonomian Rakyat Batang Selo,18823934,17731297,14380619,15044568,15705238,14955151,1436487,1258859,"-76,506",65022,6.44,29.65,6.44,88.34,1.1,9.43,80.71,93.01,"ZAZWELNEFI, DELFERI","SYAFARUDDIN, DEL EFDI"
5/21/2025 21:00,2021,Maret,Provinsi Sumatera Barat,Kab. Tanah Datar,601200-PT BPR LPN PANDAI SIKEK,601200-PT BPR LPN PANDAI SIKEK,3144649,2921847,2063173,1778015,2343476,2087898,243553,238264,"-27,356",10709,4.38,35.1,5.36,100,1.11,52.6,93.84,87.8,FEBRIANTY,NASRUL
5/21/2025 21:00,2021,Maret,Provinsi Sumatera Barat,Kab. Tanah Datar,601201-PT. BPR Luhak Nan Tuo,601201-PT. BPR Luhak Nan Tuo,2023549,2939699,1025220,1411651,1818197,2760124,"-1,953,815","-1,910,944","-10,367","-21,015",4.73,24.97,3.54,100,-1.37,19.06,52.48,111.92,RINA HASTUTI,ZULFI
5/21/2025 21:00,2021,Maret,Provinsi Sumatera Barat,Kab. Tanah Datar,601199-PT BPR Balerong Bunta,601199-PT BPR Balerong Bunta,11035861,10513916,8243731,6157582,8043741,9380689,151746,127995,"-210,064","-219,356",3.95,44.38,3.66,100,-1.93,24.9,79.42,155.27,"YUZAKKI AZWAR, SE, UBAIDI","MUZNI JAMAL DT.BIJAYO, IR.H. SYAIFUL ZEIN"
5/21/2025 21:00,2021,Maret,Provinsi Sumatera Barat,Kab. Tanah Datar,601202-PT. BPR Batipuh,601202-PT. BPR Batipuh,9496679,10530809,7222896,8384039,8629826,9294562,24591,167948,"-191,144",34893,4.37,17.54,3.79,98.73,-2.01,28.11,70.65,169.04,"AKHYAR WALI, ZALFONDRA",TARISNAN
5/21/2025 21:01,2021,Maret,Provinsi Sumatera Barat,Kab. Tanah Datar,601206-PT. BPR Andalas Baruh Bukit,601206-PT. BPR Andalas Baruh Bukit,47847712,47544622,33732350,39396187,41082037,40759485,0,0,"-152,753",121667,11.3,30.68,9.43,100,-0.31,10.83,76.76,111.73,"SABARUDDIN, SE, YUSNIATI, SS","ROSDANIAR, S.KM.MM, DEL EFDI, SE"
5/21/2025 21:01,2021,Maret,Provinsi Sumatera Barat,Kab. Tanah Datar,601204-PT. BPR CAHAYA INTAN MANDIRI,601204-PT. BPR CAHAYA INTAN MANDIRI,2769860,2818787,1245758,1212192,2102507,2105870,"-110,044","-24,603","-13,750","-53,627",7.18,48.99,6.7,100,-0.5,32.53,48.35,117.68,"WIRDANINGSIH, VERA FITRI YENTI,SE","IR. YULNAN, DUFTI RAHIM"
5/21/2025 21:01,2021,Maret,Provinsi Sumatera Barat,Kab. Tanah Datar,601205-PT BPR LPN Padang Magek,601205-PT BPR LPN Padang Magek,3699051,4298904,2199565,2799167,3418698,3952762,"-485,980","-427,022","-51,789","-24,958",12.89,12.48,13.79,100,-1.4,40.97,70.45,133.18,"Suhaili Anwar, Albert Rangkuti",
5/21/2025 21:01,2021,Maret,Provinsi Sumatera Barat,Kab. Sawahlunto/Sijunjung,600247-PT. BPR Mutiara Nagari,600247-PT. BPR Mutiara Nagari,7392694,7944519,3977623,5018860,6203540,6750908,"-922,348","-987,858",953,70920,17.93,26.89,17.47,100,0.01,37.47,64.06,97.88,YOSPI HENDRA,"DASRIL, SYAIFUDDIN TAMIN"
5/21/2025 21:01,2021,Maret,Provinsi Sumatera Barat,Kab. Tanah Datar,601207-PT Bank Perekonomian Rakyat Pagaruyung,601207-PT Bank Perekonomian Rakyat Pagaruyung,53132214,54091839,37730627,36837162,46713027,47778319,114388,2717873,50175,278223,10.34,24.36,8.08,100,0.09,17.69,75.12,96.27,"NOFRIAL, RIKY ELDI FEBRIAN","SYAMSIR PANJI ALAM, JANUAR"
5/21/2025 21:01,2021,Maret,Provinsi Sumatera Barat,Kab. Sawahlunto/Sijunjung,601166-PT BPR LPN Kampung Dalam,601166-PT BPR LPN Kampung Dalam,7728460,8465337,5842170,6038266,6951844,7381238,"-439,964",82066,108849,"-105,698",30.12,15.12,30.26,100,-3.51,20.6,90.26,75.66,"Ir Alfian, Desi Gusti","Harry Syafruddin, Ir. Asri Antipen Dt. Paduko Rajo, MM"
5/21/2025 21:01,2021,Maret,Provinsi Sumatera Barat,Kab. Sawahlunto/Sijunjung,601229-PT. BPR Bukit Cati Pematang Panjang,601229-PT. BPR Bukit Cati Pematang Panjang,17364404,17576467,10669583,10113888,14895015,15322204,1081484,842985,11672,35045,15.77,20.7,14.04,100,0.08,44.06,68.09,97.33,"NASRUDDIN, AMd, EKI AFDAYANTI, SE","DESRIWAN,SE, APRIL MARSAL, SPd"
5/21/2025 21:01,2021,Maret,Provinsi Sumatera Barat,Kab. Sawahlunto/Sijunjung,601228-PT BPR Muaro Bodi,601228-PT BPR Muaro Bodi,13322361,12430250,6974099,7567726,8725724,8184977,2017554,1664766,23212,24636,8.91,58.97,4.13,100,0.21,47.54,60.6,95.01,"FADHLI, ELIMI YANTI","IRSAL, H MARLINIS SE"
5/21/2025 21:01,2021,Maret,Provinsi Sumatera Barat,Kab. Sawahlunto/Sijunjung,601159-PT BPR Batang Palangki Mandiri,601159-PT BPR Batang Palangki Mandiri,14451208,13927720,7400710,7476242,9767819,9615609,1985007,1626911,85143,72268,1.55,58.49,2.39,100,0.64,61.88,55.53,83.77,"ELIZA JUMNALISTRA,SE, SEFTINA ADRIAN, SE","Drs, AFRISON SALEH, DAUD PANE"
5/21/2025 21:01,2021,Maret,Provinsi Sumatera Barat,Kab. Sawahlunto/Sijunjung,601167-PT BANK PEREKONOMIAN RAKYAT DHARMA NAGARI,601167-PT BANK PEREKONOMIAN RAKYAT DHARMA NAGARI,23013733,20780836,17247470,16373110,20364873,18104622,"-1,262,151","-1,272,573","-140,361","-102,585",8.17,20.24,5.16,100,-0.65,22.83,79.62,119.14,Yusmardi Effendi,Jonson Putra
5/21/2025 21:02,2021,Maret,Provinsi Sumatera Barat,Kab. Sawahlunto/Sijunjung,601230-PT. BPR Sijunjung,601230-PT. BPR Sijunjung,8239114,10923255,4887940,5480000,7668024,10379976,"-788,995","-794,220","-20,848",16566,19.39,10.57,17.81,100,-0.25,21.24,56.8,109.97,"Nalhasmi.SE, Susrawita,SE","H.Edrizon Effendi SE, Syahrial Zein, H.Edrizon Effendi,SE"
5/21/2025 21:02,2021,Maret,Provinsi Sumatera Barat,Kab. Kepulauan Mentawai,602549-PT Bank Perekonomian Rakyat Pagai Utara Selatan,602549-PT Bank Perekonomian Rakyat Pagai Utara Selatan,6234614,5845511,5719577,5133732,5331662,4961708,"-1,688,531","-1,846,669","-98,696",40293,10.98,14.64,18.84,175.06,3.16,4.75,102.14,99.63,AKHYAR,JAN WINNEN SIPAYUNG
5/21/2025 21:02,2021,Maret,Provinsi Sumatera Barat,Kab. Kepulauan Mentawai,602551-PT. BPR Sipora,602551-PT. BPR Sipora,17976694,16995760,16136335,15734755,13146251,12348430,1929318,1326486,"-166,185",253534,1.31,28.36,3.02,100,1.2,6.78,98.95,95.27,,
5/21/2025 21:02,2021,Maret,Provinsi Sumatera Barat,Kota Bukittinggi,602538-PT BPRS Jam Gadang Perseroda,602538-PT BPRS Jam Gadang Perseroda,0,0,0,0,0,0,0,0,0,0,0.55,40.35,1.4,100,1.14,8.71,90.86,82.77,"FERI IRAWAN, DEWI FITRIA","RISMAL HADI, USKAVINOV"
5/21/2025 21:02,2021,Maret,Provinsi Sumatera Barat,Kab. Solok,601192-PT BPR X Koto Singkarak,601192-PT BPR X Koto Singkarak,28298521,27724877,20214164,18034584,21957495,21045532,713554,1745601,180406,196768,0.81,37.62,2.07,100,0.72,4.84,75.42,80.63,"Juswarni, Elva Siswari",Edwarli
5/21/2025 21:02,2021,Maret,Provinsi Sumatera Barat,Kab. Dharmasraya,602015-PT. BPR Sungai Rumbai,602015-PT. BPR Sungai Rumbai,6184413,5686489,4091284,4273769,5799302,5148008,"-986,185","-912,004","-58,610",20579,17.36,11.59,10.19,100,-0.45,22.5,70.96,106.38,,
5/21/2025 21:02,2021,Maret,Provinsi Sumatera Barat,Kab. Dharmasraya,601164-PT BPR LPN Sungai Rumbai,601164-PT BPR LPN Sungai Rumbai,75741379,69260540,31587330,37107931,66775183,59977451,2666480,2842634,163276,304015,2.01,24,5.69,100,0.81,31.6,50.05,85.71,"H PARMAN SE MM, ERAWATI SE","H RASUL HAMIDI, YAYAN SUKMA SE MM"
5/21/2025 21:02,2021,Maret,Provinsi Sumatera Barat,Kota Padang,602545-PT BPR Budisetia,602545-PT BPR Budisetia,0,0,0,0,0,0,0,0,0,0,0,0,0,0,0,0,0,0,,
5/21/2025 21:02,2021,Maret,Provinsi Sumatera Barat,Kab. Solok,602014-PT. BPR Mos Muara Panas,602014-PT. BPR Mos Muara Panas,5017822,5090586,2366784,2435783,3997583,4306854,104620,"-122,601",57154,47868,8.64,41.41,4.86,100,1.28,20.88,50.67,75.1,,FERRY ACHMADSYAH
5/21/2025 21:02,2021,Maret,Provinsi Sumatera Barat,Kota Bukittinggi,601171-PT BPR Rangkiang Aur Denai,601171-PT BPR Rangkiang Aur Denai,77415399,79751743,56055432,57684883,70765967,70974046,2993437,4415033,"-450,015",256654,3.8,18.09,3.46,100,-0.58,23.08,74.75,119.48,"NASFI, DODI YULI SATRIA, GUSMAN DODI","SYAFRUDDIN, DRS. AZMI SJABDUDDIN"
5/21/2025 21:02,2021,Maret,Provinsi Sumatera Barat,Kab. Solok,600250-PT. BPR Gunung Talang,600250-PT. BPR Gunung Talang,15395995,16300489,11928364,12893538,13014849,13973174,1063762,1005408,47443,51966,10.28,20.36,13.1,100,0.33,13.37,96.23,94.34,"ZAINAL PUTRA SAID, SE, NELMAYANTI, SE","YUTITA YAUNIN, SYUKRI ZARKOVIC"
5/21/2025 21:02,2021,Maret,Provinsi Sumatera Barat,Kota Padang,601154-PT. BPR Central Micro,601154-PT. BPR Central Micro,2409257,1346222,847165,846802,2308627,1126426,"-2,481,319","-2,332,565","-28,051","-57,639",20.81,8.79,8.33,104.07,-4.72,29.2,73.09,146.69,Dewi Sudiarni,"H. Endrizal, SE.M.Si"
5/21/2025 21:02,2021,Maret,Provinsi Sumatera Barat,Kota Sawahlunto,601160-PT. BPR Cahaya Nagari,601160-PT. BPR Cahaya Nagari,0,0,0,0,0,0,0,0,0,0,0,0,0,0,0,0,0,0,,
5/21/2025 21:02,2021,Maret,Provinsi Sumatera Barat,Kota Padang,601173-PT BPR Raga Dana Sejahtera,601173-PT BPR Raga Dana Sejahtera,23193982,20627697,20847360,18413438,19455013,17402138,554370,144057,181781,78684,5.38,25.01,5.53,100,1.13,9.81,95.63,78.88,"SEPTIDERYA MUSFA, RIKO PUTRA","LEMPANG SIREGAR, ADE ANNISA"
5/21/2025 21:02,2021,Maret,Provinsi Sumatera Barat,Kota Padang,602592-PT BPR Stigma Andalas,602592-PT BPR Stigma Andalas,0,0,0,0,0,0,0,0,0,0,0,0,0,0,0,0,0,0,,
5/21/2025 21:03,2021,Maret,Provinsi Sumatera Barat,Kota Padang Panjang,601212-BPR LPN Kampung Manggis,601212-BPR LPN Kampung Manggis,0,0,0,0,0,0,0,0,0,0,0,0,0,0,0,0,0,0,,
5/21/2025 21:03,2021,Maret,Provinsi Sumatera Barat,Kota Padang,601172-PT BPR Tjahaja Baru,601172-PT BPR Tjahaja Baru,13150529,9732617,8779669,4430986,4119109,1455340,"-552,368","-1,226,589",183788,103866,1.4,94.74,1.04,100,1.41,54.15,70.28,61.85,"MAIDELVI INDRA, MARCELLINUS JOKO ANGGORO","ROSMAN ANWAR, JIMMY GANI"
5/21/2025 21:03,2021,Maret,Provinsi Sumatera Barat,Kota Padang,601194-PT. BPR Lubuk Raya Mandiri,601194-PT. BPR Lubuk Raya Mandiri,7466917,10083827,5553645,6825729,6223036,7982711,"-4,165,466","-3,530,006","-347,148","-125,373",4.49,27.55,8.45,100,-4.15,14.25,81.28,236.3,"GUSPAR, SE",SYAMSUL BAHRI DJ
5/21/2025 21:03,2021,Maret,Provinsi Sumatera Barat,Kota Padang,601186-PT Bank Perekonomian Rakyat Lugas Dana Mandiri,601186-PT Bank Perekonomian Rakyat Lugas Dana Mandiri,8088788,9671096,6421620,7685891,6644490,8058045,"-490,517","-237,865",2744,"-81,155",12.08,27.31,13.96,100,0.03,10.33,99.02,99.21,"ARISMAN SUSANTO,SH, YOSSEF MENDRA NOFA,AMD","ASRIL ADJIS, B.AC, HENRIZONI, SH.,MH"
5/21/2025 21:03,2021,Maret,Provinsi Sumatera Barat,Kota Payakumbuh,601157-PT. BPR Rangkiang Denai,601157-PT. BPR Rangkiang Denai,0,0,0,0,0,0,0,0,0,0,0,0,0,0,0,0,0,0,,
5/21/2025 21:03,2021,Maret,Provinsi Sumatera Barat,Kota Padang,601222-PT. BPR Cempaka Mitra Nagari,601222-PT. BPR Cempaka Mitra Nagari,8679274,10387925,5375025,6800578,8049453,9303909,"-3,706,827","-3,286,493","-33,352",509,11.23,18.37,7.63,100,-2,11.1,66.94,125.32,EDDY FEBRIAN,"ROSMAN ANWAR, REVALDI RAMLI"
5/21/2025 21:03,2021,Maret,Provinsi Sumatera Barat,Kota Sawahlunto,601161-PT BPR Durian Mandiri,601161-PT BPR Durian Mandiri,14008741,12478963,9089611,8181547,10925843,9714534,1497663,1188009,74565,65750,4.31,40.34,3.4,100,2.42,10.22,69.78,86.08,"IRNA NOVIDA, MARNIS AHMAD","DASRIL MUNIR, MARLINIS"
5/21/2025 21:03,2021,Maret,Provinsi Sumatera Barat,Kota Solok,601185-PT BPR Solok Sakato,601185-PT BPR Solok Sakato,25566986,25252265,21979346,20326600,19105954,18145707,2582055,3187847,190790,230524,0.56,38.83,0.85,100,0.81,13.94,94.34,78.94,"H. AFDHAL  Z, SH, H. SYAMSURIZAL, SE","FERRY ACHMADSYAH, SE, SYOFYAN JAMAL"
5/21/2025 21:03,2021,Maret,Provinsi Sumatera Barat,Kota Solok,601193-PT. BPR Prima Mulia Anugrah,601193-PT. BPR Prima Mulia Anugrah,20472552,18217904,13764162,12873100,17276238,15101258,"-1,539,952","-1,619,140",26365,25885,3.96,28.23,5.02,100,0.33,21.67,71.82,90.95,"ZULFITRI, DESI SUSANTI","MAYA DEVITA AZWAR ANAS, ZALFITRIN"
5/21/2025 21:03,2021,Maret,Provinsi Sumatera Barat,Kota Sawahlunto,601162-PT BPR Kota Arang Sejahtera,601162-PT BPR Kota Arang Sejahtera,7236384,6680827,4618301,4850350,6592161,6011653,47939,15181,"-3,716",53993,6.04,18.96,8.6,100,-0.05,25.03,69.08,101.05,"ENTI SILVIA, YAN ANDESMAL","YUSRI, ADRIAN JALINOES"
5/21/2025 21:04,2021,Maret,Provinsi Sumatera Barat,Kota Solok,601180-PT. BPR Surya Katialo,601180-PT. BPR Surya Katialo,9350963,9646267,7064421,7502332,6421957,6851579,754162,592390,24844,52298,4.5,53.46,4.33,100,0.3,24.69,90.87,93.2,"ISNANDAR, HENDRA YUHARMAIN.H",ISMAL BASRI
5/21/2025 21:04,2021,Maret,Provinsi Riau,Kab. Kampar,602084-PT. BPR Bumi Riau Insani,602084-PT. BPR Bumi Riau Insani,0,0,0,0,0,0,0,0,0,0,0,0,0,0,0,0,0,0,,
5/21/2025 21:04,2021,Maret,Provinsi Riau,Kab. Bengkalis,601178-PT. BPR Mandar,601178-PT. BPR Mandar,0,0,0,0,0,0,0,0,0,0,0,0,0,0,0,0,0,0,,
5/21/2025 21:04,2021,Maret,Provinsi Sumatera Barat,Kota Sawahlunto,601163-PT BPR Lumbung Pitih Nagari Talawi Sakato,601163-PT BPR Lumbung Pitih Nagari Talawi Sakato,14627419,15057833,9808335,9711357,10608934,11295976,1483231,1219001,45165,52767,1.22,50.29,1.22,100,0.35,22.57,72.23,91.78,"IMRAN, JHONNY N","YORI GEMITIA PUTRI, DESDI"
5/21/2025 21:04,2021,Maret,Provinsi Sumatera Barat,Kota Pariaman,601219-PT BPR LA Mangau Sejahtera,601219-PT BPR LA Mangau Sejahtera,6085787,5979460,3689870,3443082,4108732,3910558,"-78,932","-9,926","-38,381","-15,540",10.72,58.87,12.25,100,-0.9,30.9,72.55,109.01,"SYAIFUL BAHRI, ROSI SUSILAWATI","DJAYA SATRIA, IKHWAN IDHAM"
5/21/2025 21:04,2021,Maret,Provinsi Sumatera Barat,Kota Pariaman,601218-PT BPR Tri Capital Investama Sumbar,601218-PT BPR Tri Capital Investama Sumbar,51006381,47199391,43915071,41868191,42891852,39052079,0,774960,371969,438065,2.12,34.43,1.63,100,0.83,12.75,94.12,80.77,"MARDISWAR, SE, SYAMSUARDI, SE","DJAJA SATRIA, SE, IKHWAN IDHAM"
5/21/2025 21:04,2021,Maret,Provinsi Riau,Kab. Bengkalis,600013-PT Bank Perekonomian Rakyat Nusantara Bona Pasogit 24,600013-PT Bank Perekonomian Rakyat Nusantara Bona Pasogit 24,17520571,17020644,10309262,10429986,12439997,12925547,3680739,2685551,199835,209546,2.4,51.21,1.27,100,5.75,14.7,63.54,76.61,"Parlagutan Manalu, YATI ROSELINCE SITOMPUL","HERMAN, PT NUSANTARA BONA PASOGIT, PT NUSANTARA BONA PASOGIT, YAN WALTER LUMBAN GAOL, RICARDO SIMATUPANG, MULANA HUTABARAT"
5/21/2025 21:04,2021,Maret,Provinsi Riau,Kab. Kampar,602042-PT Bank Perekonomian Rakyat Sarimadu (Perseroda),602042-PT Bank Perekonomian Rakyat Sarimadu (Perseroda),134486285,136634272,111220862,120216434,106821856,107521618,"-13,753,095","-12,497,519","-1,188,317","-995,668",13.96,20.2,16.2,100,-0.94,9.8,90.8,119.07,"YORDAN, ERSA FITHRI","ARMAN, SUDIARTO, PEMDA KAMPAR"
5/21/2025 21:04,2021,Maret,Provinsi Riau,Kab. Kuantan Singingi,602613-PT BPR Cempaka Mitra Nagori Kuansing,602613-PT BPR Cempaka Mitra Nagori Kuansing,0,0,0,0,0,0,0,0,0,0,0,0,0,0,0,0,0,0,,
5/21/2025 21:04,2021,Maret,Provinsi Riau,Kab. Bengkalis,600858-PT Bank Perekonomian Rakyat Mitra Arta Mulia,600858-PT Bank Perekonomian Rakyat Mitra Arta Mulia,178678190,154810105,72660988,75447229,162661528,139756028,9651050,8497985,365612,556092,6.18,29.46,6.87,100,0.99,7.3,41.91,89.45,"EDI,SMN.CRBD, SRI SUDARNO","AFENDI,SE, ADIE PRAJNAWIRA.SAG"
5/21/2025 21:04,2021,Maret,Provinsi Riau,Kota Pekanbaru,600186-PT Bank Perekonomian Rakyat Artha Margahayu,600186-PT Bank Perekonomian Rakyat Artha Margahayu,57892147,60833592,38043929,38457788,50083470,53212311,"-972,258","-1,648,765","-221,065",268046,16.65,30.61,12.67,100,0.34,6.54,68.78,98.8,WILLY SAPUTRA,"ABDUL WAHAB, DJUNAID, DJUNAID"
5/21/2025 21:04,2021,Maret,Provinsi Riau,Kab. Rokan Hulu,602561-Perumda BPR Rokan Hulu,602561-Perumda BPR Rokan Hulu,37294600,32720261,25260109,19068863,29393877,25138821,"-2,361,926","-2,645,957","-268,509","-303,761",6.63,34.55,8.42,99.37,0.95,10.88,80.58,96.67,"ANGGI FIRMANSYAH, ST","DR. EMRIZAL MAHIDIN TAMBOESAI, MH, Msi, DR. SUDARNO, S.Pd, MM, BKP, PEMKAB ROKAN HULU"
5/21/2025 21:05,2021,Maret,Provinsi Riau,Kab. Bengkalis,601870-PT Bank Perekonomian Rakyat Terabina Seraya Mulia,601870-PT Bank Perekonomian Rakyat Terabina Seraya Mulia,267633273,213632190,115755908,141531476,227635261,176070993,13888425,11459588,1198540,1190562,11.83,31.07,6.57,100,2.83,8.41,46.19,70.28,"ELVI RACHMI, TINI","HARTONO, JEFFRY SETIADY"
5/21/2025 21:05,2021,Maret,Provinsi Riau,Kota Pekanbaru,602041-PT Bank Perekonomian Rakyat Unisritama,602041-PT Bank Perekonomian Rakyat Unisritama,32522487,31970262,16419143,17125877,23773986,22763636,0,417369,"-7,313",102358,0.64,73.06,1.32,100,-0.02,10.59,53.57,100.8,"NANCY TAHAR, PARHAN","RIKA PUSPA AYU, EKO ATMOJO, YLPI DAERAH RIAU"
5/21/2025 21:05,2021,Maret,Provinsi Riau,Kab. Pelalawan,602610-PT Bank Perekonomian Rakyat Dana Amanah (Perseroda),602610-PT Bank Perekonomian Rakyat Dana Amanah (Perseroda),20876804,19521664,15061606,16060184,13956799,12146144,"-7,458,795","-6,999,883",36578,33181,13.52,59.47,12.93,100,-17.75,31.89,78.47,114.91,"NURFAJRI, RAZALI EFFENDI MY, SE","DRS. H. TENGKU MUKHLIS. M. SI, SYAHRUL, SE.MM, PEMDA KAB. PELALAWAN"
5/21/2025 21:05,2021,Maret,Provinsi Riau,Kota Pekanbaru,600849-PT Bank Perekonomian Rakyat Payung Negeri Bestari,600849-PT Bank Perekonomian Rakyat Payung Negeri Bestari,26465763,29206013,15397086,17595454,20359103,22965577,1894685,2094715,5390,"-55,864",14.46,48.35,10.95,100,-0.4,11.78,66.7,103.04,"YULI ANDESRA, MUHAMMAD IRFAN","HERLIN MANDHASARI, MUHAMMAD INDRAHADI"
5/21/2025 21:05,2021,Maret,Provinsi Riau,Kota Pekanbaru,602589-PT BPR Indomitra Mega Kapital,602589-PT BPR Indomitra Mega Kapital,0,0,0,0,0,0,0,0,0,0,0,0,0,0,0,0,0,0,,
5/21/2025 21:05,2021,Maret,Provinsi Riau,Kota Pekanbaru,602065-PT Bank Perekonomian Rakyat Mitra Rakyat Riau,602065-PT Bank Perekonomian Rakyat Mitra Rakyat Riau,19233380,18764440,12060557,14854157,12423528,11456677,0,206378,172284,480190,10.19,60.34,10.7,103.73,3.2,44.94,72.03,88.99,"AHMAD AFANDI, ZULFAHMI EKA PUTRA",FIRDAUS DARWIS
5/21/2025 21:05,2021,Maret,Provinsi Riau,Kota Pekanbaru,601177-PT Bank Perekonomian Rakyat Cempaka Wadah Sejahtera,601177-PT Bank Perekonomian Rakyat Cempaka Wadah Sejahtera,33101719,22680065,20042985,17835526,29883520,20163742,"-7,188,909","-7,183,586",137108,"-70,091",3.86,24.99,3.09,100,3.05,16.42,64.73,95.43,"JULKADRI, SYAWALUDIN","ALI RAHMAN, EKO ATMOJO"
5/21/2025 21:05,2021,Maret,Provinsi Riau,Kota Pekanbaru,602554-PT Bank Perekonomian Rakyat Tuah Negeri Mandiri,602554-PT Bank Perekonomian Rakyat Tuah Negeri Mandiri,12737812,13423787,9625628,8861160,9537567,11983139,"-1,102,615","-1,152,085",92860,"-217,267",18.84,55.28,13.78,100,2.99,21.79,85.7,88.69,"PANCA TERRIANDA, SE","H. AMIR YUSUF, AMIR YUSUF"
5/21/2025 21:05,2021,Maret,Provinsi Riau,Kota Pekanbaru,602559-PT Bank Perekonomian Rakyat Pekanbaru Madani (Perseroda),602559-PT Bank Perekonomian Rakyat Pekanbaru Madani (Perseroda),36429003,29976231,25053338,17259722,30364920,25140024,"-1,995,475","-2,465,737",59458,301844,1.53,25.35,2.64,100.22,1.09,22.26,84.25,101.44,"AKHMAD FAUZI LINDUNG LUBIS, ALBADRI","MUS ALIMIN, SYAHRUL"
5/21/2025 21:05,2021,Maret,Provinsi Riau,Kota Pekanbaru,602572-PT Bank Perekonomian Rakyat Universal Karya Mandiri Riau,602572-PT Bank Perekonomian Rakyat Universal Karya Mandiri Riau,38043842,36034689,26077593,24950765,31033734,29290900,2141679,2336598,316829,279191,4.8,30.18,3.79,100,2.58,17.4,78.38,85.74,"ROMAULI SIMARMATA, HOTLAN PANE","GEDE WIDIADA, HARINO KUSUMO SE MM, PT. GANDA GRAHA NUSANTARA"
5/21/2025 21:05,2021,Maret,Provinsi Riau,Kota Pekanbaru,602677-PT. BPR Putra Riau Mandiri,602677-PT. BPR Putra Riau Mandiri,0,0,0,0,0,0,0,0,0,0,0,0,0,0,0,0,0,0,,
5/21/2025 21:05,2021,Maret,Provinsi Riau,Kota Pekanbaru,602663-PT.BPR Faiza Pradani Andi,602663-PT.BPR Faiza Pradani Andi,0,0,0,0,0,0,0,0,0,0,0,0,0,0,0,0,0,0,,
5/21/2025 21:05,2021,Maret,Provinsi Riau,Kota Pekanbaru,602586-PT Bank Perekonomian Rakyat Delta Dana Mandiri,602586-PT Bank Perekonomian Rakyat Delta Dana Mandiri,13801572,20514716,9318889,14751809,12365636,19092847,"-5,309,651","-4,803,268",186587,66137,22.31,23.94,18.27,100,-1.94,25.95,72.87,103.34,WAN KHAIRUL AZMI,"MARDI SANTOSA, MULJADI DJAJA"
5/21/2025 21:06,2021,Maret,Provinsi Riau,Kota Pekanbaru,602651-PT Bank Perekonomian Rakyat Duta Perdana,602651-PT Bank Perekonomian Rakyat Duta Perdana,8400055,5799958,2782276,3646266,3702958,4559482,"-5,834,897","-5,650,247","-68,006","-109,277",14.64,113.48,9.38,94.03,-1.45,23.96,41.13,110.39,RUDI,PEMERINTAH PROVINSI RIAU
5/21/2025 21:06,2021,Maret,Provinsi Riau,Kota Pekanbaru,602583-PT Bank Perekonomian Rakyat Harta Mandiri,602583-PT Bank Perekonomian Rakyat Harta Mandiri,26686591,27666355,12974598,13462207,16962513,18634381,7933548,7301342,92415,32517,11.84,95.08,8.94,100,0.34,13.87,54.14,91.54,"JANSEN LINGGA, ALI SYAHBANA","SIM ENG LIAN, SUAINIE"
5/21/2025 21:06,2021,Maret,Provinsi Riau,Kota Pekanbaru,602609-PT. BPR Tunas Mitra Mandiri,602609-PT. BPR Tunas Mitra Mandiri,26232931,20141139,21163425,15183485,24240983,18714184,"-8,281,822","-7,065,114",148770,"-257,931",10.58,15.11,12.15,100,-3.04,6.6,87.77,113.37,"JOHN RICARDO SILALAHI, YANTO",SONY CHAZALI
5/21/2025 21:06,2021,Maret,Provinsi Riau,Kota Pekanbaru,602678-PT Bank Perekonomian Rakyat Anugerah Bintang Sejahtera,602678-PT Bank Perekonomian Rakyat Anugerah Bintang Sejahtera,47355539,36832571,30565542,25180509,43806806,33750750,"-5,989,829","-6,396,801",138562,78622,6.95,21.07,5.18,100,0.32,16.52,67.82,92.1,"PARIKOH, FEDRI HANTONI",RAHMAWATI
5/21/2025 21:06,2021,Maret,Provinsi Riau,Kota Pekanbaru,602564-PT Bank Perekonomian Rakyat Mandiri Jaya Perkasa,602564-PT Bank Perekonomian Rakyat Mandiri Jaya Perkasa,23472497,24499493,15858977,21093611,18711870,20090329,2639730,1696408,"-79,103",512756,11.68,33.5,9.87,100,-0.33,38.39,73.57,107.14,"MANGANTAR,SP","Drs. DJASRIL, MM, HASAN,S.Kom"
5/21/2025 21:06,2021,Maret,Provinsi Riau,Kota Pekanbaru,602735-PT Bank Perekonomian Rakyat Putra Mahkota Mandiri,602735-PT Bank Perekonomian Rakyat Putra Mahkota Mandiri,13387514,14433397,11065832,10677237,6971760,8013497,286268,286268,91957,133632,4.18,98.9,3.35,100,0.69,12.36,85.32,85.33,"YUNI WULANDARI PUTRI, SYAFRIL","FATMAWATI, HERRY AMIN"
5/21/2025 21:06,2021,Maret,Provinsi Riau,Kota Pekanbaru,602684-PT Bank Perekonomian Rakyat Fianka Rezalina Fatma,602684-PT Bank Perekonomian Rakyat Fianka Rezalina Fatma,68070435,55956699,52432355,42012620,50700652,41087482,"-1,240,293","-3,664,053",1049465,972659,0.7,60.01,1.26,100,1.77,6.14,86.24,63.54,"AIDA TASSHA FRISKY ADANI., S.IP., M.Si., CRBD","HERMAN, SE"
5/21/2025 21:06,2021,Maret,Provinsi Riau,Kota Pekanbaru,602695-PT Bank Perekonomian Rakyat Arsham Sejahtera,602695-PT Bank Perekonomian Rakyat Arsham Sejahtera,32729893,32310858,21100309,22839932,26125934,25464316,1305354,1314909,303575,597378,23.81,58.42,13.96,100.25,1.18,22.28,75.64,64.24,"Drs. Justinus Purba, MM, Sakura Nasution","Peringatan Simanullang, Radiapo Hasiholan Sinaga, Sintong Lumban raja, Marsulina H"
5/21/2025 21:06,2021,Maret,Provinsi Riau,Kota Dumai,601926-PT Bank Perekonomian Rakyat Dumai Kapital Lestari,601926-PT Bank Perekonomian Rakyat Dumai Kapital Lestari,14534922,15101307,5870161,8102464,7714005,8233961,5609751,5500504,11166,166842,6.93,142.85,4.44,168.13,-0.3,11.91,43.48,103.27,"LENA HENNY TRISKA SE MM, SARI NINGSIH SE","Dr Ir HARRY PATUAN PANJAITAN SE MM, IR NICODEMUS KASAN KURNIAWAN"
5/21/2025 21:06,2021,Maret,Provinsi Riau,Kota Pekanbaru,602712-PT Bank Perekonomian Rakyat Prima Riau Sentosa,602712-PT Bank Perekonomian Rakyat Prima Riau Sentosa,133321366,123416849,87599115,81696877,112130595,106309601,12848738,8977277,1142033,929971,1.43,33.33,0.87,93.8,4.32,9.44,71.54,69.23,"NOFARIZAL, SUGIYANTO","RICHARD KOE, ONG HENDRA"
5/21/2025 21:06,2021,Maret,Provinsi Riau,Kab. Indragiri Hulu,600351-PT Bank Perekonomian Rakyat Gemilang (PERSERODA),600351-PT Bank Perekonomian Rakyat Gemilang (PERSERODA),35935402,34633037,31141888,29132056,15871704,18188671,0,0,"-105,478","-418,980",13.64,76.3,13.14,98.56,2.8,9.74,94.45,82.76,"Syamsuddin, Nurna Indra Evalita","Rudiansyah, Pemerintah Daerah Kabupaten Indragiri Hilir"
5/21/2025 21:06,2021,Maret,Provinsi Riau,Kab. Indragiri Hulu,602011-Perumda BPR Indra Arta,602011-Perumda BPR Indra Arta,33071992,35058888,23923830,24787194,25775538,25923071,"-3,849,107","-1,835,706","-893,870","-1,067,908",14.48,33.58,32.62,101.39,-5.4,13.17,98.35,122.17,"SYAMSUDIN ANWAR, ALWIZAR",RUSDI
5/21/2025 21:06,2021,Maret,Provinsi Sumatera Selatan,Kab. Musi Banyuasin,602540-PT. BPR Musi Artha Surya,602540-PT. BPR Musi Artha Surya,47968864,47154804,28103535,32087126,39873690,39388216,"-1,044,640","-1,407,987",139814,174575,9.32,55.3,4.47,100,1.06,20.52,60.26,92.53,"SUYARTI, ERNIWATI","WANNY SIDDIK, F. HARIJANTO SOETOMO, NG KIM SAN (JOHNY LEO)"
5/21/2025 21:07,2021,Maret,Provinsi Sumatera Selatan,Kab. Musi Banyuasin,601955-PT Bank Perekonomian Rakyat Prabumegah Kencana,601955-PT Bank Perekonomian Rakyat Prabumegah Kencana,115831421,117060572,82300223,82701418,97970027,101782761,3849674,3260067,736739,"-188,908",9.36,31.24,9.11,100,0.95,9.19,84.33,92.99,"LINA, YULIANTY","RIZAL, HARDY YUNNARAGA"
5/21/2025 21:07,2021,Maret,Provinsi Sumatera Selatan,Kab. Ogan Komering Ulu,602679-PT Bank Perekonomian Rakyat Utomo Manunggal Sejahtera Sumsel,602679-PT Bank Perekonomian Rakyat Utomo Manunggal Sejahtera Sumsel,282766538,272151235,227643257,235047502,245992728,240424704,23222805,18701961,1551005,1024570,1.07,18.58,0.97,100,2.43,20.96,83.64,80.86,"KEVIN, MUHAMMAD IMRON, FERRIAL AKSHA","LUNTO HASAN, SETIAWAN NGADI, THAMRIN WAHYU UTOMO, HARYONO UTOMO, LUNTO HASAN, LENY, RUDY HASANUDIN, WELLY SUCIPTO"
5/21/2025 21:07,2021,Maret,Provinsi Sumatera Selatan,Kab. Lematang Ilir Ogan Tengah (Muara Enim),602739-PT Bank Perekonomian Rakyat Muara Enim (Perseroda),602739-PT Bank Perekonomian Rakyat Muara Enim (Perseroda),57386430,49972865,50183361,46477974,37805611,30932447,"-1,078,935","-1,346,411",409754,136829,5.6,39.07,4.87,100,0.73,26.06,99.6,79.33,"DRS. ZAMAN HURY, FAUZIA ISFANDIARY, SE,MM","DR.IR.ABDUL NADJIB,MM, DRS. ARMELLI MENDRI,AK.CA"
5/21/2025 21:07,2021,Maret,Provinsi Sumatera Selatan,Kab. Ogan Komering Ulu Timur,601950-PT Bank Perekonomian Rakyat Musi Arta Lestari,601950-PT Bank Perekonomian Rakyat Musi Arta Lestari,19403952,15743710,6383359,8020763,12783673,9148255,615087,"-98,797","-238,331",450729,13.18,81.98,4.01,100,0.21,80.93,35.85,96.98,"Sri Kusmiyati, SE, Ahmad Shoim, SE","Chandra Kesuma, Joko Dwi Purnomo Johanes, S.Pd"
5/21/2025 21:07,2021,Maret,Provinsi Sumatera Selatan,Kab. Ogan Komering Ulu,602741-PT Bank Perekonomian Rakyat Baturaja (Perseroda),602741-PT Bank Perekonomian Rakyat Baturaja (Perseroda),110070061,98327691,87817284,78468140,95615626,86807593,1054850,"-208,756",252585,168854,1.08,15.6,1.74,100,0.26,18.3,86.21,94.26,"JANUAR HERTANTO, FITRIYADI SUHENDRA","BHAKTI PERDANA DALIMI, ACHMAD TARMIZI, PEMERINTAH DAERAH KABUPATEN OKU, PD PASAR"
5/21/2025 21:07,2021,Maret,Provinsi Sumatera Selatan,Kab. Ogan Ilir,601116-PT Bank Perekonomian Rakyat Cinta Manis Agroloka,601116-PT Bank Perekonomian Rakyat Cinta Manis Agroloka,40207724,47303083,28791378,31412889,28638435,35881899,0,1069619,151305,176776,1.15,40.34,3.97,100,0.28,66.29,80.52,90.18,"SYAMSUDIN, ISWARA D","IYUSHAR GANDA SAPUTRA, BUDI FIRMAN, KOPKAR, BRI AGRONIAGA"
5/21/2025 21:07,2021,Maret,Provinsi Sumatera Selatan,Kota Palembang,601100-PT Bank Perekonomian Rakyat Sukasada,601100-PT Bank Perekonomian Rakyat Sukasada,154043085,133872445,67009693,79383970,133036329,111883761,7772425,8735127,86951,106177,6.96,43.8,4.63,100,1.65,28.62,46.77,84.06,"Ana Stephanie, Imansjah","Matius Selamat Satopoh, Sandriani"
5/21/2025 21:07,2021,Maret,Provinsi Sumatera Selatan,Kab. Banyuasin,601949-PT. BPR Rarat Ganda,601949-PT. BPR Rarat Ganda,26568040,26979967,17042420,20988438,17109160,15006556,793315,2959920,915593,1263519,2.71,47.54,2.52,100,6.2,52.15,65.36,59.25,"BINAHAR HUTAGAOL, PARINO","BINSAR SIMAMORA, ROSAIDAH, LUSERIA SIAGIAN"
5/21/2025 21:07,2021,Maret,Provinsi Sumatera Selatan,Kab. Ogan Komering Ulu,601117-PT Bank Perekonomian Rakyat Agritrans Batumarta,601117-PT Bank Perekonomian Rakyat Agritrans Batumarta,70583961,78045025,56047768,62648820,62470261,70025688,146588,553354,296611,58631,2.83,15.93,2.95,73.45,1.36,14.64,83.49,89.93,,
5/21/2025 21:07,2021,Maret,Provinsi Sumatera Selatan,Kota Palembang,600863-PT Bank Perekonomian Rakyat Mitra Central Dana,600863-PT Bank Perekonomian Rakyat Mitra Central Dana,36332618,35396122,7376650,11173075,29342763,28445393,2202703,2059556,"-67,119",64883,7.96,70,1.61,100,0.21,13.29,20.99,106.75,"Diana Sihombing, F Harjono Setiawan, Agustina Tjahjaindra","Drs. Bambang Setiawan, Muchtar Hasan"
5/21/2025 21:07,2021,Maret,Provinsi Sumatera Selatan,Kota Palembang,601951-PT Bank Perekonomian Rakyat Tri Gunung Selatan,601951-PT Bank Perekonomian Rakyat Tri Gunung Selatan,130987388,109789100,69176307,72551318,107991597,85867114,9451304,10805561,1056087,628025,8.82,40.9,5.34,100,1.91,15.4,55.91,82.93,"E.MARIANI G,SH, JULIANA,SE","JOHNY LEO, WANNY SIDDIK, JOHNY LEO"
5/21/2025 21:08,2021,Maret,Provinsi Sumatera Selatan,Kota Palembang,602574-PT Bank Perekonomian Rakyat Sumatera Selatan (Perseroda),602574-PT Bank Perekonomian Rakyat Sumatera Selatan (Perseroda),182504733,181955053,109541880,93863742,82589108,81564375,"-25,426,174","-23,539,518",1333496,41219,15.86,106.61,10.71,100,0.64,13.4,68.2,72.37,"MARZUKI, EDI SISWANTO, HENDERA","MUHAMMAD AMIN ZAIN, ENDANG TRISNA KESUMASARY, BAKHNIR RASYID, PEMERINTAH PROVINSI SUMATERA SELATAN, PT SUMSEL ENERGI GEMILANG"
5/21/2025 21:08,2021,Maret,Provinsi Sumatera Selatan,Kota Palembang,601952-PT Bank Perekonomian Rakyat Multidana Mandiri,601952-PT Bank Perekonomian Rakyat Multidana Mandiri,97257953,90289675,24009579,32245570,81082118,74764915,7482965,6842761,292870,281999,3.57,61.04,1.34,100,0.95,30.24,26.16,89.85,"Tarmizi Halim, SE, Dameyanti Lubis, Amd","Hidayat Lukito, Indranata Bustandi, Hidayat Lukito"
5/21/2025 21:08,2021,Maret,Provinsi Sumatera Selatan,Kota Palembang,602605-PT Bank Perekonomian Rakyat Puskopat,602605-PT Bank Perekonomian Rakyat Puskopat,21832753,28347362,14673312,21543423,16408569,23108726,"-1,935,146","-788,084","-713,567","-246,177",11.13,44.7,14.19,100,-3.19,19.08,84.59,161.39,"ROMIE MARANTIKA, DEDY MAS PUTRA","D. RACHMAD GULTOM, I  DEWA MADE SUARA, DRS.HOTMAN SIAGIAN"
5/21/2025 21:08,2021,Maret,Provinsi Sumatera Selatan,Kota Palembang,602728-PT Bank Perekonomian Rakyat Bintang Dana Persada,602728-PT Bank Perekonomian Rakyat Bintang Dana Persada,57842841,53833738,36474224,38782797,48804151,45061794,"-43,347","-403,429",82037,175373,5.94,34.14,4.04,100,0.81,23.71,64.41,94.06,"JUNAIDI, SOENARTO HIDAYAT","YANSEN MARULI, YANSEN MARULI, HANAFI CHANDRA"
5/21/2025 21:08,2021,Maret,Provinsi Sumatera Selatan,Kota Prabumulih,601954-PT. BPR Tahap Ganda,601954-PT. BPR Tahap Ganda,21806809,22791603,11388833,15691641,13429559,13684666,1164064,1648272,318312,646204,23.57,80.21,12.71,100,4.79,73.27,61.92,84.51,"JAMALUDDIN,SE, SARIAMAN SIDAURUK,SE","DRS.GOMGOM LIMARTH SIAHAAN, BINSAR TH SIMAMORA, LUSERIA SIAGIAN, IKA ROHANI TIURLARA SITORUS, SABAR GANDA LEONADO SITORUS, SIHAR P.H SITORUS, ADUMAHATI R.M SITORUS, HAKIM AGUNG S.SITORUS"
5/21/2025 21:08,2021,Maret,Provinsi Kep. Bangka Belitung,Kab. Bangka,601881-PT Bank Perekonomian Rakyat Sentral Mitra Sejahtera,601881-PT Bank Perekonomian Rakyat Sentral Mitra Sejahtera,39671731,35529631,19091575,21644635,31615600,28093337,1472207,743369,183924,292925,5.97,40.32,3.41,100,1.92,18.68,50.93,87.17,"ANTONIUS ROMAN, MARJUKI","PETER CIPUTRA, SUNGDJONO JULIAS, ONGKY BUDIARTO TJHIN, SANDRY"
5/21/2025 21:08,2021,Maret,Provinsi Kep. Bangka Belitung,Kota Pangkal Pinang,600799-PT Bank Perekonomian Rakyat Ukabima Lestari,600799-PT Bank Perekonomian Rakyat Ukabima Lestari,103996851,99325205,63507490,67295332,86182849,85538699,9633224,6293194,2130778,1443312,2.29,32.52,2.71,100,8.68,24.77,65.16,64.94,"Surya Bhakti, Ervina Astuti","FX. Hendrawinata, Nurbiyantoni"
5/21/2025 21:08,2021,Maret,Provinsi Kep. Bangka Belitung,Kota Pangkal Pinang,600002-PT BPR Anugrah Swakerta,600002-PT BPR Anugrah Swakerta,20876157,23711821,15200266,15718591,18729548,20796430,"-6,955,805","-6,967,214","-897,586","-17,395",26.64,25.52,20.53,100,0.08,9.91,78.75,107.55,HERMANTO,"JUNAIDI HASAN, LINDAWATI"
5/21/2025 21:08,2021,Maret,Provinsi Sumatera Selatan,Kota Lubuklinggau,601998-PT Bank Perekonomian Rakyat Sindang Binaharta,601998-PT Bank Perekonomian Rakyat Sindang Binaharta,26141703,25680884,18652518,19652631,16440789,16099989,501792,241905,"-32,060",107808,7.68,91.85,7.19,100,0.98,29.38,76.18,92.64,"Firdaus,SE, Hanifah,SE","Ir. Nyoman Cornelius, Dahlia Purnamasari,SE, Hj Rukiah Hasan, Lily Martiani, Ivan Maruli, Rico Khadafi"
5/21/2025 21:09,2021,Maret,Provinsi Sumatera Selatan,Kota Palembang,602731-PT Bank Perekonomian Rakyat Palembang,602731-PT Bank Perekonomian Rakyat Palembang,87181162,95942172,55420706,58388027,55039202,63119717,"-4,462,281","-5,031,331","-1,395,759","-146,214",14.41,54.13,13.06,100,-0.75,22.04,74.41,138.71,"SLAMET, SE, SYAFRIL","DRS H ABDUL WAHID SYUKUR, DRS H SUMIRIN T TJINTO, PEMERINTAH KOTA PALEMBANG"
5/21/2025 21:09,2021,Maret,Provinsi Sumatera Selatan,Kota Palembang,602752-PT Bank Perekonomian Rakyat Berkat Sejati,602752-PT Bank Perekonomian Rakyat Berkat Sejati,74450898,27724532,23799839,21738743,54294479,8456278,49001,"-901,182",107418,169436,0.68,111.07,0.19,100,1.18,45.01,32.55,86.48,"EKA HERLINA, FANGSYRIDA TANMAS","RUSMYATI SALIM, F HARIYANTO SUTOMO, Elysa Dian Thamrin, Gunawati Kokoh Thamrin, Koko Gunawan Thamrin"
5/21/2025 21:09,2021,Maret,Provinsi Kep. Bangka Belitung,Kota Pangkal Pinang,602710-PT Bank Perekonomian Rakyat Berkah Serumpun Mandiri,602710-PT Bank Perekonomian Rakyat Berkah Serumpun Mandiri,25638682,20639606,19217991,15295599,21149472,17186510,"-6,666,315","-7,180,642",155525,103738,4.64,36.31,3.12,100,2.42,11.64,76.98,85.13,"Jumali, Adi Wijaya","Gupardin, Syaifullah"
5/21/2025 21:09,2021,Maret,Provinsi Kep. Riau,Kab. Karimun,602632-PT Bank Perekonomian Rakyat Buana Arta Mulia,602632-PT Bank Perekonomian Rakyat Buana Arta Mulia,73739708,20918870,60630525,15644752,68483150,18831363,1115921,"-63,900",740637,"-248,593",2.6,12.45,1.58,100,1.48,11.05,85.58,72.83,"GUSNAIDY, YULIANA","SULIA KURNIAWAN, SADELI"
5/21/2025 21:09,2021,Maret,Provinsi Kep. Riau,Kab. Karimun,602617-PT Bank Perekonomian Rakyat Karimun Sejahtera,602617-PT Bank Perekonomian Rakyat Karimun Sejahtera,255928967,244505631,139617409,142929045,232339578,219768506,11329415,12678035,1156130,955246,4.88,24.67,4.34,100,0.78,35.48,55.72,84.8,"TERI ZULKARNAEN, RANLI YUNUS","SUDIRMAN, DAVID OCTAREVIA, KUI KIONG"
5/21/2025 21:09,2021,Maret,Provinsi Kep. Riau,Kab. Karimun,602676-PT Bank Perekonomian Rakyat Mega Mas Lestari,602676-PT Bank Perekonomian Rakyat Mega Mas Lestari,209164125,203947126,126199942,120039658,184857803,179356756,10108298,10924842,1598024,1065528,2.58,29.7,2.26,100,0.76,12.06,63.48,83.33,"MARTONO, FRANKY JIMMY MANDANG","SHANTI DWI LESTARI, YULANDA VERAWATI"
5/21/2025 21:09,2021,Maret,Provinsi Kep. Riau,Kab. Natuna,602696-PT Bank Perekonomian Rakyat Natuna,602696-PT Bank Perekonomian Rakyat Natuna,56831545,54137823,27685083,26625967,29861985,29470284,14267558,11946116,702002,721423,0.93,156.73,0.29,100.01,5.6,8.95,50.64,57.82,"KRISTINA, AWANG SOEGIHARTO","FRENSY, EVANA"
5/21/2025 21:09,2021,Maret,Provinsi Kep. Riau,Kab. Bintan (d/h Kab. Kepulauan Riau),602575-Perumda BPR Bintan,602575-Perumda BPR Bintan,217428794,235310125,129517077,157642544,178381012,196799098,3369193,4697230,"-579,225",379418,7.6,35.93,6.45,100,-0.95,6.84,65.04,88.72,"DRA RADHIAH, SITI HARLISAH SE",ADI PRIHANTARA
5/21/2025 21:09,2021,Maret,Provinsi Kep. Riau,Kota Tanjung Pinang,600889-PT Bank Perekonomian Rakyat Duta Kepulauan Riau,600889-PT Bank Perekonomian Rakyat Duta Kepulauan Riau,91696977,98459725,62685255,70707469,81333830,88579984,7488153,7161016,474994,318725,6.54,25.73,8.71,100,2.38,16.75,72.02,90.26,"LINDA, AURICK ANDANA PANGERAN","DONNA ANHAR, IRVAN SURYADINATA SANTOSO, DONNA ANHAR, IRVAN SURYADINATA SANTOSO"
5/21/2025 21:09,2021,Maret,Provinsi Kep. Riau,Kota Tanjung Pinang,602581-PD. BPR Bestari,602581-PD. BPR Bestari,86167401,79098657,66816079,62646198,60694585,54268039,1037476,1154372,607452,521616,5.58,47.65,6.58,95.56,0.73,6.98,83.62,77.52,,
5/21/2025 21:10,2021,Maret,Provinsi Kep. Riau,Kota Tanjung Pinang,602607-PT Bank Perekonomian Rakyat Central Sejahtera,602607-PT Bank Perekonomian Rakyat Central Sejahtera,114342516,126920033,62396142,57919549,97363744,110823588,8774457,7700000,404315,596445,2.97,37.58,1.72,100,1.06,6.29,57.21,91.42,"AI LING, DESI","KIM HAN, SUKARNI, SUKARNI, MERI"
5/21/2025 21:10,2021,Maret,Provinsi Kep. Riau,Kota Tanjung Pinang,602599-PT Bank Perekonomian Rakyat Kepri Bintan,602599-PT Bank Perekonomian Rakyat Kepri Bintan,91169993,93500648,64434822,68388257,74484745,78610642,0,1672911,861649,428794,4.92,45.51,3.29,100,3.11,13.39,74.19,79.39,"RIAU RISMANTORO, MICHAEL","ISKANDAR ITAN, MARKUS, PT GRAHA CIPTA DANA, SOEHARTINAH WIDJAJA SH, RUDI"
5/21/2025 21:10,2021,Maret,Provinsi Kep. Riau,Kota Tanjung Pinang,602733-PT Bank Perekonomian Rakyat Dana Prima Mandiri,602733-PT Bank Perekonomian Rakyat Dana Prima Mandiri,46527505,47658101,34525578,34768709,39638998,41436586,"-296,874","-773,790",185381,"-4,695",8.9,37.69,6.98,100,1.44,8.26,76.01,90.1,"FRANSISKA INDRAWATI, HEMRY FERNANDO SINAGA","SUSUN ABDUL MADJID, JULIANTO, FERDY YOHANES, PAULUS LIAUW, ROBERT MULIAWAN"
5/21/2025 21:10,2021,Maret,Provinsi Kep. Riau,Kota Tanjung Pinang,602075-PT Bank Perekonomian Rakyat Dana Bintan Sejahtera,602075-PT Bank Perekonomian Rakyat Dana Bintan Sejahtera,65637978,65321065,45796022,48412739,57696414,57669291,"-1,158,674","-1,297,203",100238,"-51,023",6.86,21.55,5.01,100,0.45,10.6,72.29,100.48,"HENTON, YAFRI, DERMANTO","LANI PUSPARINI JOESOEP, TJAN KIM LIAN"
5/21/2025 21:10,2021,Maret,Provinsi Kep. Riau,Kota Tanjung Pinang,602685-PT Bank Perekonomian Rakyat Asia Sejahtera,602685-PT Bank Perekonomian Rakyat Asia Sejahtera,99105194,104621194,64259358,60533501,86416287,92740528,5341152,4678521,347755,202145,4.51,26.61,3.3,100,1.14,7.01,72.41,91.82,"KUMALA DEWI, KELLY","KIM HAN, MERI, SUKARNI, MERI"
5/21/2025 21:10,2021,Maret,Provinsi Kep. Riau,Kota Tanjung Pinang,602746-PT Bank Perekonomian Rakyat Asli Dana Mandiri,602746-PT Bank Perekonomian Rakyat Asli Dana Mandiri,65270547,53126140,50487988,41507696,57778146,47039864,"-2,852,770","-2,702,029",345171,"-211,695",6.17,22.67,4.17,100,2.37,16.26,76.82,97.51,"ANDREAS FERNANDO, VERI HERMANTO","HENDRA TRIANTANTO, JOLKY, Jolly, Jolphy, Jolky"
5/21/2025 21:10,2021,Maret,Provinsi Kep. Riau,Kota Tanjung Pinang,602748-PT Bank Perekonomian Rakyat Dana Mulia Sejahtera,602748-PT Bank Perekonomian Rakyat Dana Mulia Sejahtera,144519514,94284657,89057958,76258909,135346759,87195102,600978,"-1,537,260",571777,626815,4.82,20.56,2.53,100,1.63,14.08,64.64,88.17,"KANTO, WEI KIONG","MULIA PAMADI, TONNY DAVID, MULIA PAMADI"
5/21/2025 21:10,2021,Maret,Provinsi Kep. Riau,Kota Batam,600908-PT Bank Perekonomian Rakyat Sejahtera Batam,600908-PT Bank Perekonomian Rakyat Sejahtera Batam,713463985,754904523,454425053,556703006,622611916,668816800,74420588,68374138,3812541,5094645,5.57,36.42,5.43,100,0.66,9.17,65.64,79.03,"SUMANTRI, SYLVIA DAMAYANTI, LIE LIE","LIE KUNG AL ELINA, SUCIPTO, ERNI, LIE KUNG AL ELINA, SUCIPTO, SUMANTRI"
5/21/2025 21:10,2021,Maret,Provinsi Kep. Riau,Kota Batam,600883-PT Bank Perekonomian Rakyat Kencana Graha,600883-PT Bank Perekonomian Rakyat Kencana Graha,99410737,112425920,73362637,78104951,85423111,98522282,3236855,3831136,250771,"-427,498",14.25,33.2,12.69,100,0.48,10.68,76.76,95.04,"AGUSTINA, SUSANTO GIMAN","SILVIA IRANI, TIMMOTY GEORGE GOTAMA"
5/21/2025 21:11,2021,Maret,Provinsi Kep. Riau,Kota Batam,600811-PT Bank Perekonomian Rakyat Barelang Mandiri,600811-PT Bank Perekonomian Rakyat Barelang Mandiri,266309684,288699298,200992305,221565124,247031874,266272004,4116142,8502167,1721668,485127,15.8,17.7,11.57,100,-0.83,7.1,78.6,103.78,"Jasan Teng, Joni",John Adam Holle
5/21/2025 21:11,2021,Maret,Provinsi Kep. Riau,Kota Batam,601269-PT BPR Lesca Dana Batam,601269-PT BPR Lesca Dana Batam,3539235,8414209,0,1728808,1193521,5400100,"-14,728,116","-14,261,755","-262,170","-60,636",0,409.81,0,0,19.1,1755.17,0,318.93,Ivan Adiyan Wijaya,"Lim David, LIM DICKY"
5/21/2025 21:11,2021,Maret,Provinsi Kep. Riau,Kota Batam,601118-PT Bank Perekonomian Rakyat Dana Nusantara,601118-PT Bank Perekonomian Rakyat Dana Nusantara,1747748654,1661372455,1095955140,1212995456,1547607141,1476267312,159025562,150934826,9333851,9402656,3.01,33.55,2.52,100,3.24,25.98,65.2,74.59,"Winoto Sumitro, Iie Selamet, Frans Borgias","Adi Putra Hasan, Ardy John William, Markus, Soehartinah Widjaja"
5/21/2025 21:11,2021,Maret,Provinsi Kep. Riau,Kota Batam,602072-PT Bank Perekonomian Rakyat Banda Raya,602072-PT Bank Perekonomian Rakyat Banda Raya,198955648,213476590,142305994,148126896,178290560,191266725,14176829,16174018,388259,"-64,153",8.3,34,6.83,100,0.63,7.18,80.06,95.39,"HASNUL KAMIN, ROMA ANDYKA","DANDUNG HANDOGO, WIRMAN, ASMAN ABNUR"
5/21/2025 21:11,2021,Maret,Provinsi Kep. Riau,Kota Batam,600829-PT Bank Perekonomian Rakyat Pundi Masyarakat,600829-PT Bank Perekonomian Rakyat Pundi Masyarakat,43538005,43862253,25421692,30981601,32967186,33618842,1514578,645656,56241,644611,1.74,71.88,0.86,100,1.92,12.78,60.49,89.8,"GUNARTO, IRENE FRANSISCA MANIK","HERRY SUSANTO, DJOKO PUTRANTO, HERRY SUSANTO"
5/21/2025 21:11,2021,Maret,Provinsi Kep. Riau,Kota Batam,602541-PT Bank Perekonomian Rakyat Dana Nagoya,602541-PT Bank Perekonomian Rakyat Dana Nagoya,301358670,239296528,196126423,187071794,275668749,214691255,12763916,11351652,926005,1253621,9.93,19.83,6.72,100,1.39,8.69,69.07,87.06,"Suadi Wenata, S.E., Toni Kiesethong, S.H., Merry","Kui Kiong, David Octarevia, KUI KIONG, KUI LIM"
5/21/2025 21:11,2021,Maret,Provinsi Kep. Riau,Kota Batam,602598-PT. BPR Kepri Batam,602598-PT. BPR Kepri Batam,114783865,120155981,85169878,93215641,87974121,94462764,20259549,19402002,1390195,1131215,2.84,53.56,1.81,100,4.27,13.13,79.24,72.16,"MEDI, SUMINAH","ISKANDAR ITAN, SUHARTONO, PT. GRAHA CIPTA DANA, PT. PEMBANGUNAN KEPRI, SOEHARTINAH WIDJAJA, RUDI, ARDY JOHN WILLIAM, GUNAWAN KUSWANTO"
5/21/2025 21:11,2021,Maret,Provinsi Kep. Riau,Kota Batam,602595-PT Bank Perekonomian Rakyat Danamas Simpan Pinjam,602595-PT Bank Perekonomian Rakyat Danamas Simpan Pinjam,385092350,375071173,244762915,262554338,340094192,334102034,31730992,27369864,1267166,1599275,3.71,32.29,2.25,100,2.01,8.4,65.29,83.13,"HUSIN, DJUNIWAN","ARDY JOHN WILLIAM, TJUI LENG, PT GRAHA CIPTA DANA"
5/21/2025 21:11,2021,Maret,Provinsi Kep. Riau,Kota Batam,602558-PT Bank Perekonomian Rakyat LSE Manggala,602558-PT Bank Perekonomian Rakyat LSE Manggala,177956434,167245415,148752862,147739127,162654576,150912609,6601054,7192908,475804,1114898,6.97,23.78,5.85,100,2.42,5.64,86.52,83.58,"MUCHSIN LIDO, RENNY MARTINA","BAHARUM, MEI LING, BAHARUM, ANITA"
5/21/2025 21:11,2021,Maret,Provinsi Kep. Riau,Kota Batam,602602-PT Bank Perekonomian Kintamas Mitra Dana,602602-PT Bank Perekonomian Kintamas Mitra Dana,177086195,172704386,140959295,138441806,160844827,156198534,11574617,11371146,766751,1234706,3.12,25.04,2.89,100,1.91,5.55,82.02,85.85,"ALIAS, MANGAINTUA GULTOM","RENY, SRI MULATI"
5/21/2025 21:11,2021,Maret,Provinsi Kep. Riau,Kota Batam,602600-PT Bank Perekonomian Rakyat Agra Dhana,602600-PT Bank Perekonomian Rakyat Agra Dhana,80308528,83721384,61577885,65869978,71032076,74712864,836679,990061,39773,"-381,541",10.89,27.1,19.01,100,-0.57,11.66,78.71,107.6,BENY,"JERRY DIAMOND, LIM KIEN KOK"
5/21/2025 21:11,2021,Maret,Provinsi Kep. Riau,Kota Batam,602590-PT Bank Perekonomian Rakyat Putra Batam,602590-PT Bank Perekonomian Rakyat Putra Batam,65992521,60597484,38835724,45440356,52883472,46313533,7936068,7207583,"-1,524,019",379368,13.59,33.93,16.09,100,-9.71,9.27,71.36,182.28,"SUVIANTO WANGDRA, HARTONO TJUATJA","TONNY WANGDRA, SAHAT SIANTURI"
5/21/2025 21:12,2021,Maret,Provinsi Kep. Riau,Kota Batam,602614-PT Bank Perekonomian Rakyat Indobaru Finansia,602614-PT Bank Perekonomian Rakyat Indobaru Finansia,88106973,104148773,64785524,90510585,55181830,73595201,28833877,26975546,491266,"-21,974",11.51,97.01,11.28,100,3.41,16.5,76.59,75.84,"SARTONO, HANDI SUHARLI","YOHANES RIANANTO, ARIF SETIYANTO, WILIARTO KUOSASTRA, SARDI"
5/21/2025 21:12,2021,Maret,Provinsi Kep. Riau,Kota Batam,602619-PT Bank Perekonomian Rakyat Global Mentari,602619-PT Bank Perekonomian Rakyat Global Mentari,65251632,68187367,48267141,56385266,58943772,61864620,"-7,328,628","-7,293,836",186488,166583,17.73,26.15,12.84,100,0.06,23.67,76.3,99.01,Lourentia Neny Ernawati,"Sukriadi, Sri Okti Firdiana, Raditya Priamanaya Djan, Sukriadi"
5/21/2025 21:12,2021,Maret,Provinsi Kep. Riau,Kota Batam,602625-PT Bank Perekonomian Rakyat Dana Mitra Sukses,602625-PT Bank Perekonomian Rakyat Dana Mitra Sukses,30944162,30577945,23587845,23516071,27105950,27045434,"-3,377,473","-3,690,505",191092,198423,5.16,37.96,3.74,100,0.64,10.35,79.23,84.49,"MULYADI ASKA, SHANTI ANDRIANI","HOTDI SIAGIAN, JONAHA CHRISTIAN PURBA"
5/21/2025 21:12,2021,Maret,Provinsi Kep. Riau,Kota Batam,602618-PT Bank Perekonomian Rakyat Harapan Bunda Batam,602618-PT Bank Perekonomian Rakyat Harapan Bunda Batam,36633130,46366006,27329588,25480652,32079887,42064888,"-586,554","-372,762",339797,"-126,120",15.47,29.27,12.31,100,0.65,6.69,85.92,97.42,"VIVI SUSANTI, KHAINUR RASYID","HENRY MINIT, SUWARTO JAMADI"
5/21/2025 21:12,2021,Maret,Provinsi Kep. Riau,Kota Batam,602620-PT Bank Perekonomian Rakyat Dana Fanindo,602620-PT Bank Perekonomian Rakyat Dana Fanindo,64696980,55255319,39247278,26676806,46016194,35417315,630532,1036354,"-809,666","-58,270",13.03,93.79,8.58,100,0.89,7.39,62.99,102.47,"RENNA AUSTINE, SISKA MARTONO","SHANTI DWI LESTARI, USMAN FAN, SANTOS LOY, SALAM JONG TEK, KHENG HOA AL MARGOS, PHANG WOEI KHIONG"
5/21/2025 21:12,2021,Maret,Provinsi Kep. Riau,Kota Batam,602644-PT Bank Perekonomian Rakyat Central Kepri,602644-PT Bank Perekonomian Rakyat Central Kepri,72084064,76193559,47139584,56929505,61433542,66037007,3191895,3368018,258627,288534,4.38,38.92,2.65,100,0.35,13.32,67.52,92.37,"AGUS DIANTO, VENY JENY RIA TOGATOROP",HARUN PANDAPOTAN
5/21/2025 21:13,2021,Maret,Provinsi Kep. Riau,Kota Batam,602647-PT BPR Majesty Golden Raya,602647-PT BPR Majesty Golden Raya,136818310,112413799,104777564,89718401,117732880,93139993,13444223,13720225,841207,753581,7.97,35.35,5.52,100,3.03,18.67,79.52,78.95,DJAFAR DJOHAN,"SADELI, HADI, HADI"
5/21/2025 21:13,2021,Maret,Provinsi Kep. Riau,Kota Batam,602688-PT Bank Perekonomian Rakyat Satya Mitra Andalan,602688-PT Bank Perekonomian Rakyat Satya Mitra Andalan,74015510,73069887,56140704,57204897,60308852,60446504,"-1,703,644","-2,676,469",410302,299852,3.9,48.19,3.12,100,0.56,8.17,81.86,87,ERWIN,"TRI SISKA YULIANA, HARRYANTO, Amin, Sapri, Harryanto"
5/21/2025 21:13,2021,Maret,Provinsi Lampung,Kab. Tulang Bawang,602642-PT. BPR Cempaka Mitra Usaha,602642-PT. BPR Cempaka Mitra Usaha,0,0,0,0,0,0,0,0,0,0,0,0,0,0,0,0,0,0,,
5/21/2025 21:13,2021,Maret,Provinsi Lampung,Kab. Lampung Tengah,601288-PT Bank Perekonomian Rakyat Bahtera Artha Jaya,601288-PT Bank Perekonomian Rakyat Bahtera Artha Jaya,14323208,8721161,9811180,6576773,11206278,8171385,"-3,625,968","-2,927,791",142898,"-122,433",14.69,49.84,11.49,100,-3.93,17.74,71.5,117.59,,
5/21/2025 21:13,2021,Maret,Provinsi Lampung,Kab. Lampung Tengah,602645-PT Bank Perekonomian Rakyat Tara Dharma Artha,602645-PT Bank Perekonomian Rakyat Tara Dharma Artha,59769981,51047785,44045413,40960008,52234337,43817893,0,1638772,735177,714850,1.58,26.19,1.53,100,1.68,54.58,77.48,75.6,"I MADE NATA, I WAYAN EDIYASA","I KOMANG KOHERI, BAMBANG WIJONARKO"
5/21/2025 21:13,2021,Maret,Provinsi Kep. Riau,Kota Batam,602675-PT Bank Perekonomian Rakyat Dana Mitra Utama,602675-PT Bank Perekonomian Rakyat Dana Mitra Utama,211369656,215174328,159174181,161016931,188054793,192733811,1597547,1757508,156397,"-120,401",8.82,19.07,6.4,100,0.09,11.95,77.28,96.93,"SUSANTO, SARI PUJIATI","ROBERT MULIAWAN, JASMAN, IRWANDI HALIM, ROBERT MULIAWAN, JASMAN"
5/21/2025 21:13,2021,Maret,Provinsi Lampung,Kab. Lampung Selatan,601112-PT Bank Perekonomian Rakyat Danamaster Bahtera,601112-PT Bank Perekonomian Rakyat Danamaster Bahtera,6042332,5358398,5203655,4850825,2297923,3381327,802839,265396,241570,111675,1.43,96.19,6.24,92.11,11.25,35.57,95.3,45.56,"ADRI HERMANTO LATALA,SE, ABDURAHIM, A.MD","DRS. ANTHONY R SIPAHUTAR, MM, INGRID PAAGO"
5/21/2025 21:13,2021,Maret,Provinsi Lampung,Kab. Lampung Selatan,602025-PT Bank Perekonomian Rakyat Tahuan Ganda,602025-PT Bank Perekonomian Rakyat Tahuan Ganda,32579203,33023319,18802342,25523936,19590209,19284366,4555990,4819181,1180606,1667374,0.3,61.72,0.87,100,4.23,56.28,62.34,52.62,"HERIKSON LAJU SIAHAAN, SE, SUHARTANTO, A.MD","DRS.WILSON M SITORUS, DAMRI SIAGIAN, S.E, LUCERIA SIAGIAN, PORMAN ARITONANG, DRS. WILSON M SITORUS, ROBERT SITORUS, DRS. OSCAR SITORUS, SIHAR PANGIHUTAN HAMONANGAN SITORUS, SABAR GANDA LEONARDO SITORUS, HAKIM AGUNG SUNGKUNAN SITORUS, ADUMAHATI RENTAULI MINDOSARI SITORUS, IKA ROHANI TIURLARA SITORUS"
5/21/2025 21:13,2021,Maret,Provinsi Lampung,Kab. Lampung Tengah,602028-PT Bank Perekonomian Rakyat Tataarta Swadaya,602028-PT Bank Perekonomian Rakyat Tataarta Swadaya,37260141,31657622,21195508,20949974,29090759,27964308,"-5,173,160","-6,594,808",143784,592064,13.09,60,9.57,100,2.83,36.24,61.59,85.78,"AGUS FADLI, YUSTINA WINDARTI","SURYO DWIANTO AGUNG NUGROHO, ASSOC. PROF. DR. SUHARTO,S.E.,M.M., YAYASAN BINA SWADAYA"
5/21/2025 21:13,2021,Maret,Provinsi Lampung,Kab. Lampung Utara,601114-PT Bank Perekonomian Rakyat Bungamayang Agroloka,601114-PT Bank Perekonomian Rakyat Bungamayang Agroloka,40475076,39879178,26641740,28878543,26387096,25832815,0,1425167,511311,496052,4.95,77.54,6.19,100,3.14,34.72,80.64,82.2,"NUGROHO DEWANTO, SULISTYOWATI","IYUSHAR GANDA SAPUTRA, SUMARDI, KOPKAR RUWA JURAI"
5/21/2025 21:14,2021,Maret,Provinsi Lampung,Kab. Lampung Timur,602022-PT Bank Perekonomian Rakyat Fajar Warapastika,602022-PT Bank Perekonomian Rakyat Fajar Warapastika,26920167,20404118,15682525,9178080,18748172,14245492,1079395,"-176,454",415841,182321,1.67,53.34,0.88,100,6.69,12.06,64.15,67.45,"RUDY SURJAASMADJAJA, S.E., M.H.","HJ. WATI RAHMI RIA, S.H., M.H."
5/21/2025 21:14,2021,Maret,Provinsi Lampung,Kab. Lampung Timur,600273-PT Bank Perekonomian Rakyat Labuhan Dana Sentosa,600273-PT Bank Perekonomian Rakyat Labuhan Dana Sentosa,17406265,15930141,12340956,12106103,11461338,10432850,1359929,747144,69819,234968,13.95,76.9,8,100,2.77,56.54,79.87,83.56,"Novriza, Yusuf Kurniawan","Dian Patrianda, Charles Sidik Jonan"
5/21/2025 21:14,2021,Maret,Provinsi Lampung,Kota Bandar Lampung,600046-PT Bank Perekonomian Rakyat Tjandra Artha Lestari,600046-PT Bank Perekonomian Rakyat Tjandra Artha Lestari,34289847,36010908,17288438,18304967,24446193,26458802,2210101,2212786,133553,"-10,680",0.38,33.28,1.95,100,0.39,27.37,52,90.08,SUSAN RIANA,"ALESIUS BUNAWAN, ALESIUS BUNAWAN, CHANDRA SETIAWAN, FIDELIA, ROKIAWARI TANMAS, MULYATI"
5/21/2025 21:14,2021,Maret,Provinsi Lampung,Kota Bandar Lampung,602023-PT. BPR Dhana Sewu,602023-PT. BPR Dhana Sewu,0,0,0,0,0,0,0,0,0,0,0,0,0,0,0,0,0,0,,
5/21/2025 21:14,2021,Maret,Provinsi Lampung,Kota Bandar Lampung,601108-PT Bank Perekonomian Rakyat Adji Caka,601108-PT Bank Perekonomian Rakyat Adji Caka,57088146,48188070,38551537,28538474,45705710,36938494,5571169,5724740,675836,389405,8.97,40.59,6.39,100,3.94,15.03,83.41,76.6,"Hamrizal Razali, Santie","Cornelius Edwin Dastin Halim, Bambang Wijonarko, Randy Guan, Cornelius Edwin Dastin Halim"
5/21/2025 21:14,2021,Maret,Provinsi Lampung,Kota Bandar Lampung,600835-PT Bank Perekonomian Rakyat Citra Dana Mandiri,600835-PT Bank Perekonomian Rakyat Citra Dana Mandiri,245819704,200171593,187177354,145104436,202915114,164444928,30238711,25580070,3065879,546595,11.91,25.03,10.36,100,4.43,7.94,82.18,70.75,"IRAWAN EDYSON, DARWIN TAMIM,SE","STEPHANIE WIJAYA, YOK SILADO, FRANKY WIJAYA"
5/21/2025 21:14,2021,Maret,Provinsi Lampung,Kota Bandar Lampung,600772-PT. BPR Trisurya Bumindo,600772-PT. BPR Trisurya Bumindo,266883986,290693077,161858865,208329201,214834899,244786689,35043053,29081526,577119,395947,21.34,24.17,17.33,100,0.38,8.72,65.26,93.81,HERU PRAMMONO,"HARDY YUNNARAGA, SYAMUDI YS, GRACE AGUSTINA, RUDY LIMARDI HALIMMAN, DRS RICKY  YUNNARAGA, LINDAWATI"
5/21/2025 21:14,2021,Maret,Provinsi Lampung,Kota Bandar Lampung,600911-PT Bank Perekonomian Rakyat Inti Dana Sentosa,600911-PT Bank Perekonomian Rakyat Inti Dana Sentosa,181770112,177310074,110250894,123416861,136872047,140441320,36906264,27704267,1991801,3164487,2.36,48.48,2,100,5.61,23.95,64.54,61.62,"EKO PRAMONO, DEDE","TUBAGUS ZUBIER RAMADHAN, OEY ALBERT, WIDARTO, SANTOSO WINATA"
5/21/2025 21:14,2021,Maret,Provinsi Lampung,Kota Bandar Lampung,601110-PT Bank Perekonomian Rakyat Waway Lampung (Perseroda),601110-PT Bank Perekonomian Rakyat Waway Lampung (Perseroda),482839872,483052971,393390963,381632062,389433881,392007442,0,0,3824230,4002937,0.66,21.83,2.21,100,4.39,8.32,87.03,69.46,"Ahmad Tamidi, Diana Sari, Candra Yunita","Rusdi Said, Badri Tamam"
5/21/2025 21:14,2021,Maret,Provinsi Lampung,Kota Bandar Lampung,602243-PT BPR TRISURYA BUMINDO,602243-PT BPR TRISURYA BUMINDO,0,0,0,0,0,0,0,0,0,0,0,0,0,0,0,0,0,0,,
5/21/2025 21:14,2021,Maret,Provinsi Lampung,Kota Bandar Lampung,602641-PT BPR Mitra Agro Usaha,602641-PT BPR Mitra Agro Usaha,0,0,0,0,0,0,0,0,0,0,0,0,0,0,0,0,0,0,,
5/21/2025 21:14,2021,Maret,Provinsi Kalimantan Selatan,Kab. Banjar,600234-PT. BPR Simpang Empat Banjar Sejahtera,600234-PT. BPR Simpang Empat Banjar Sejahtera,0,0,0,0,0,0,0,0,0,0,0,0,0,0,0,0,0,0,,
5/21/2025 21:14,2021,Maret,Provinsi Lampung,Kota Bandar Lampung,602027-PT Bank Perekonomian Rakyat Arta Kedaton Makmur,602027-PT Bank Perekonomian Rakyat Arta Kedaton Makmur,385892944,351718346,275317671,273424087,232324817,220237081,132832573,109875710,8635554,9505555,0.53,63.58,1.45,112.89,7.78,20.71,75.6,47.27,"HC. HO LIE TJOE, J. TUTI, JULIUS DHARMA ONGGORO","HARDI CHANDRA, JASKINGTO, DISMAS IRAWAN ZIADI"
5/21/2025 21:15,2021,Maret,Provinsi Lampung,Kota Bandar Lampung,601111-PT Bank Perekonomian Rakyat Swadaya Anugerah Utama,601111-PT Bank Perekonomian Rakyat Swadaya Anugerah Utama,70105074,86162948,48441218,62836572,59185000,75053778,"-8,434,264","-8,437,369","-241,465","-49,264",22.62,25.81,16.28,100,-0.21,11.24,73.78,101.83,"MICHAEL WIJAYA ONGGORO, AMIN PANDEAN","CHANDRA ARDIANTO, SAIKUM SIREGAR"
5/21/2025 21:15,2021,Maret,Provinsi Lampung,Kota Bandar Lampung,602026-PT Bank Perekonomian Rakyat Lampung Bina Sejahtera,602026-PT Bank Perekonomian Rakyat Lampung Bina Sejahtera,31813471,30761315,19829877,19303796,26701541,26864060,"-1,746,934","-2,898,662",258864,195917,2.03,26.3,1.12,100,2.06,23.76,66.24,77.45,"HENDRIK SUSANTO, DENNI AGUSTIONO",DWITYA AGUNG PRAJNA YUGA
5/21/2025 21:15,2021,Maret,Provinsi Lampung,Kota Bandar Lampung,602571-PT Bank Perekonomian Rakyat Budi Intidana Sentosa,602571-PT Bank Perekonomian Rakyat Budi Intidana Sentosa,18067387,15302116,5500278,5458563,17246734,14038960,"-3,025,388","-1,787,234","-153,959",390,50.38,8.93,15.91,100,-9.87,18.02,36.54,189.4,HJ MARIA NILAWATY,"IR JAMHARI HADIPURWANTA, DRS. MICHAEL D. PRIMANTO, YABES WARDANA SENTOSA"
5/21/2025 21:15,2021,Maret,Provinsi Kalimantan Selatan,Kab. Banjar,600292-PT. BPR Astambul Banjar Sejahtera,600292-PT. BPR Astambul Banjar Sejahtera,0,0,0,0,0,0,0,0,0,0,0,0,0,0,0,0,0,0,,
5/21/2025 21:15,2021,Maret,Provinsi Lampung,Kota Bandar Lampung,602719-PT Bank Perekonomian Rakyat Dana Selaras Sentosa,602719-PT Bank Perekonomian Rakyat Dana Selaras Sentosa,41174148,42145550,22286883,22330782,31782624,33486539,1676000,997488,315524,261523,0,0,0,0,0,0,0,0,"YONO WIRYO, DJONSON","SYAMUDI YS, LINDAWATI"
5/21/2025 21:15,2021,Maret,Provinsi Kalimantan Selatan,Kab. Banjar,600235-PT. BPR Sungai Tabuk Banjar Sejahtera,600235-PT. BPR Sungai Tabuk Banjar Sejahtera,0,0,0,0,0,0,0,0,0,0,0,0,0,0,0,0,0,0,,
5/21/2025 21:15,2021,Maret,Provinsi Lampung,Kota Metro,601109-PT Bank Perekonomian Rakyat Eka Bumi Artha,601109-PT Bank Perekonomian Rakyat Eka Bumi Artha,8918902242,8361450573,7511833804,7024128658,7935297061,7579614716,198267381,48146,54445841,57895752,0.23,15.11,0.26,100,3.41,15.79,88.19,73.75,"Eko Budiyono, Nugroho Fuad Rifai, Dari Lukito Sari","Johansyah Abu Bakar, Muji, Awet Abadi, AWET ABADI"
5/21/2025 21:15,2021,Maret,Provinsi Kalimantan Selatan,Kab. Tapin,600229-PT. BPR Tapin Tengah Mandiri Sejahtera,600229-PT. BPR Tapin Tengah Mandiri Sejahtera,0,0,0,0,0,0,0,0,0,0,0,0,0,0,0,0,0,0,,
5/21/2025 21:15,2021,Maret,Provinsi Kalimantan Selatan,Kab. Banjar,600265-PT Bank Perekonomian Rakyat Multidhana Bersama,600265-PT Bank Perekonomian Rakyat Multidhana Bersama,65144995,65875331,59651090,58185411,58937264,58825633,0,0,207731,1049698,4.44,15.85,5.49,100,4.05,7.58,105.82,77.09,"Drs M Noor HR SH, Lydia Genial SE","Dra Ec Lilyana Widya P MBA MM MPd, Eli Sukmawati SE"
5/21/2025 21:15,2021,Maret,Provinsi Kalimantan Selatan,Kab. Tapin,600231-PT BPR Binuang Mandiri Sejahtera,600231-PT BPR Binuang Mandiri Sejahtera,0,0,0,0,0,0,0,0,0,0,0,0,0,0,0,0,0,0,,
5/21/2025 21:15,2021,Maret,Provinsi Kalimantan Selatan,Kab. Banjar,600290-PT Bank Perekonomian Rakyat Martapura Banjar Sejahtera Perseroda,600290-PT Bank Perekonomian Rakyat Martapura Banjar Sejahtera Perseroda,49065670,11587057,36666477,8086200,28259790,6340108,"-1,868,669",0,183677,"-303,749",6.75,61.62,11.53,133.67,-3.58,17.81,86.05,114.52,"Ari Rosadi, Khairudin Fadeli, Irhamdi","I Gusti Nyoman Yudiana, Nasrullah"
5/21/2025 21:15,2021,Maret,Provinsi Lampung,Kota Metro,600124-PT Bank Perekonomian Rakyat Cipta Dana Mulia,600124-PT Bank Perekonomian Rakyat Cipta Dana Mulia,10635971,10111797,5252167,5442165,8766248,9251104,"-1,278,701","-1,639,268","-1,576",49961,6.97,25.71,4.52,100,3.6,15.02,56.83,89.6,"PUSPO YUNTO, EDI YUSWORO, SE","CHANDRA ARDIANTO, EDI WITONO, S.H."
5/21/2025 21:15,2021,Maret,Provinsi Kalimantan Selatan,Kab. Tapin,600232-PT. BPR Candi Laras Utara Mandiri Sejahtera,600232-PT. BPR Candi Laras Utara Mandiri Sejahtera,0,0,0,0,0,0,0,0,0,0,0,0,0,0,0,0,0,0,,
5/21/2025 21:15,2021,Maret,Provinsi Kalimantan Selatan,Kab. Banjar,600864-PT Bank Perekonomian Rakyat Kredit Mandiri Kalsel,600864-PT Bank Perekonomian Rakyat Kredit Mandiri Kalsel,4095481,3990003,0,0,6384,6285,"-1,299,803","-1,363,484","-19,310","-61,008",0,487.01,0,0,-0.47,198.51,0,172.39,Herry Indrawan,"Raden Yusuf Chandra, Heru Dermawan Rahardja, Hery Gunawan Rahardja"
5/21/2025 21:15,2021,Maret,Provinsi Kalimantan Selatan,Kab. Tapin,600296-PT. BPR Tapin Utara Mandiri Sejahtera,600296-PT. BPR Tapin Utara Mandiri Sejahtera,0,0,0,0,0,0,0,0,0,0,0,0,0,0,0,0,0,0,,
5/21/2025 21:15,2021,Maret,Provinsi Kalimantan Selatan,Kab. Banjar,601123-PT Bank Perekonomian Rakyat Mitratama Arthabuana,601123-PT Bank Perekonomian Rakyat Mitratama Arthabuana,280554751,243331235,98263289,112385277,180662767,150518882,83305311,76263884,2640747,2602543,1.48,105.07,1.5,100,3.35,10.89,37.02,68.48,"YANA SAPTYANA, KAHAR MUZAQIR, MUHAMMAD HASAN BASRI","PANDU SETIA SUKMAJAYA, YULIANA TANZIL, YOSEPH JAYA, CHELSEA HALIM, LUMAN ANDY, RUDY TANZIL"
5/21/2025 21:16,2021,Maret,Provinsi Kalimantan Selatan,Kab. Hulu Sungai Utara,600223-PT BPR Telaga Silaba Amuntai Selatan,600223-PT BPR Telaga Silaba Amuntai Selatan,0,0,0,0,0,0,0,0,0,0,0,0,0,0,0,0,0,0,,
5/21/2025 21:16,2021,Maret,Provinsi Lampung,Kota Bandar Lampung,602582-PT Bank Perekonomian Rakyat Utomo Manunggal Sejahtera Lampung,602582-PT Bank Perekonomian Rakyat Utomo Manunggal Sejahtera Lampung,1600292229,1583948770,1331907275,1348886605,1221745540,1209964608,64765823,63717305,13780866,10266857,1.39,30.62,1.95,100,3.49,13.06,88.86,73.82,"RUDY HASANUDIN, CINTHYA LIANY WIJAYA, FITRI YANTI","AFIT SYIDIK PRIYATNA, WELLY SUCIPTO, LUNTO HASAN, "
5/21/2025 21:16,2021,Maret,Provinsi Kalimantan Selatan,Kab. Hulu Sungai Utara,600302-PT. BPR Alabio Sungai Pandan,600302-PT. BPR Alabio Sungai Pandan,0,0,0,0,0,0,0,0,0,0,0,0,0,0,0,0,0,0,,
5/21/2025 21:16,2021,Maret,Provinsi Kalimantan Selatan,Kab. Hulu Sungai Utara,600226-PT. BPR Sungai Turak Amuntai Utara,600226-PT. BPR Sungai Turak Amuntai Utara,0,0,0,0,0,0,0,0,0,0,0,0,0,0,0,0,0,0,,
5/21/2025 21:16,2021,Maret,Provinsi Kalimantan Selatan,Kab. Tapin,600228-PT Bank Perekonomian Rakyat Tapin Sejahtera Perseroda,600228-PT Bank Perekonomian Rakyat Tapin Sejahtera Perseroda,39173717,19478252,28698718,13169002,28955039,14846925,"-9,447,865",302031,"-548,983",89911,8.06,54.89,11.73,100,-5.6,23.2,84.14,139.64,"H YUHYIL HUSNA SE, TUNGGUL WULUNG DEWA NDARU","HERLIWANSYAH SE MM, RAHMATULLAH SE"
5/21/2025 21:16,2021,Maret,Provinsi Kalimantan Selatan,Kab. Banjar,602007-PT Bank Perekonomian Rakyat Azaz Andifa,602007-PT Bank Perekonomian Rakyat Azaz Andifa,6508706,6094108,3186790,3508716,810562,872373,4339884,3832193,117713,148995,2.65,173.5,3.25,92.63,7.53,20.1,53.26,71.76,"NURMA ZETY, DWI NUR RINA AMBARSARI","HENDRO MUJIANTO, MADE SUWINAYA S,H, Hendro Mujianto"
5/21/2025 21:16,2021,Maret,Provinsi Kalimantan Selatan,Kab. Hulu Sungai Tengah,600294-PT. BPR Hulu Sungai Tengah,600294-PT. BPR Hulu Sungai Tengah,0,0,0,0,0,0,0,0,0,0,5.16,5.14,4.68,84.41,-1.32,72.43,87.46,117.8,"Muhammad Firdaus, RR.Triana Puji Astuti,S.IP",Sri Edi Handoko
5/21/2025 21:16,2021,Maret,Provinsi Kalimantan Selatan,Kab. Tabalong,600306-PT. BPR Tabalong Bersinar Kelua,600306-PT. BPR Tabalong Bersinar Kelua,0,0,0,0,0,0,0,0,0,0,0,0,0,0,0,0,0,0,,
5/21/2025 21:16,2021,Maret,Provinsi Kalimantan Selatan,Kab. Tabalong,600308-PT. BPR Tabalong Bersinar Muara Uya,600308-PT. BPR Tabalong Bersinar Muara Uya,0,0,0,0,0,0,0,0,0,0,0,0,0,0,0,0,0,0,,
5/21/2025 21:16,2021,Maret,Provinsi Kalimantan Selatan,Kab. Tanah Laut,602709-PT Bank Perekonomian Rakyat Tanah Laut,602709-PT Bank Perekonomian Rakyat Tanah Laut,28651337,26506526,14970879,14888563,22737690,21451463,"-461,849","-1,210,187",275496,165250,4.42,41.75,3.08,100,3.12,63.78,55.87,74.07,"SUPRAPTO, RINANTO","JOKO WURYANTO, FIFIANA FITRI AMALIA"
5/21/2025 21:16,2021,Maret,Provinsi Kalimantan Selatan,Kab. Hulu Sungai Selatan,600298-PT Bank Perekonomian Rakyat Hulu Sungai Selatan Perseroda,600298-PT Bank Perekonomian Rakyat Hulu Sungai Selatan Perseroda,14484643,15242029,8231571,7911204,8979504,9414132,"-2,885,129","-2,766,940","-114,765",89804,4.05,55.67,3.77,45.48,-0.69,14.8,60.62,102.46,"Akhmad Jainudin, Nurfarida","Sudiono, Roni Rusnadi"
5/21/2025 21:16,2021,Maret,Provinsi Kalimantan Barat,Kab. Sambas,601947-PT. BPR Tebas Lokarizki,601947-PT. BPR Tebas Lokarizki,0,0,0,0,0,0,0,0,0,0,0,0,0,0,0,0,0,0,,
5/21/2025 21:16,2021,Maret,Provinsi Kalimantan Selatan,Kab. Hulu Sungai Utara,600224-PT Bank Perekonomian Rakyat Candi Agung Amuntai,600224-PT Bank Perekonomian Rakyat Candi Agung Amuntai,81490689,31090006,61054187,23646347,52659357,20067330,"-11,798,501",174632,"-986,377","-83,547",5.88,56.59,12.59,100,-0.89,7.86,137.88,129.16,"AKHMAD SUGANDI, SE, MUHAMMAD WAHYUDIN, SE","H. FAJERI RIFANI, S.SOS, M.Si, RAHMAN HERIADI, S.STP, M.Si, Drs. H. Abdul Wahid HK, MM, M.Si, H. Sabirin Noor, S.Sos, MH, Agus Sabarrudin"
5/21/2025 21:17,2021,Maret,Provinsi Kalimantan Selatan,Kab. Barito Kuala,602734-PT. BPR Batola,602734-PT. BPR Batola,16053865,9628226,8950553,6485113,8199636,3414265,"-1,859,199","-1,901,463","-986,572",65424,25.67,99.73,8.02,100,-3.78,90.65,96.58,120.71,"BAHRANI, SYARIFIL ANWAR","DRS.JOHAN ARIFIN, AKHMAD MAWARNI, PEMERINTAH KABUPATEN BARITO KUALA, PEMERINTAH PROVINSI KALIMANTAN SELATAN"
5/21/2025 21:17,2021,Maret,Provinsi Kalimantan Selatan,Kab. Tabalong,600304-PT BPR Tabalong Bersinar,600304-PT BPR Tabalong Bersinar,72185926,22371158,47621799,14312513,39927041,14405311,558301,"-619,236","-554,007",85083,6.78,67.7,8.28,86.55,-0.29,19.47,73.13,102.44,"MUHAMMAD GAZALI RAKHMAN, MASLIANA, SUHARDI","AHMAD JUBAIRI, HUSIN ANSARI, SAJIDIN NOOR"
5/21/2025 21:17,2021,Maret,Provinsi Kalimantan Selatan,Kab. Kota Baru,602698-PT Bank Perekonomian Rakyat Bank Kotabaru Perseroda,602698-PT Bank Perekonomian Rakyat Bank Kotabaru Perseroda,10911181,9488586,7534824,6130503,5015029,3983980,498950,0,84348,191752,1.49,74.32,1.68,100,3.76,53.41,72.64,85.44,"SLAMET SUSENO HADI, ERLLYN FAULINDA","ACHMAD SYUHADA, IR.H.HARDHANI.MSI"
5/21/2025 21:17,2021,Maret,Provinsi Kalimantan Selatan,Kab. Balangan,602697-PT BPR Sanggam Cipta Sejahtera Balangan,602697-PT BPR Sanggam Cipta Sejahtera Balangan,15307232,16108394,10904769,10637406,4496411,5475255,805909,804826,143504,127871,6.5,149.69,6.54,100,5.87,29.67,75.94,65.63,"MUHAMMAD ISNAENI, FREDY FAISAL RAHMAN","RUSKARIADI, MAHLIANOR, PEMERINTAH KABUPATEN BALANGAN, PEMERINTAH PROVINSI KALIMANTAN SELATAN, PT. BANK PEMBANGUNAN DAERAH KALIMANTAN SELATAN"
5/21/2025 21:17,2021,Maret,Provinsi Kalimantan Selatan,Kota Banjarbaru,601984-PT BPR Gawisabumi Mandarsari,601984-PT BPR Gawisabumi Mandarsari,17486623,12282400,15016237,10642813,12302359,11242588,652982,"-918,725",269448,"-103,297",5.22,32.18,6.39,100,10.89,7.76,93.6,60.6,TRI AFIATNI FUJI DHARMA,"MONANG SAGALA, SE, AK, CA, CPA, NOOR HASANAH, SH, MONANG SAGALA, SE, Ak, CA, CPA"
5/21/2025 21:17,2021,Maret,Provinsi Kalimantan Barat,Kab. Sanggau,600892-PT Bank Perekonomian Rakyat Dana Sanggau Mandiri,600892-PT Bank Perekonomian Rakyat Dana Sanggau Mandiri,33405335,38030300,10386002,13000636,27225901,31614504,9386,122746,170048,293050,17.11,48.24,8.23,100,-0.71,51.98,35.36,105.6,"SARYONO, IGNASIA ESTER NENG","SANTI, ALIUDIN, LUKAS GUNAWAN"
5/21/2025 21:17,2021,Maret,Provinsi Kalimantan Barat,Kab. Sintang,602720-PT Bank Perekonomian Rakyat Tritunggal,602720-PT Bank Perekonomian Rakyat Tritunggal,49425142,29713408,33347944,15109757,42322158,23098966,"-7,654","-66,646",310638,"-118,912",13.5,42.98,4.89,0,4.74,31.74,51.65,62.45,"TITI WIJAYA, YENNI TRESNAWATI","LUKAS, ALIUDIN, LUKAS"
5/21/2025 21:17,2021,Maret,Provinsi Kalimantan Selatan,Kota Banjarmasin,601987-PT Bank Perekonomian Rakyat Danapermata Lestari,601987-PT Bank Perekonomian Rakyat Danapermata Lestari,28811873,27975889,17312682,20535221,21295937,20696905,420060,1234126,"-299,122","-350,140",16.95,36.07,13.09,100,-2.75,38.51,62.27,113.4,,
5/21/2025 21:17,2021,Maret,Provinsi Kalimantan Barat,Kab. Kubu Raya,601122-PT Bank Perekonomian Rakyat Lokadana Sentosa,601122-PT Bank Perekonomian Rakyat Lokadana Sentosa,110454603,91586373,53735236,50190533,87104318,70062343,6133808,4542485,674079,489147,8.74,64.7,3.97,100,2.17,18.37,50.31,80.07,"RUDY SANTYOSO, TJHIN SE SAM","ABDUL HAMID, SE, MM, HENGKY RONY NGADIMIN, SANTYOSO TIO, S.H., M.H."
5/21/2025 21:17,2021,Maret,Provinsi Kalimantan Barat,Kab. Kubu Raya,601988-PT Bank Perekonomian Rakyat Dana Tirtaraya,601988-PT Bank Perekonomian Rakyat Dana Tirtaraya,43703974,18915166,30054229,9577135,39198310,14640336,1196587,873372,74077,166458,1.15,37.96,0.63,100,0.85,9.36,69.69,91.73,"HERI GUNAWAN, VINA VALENSYA","RUDY LESMANA, IVAN SWANDONO, SWANDONO ADIJANTO"
5/21/2025 21:17,2021,Maret,Provinsi Kalimantan Barat,Kab. Kubu Raya,601986-PT Bank Perekonomian Rakyat Cahaya Wiraputra,601986-PT Bank Perekonomian Rakyat Cahaya Wiraputra,55596591,52529531,25224250,24110160,46401895,43457261,2213341,2135207,216921,172629,22.76,40.42,14.13,100,1.49,16.1,52.26,88.02,"HERI PURNAMANSYAH, SUPRIANTO","RITA, TANWIR, PT. HAKIM PUTRA PERKASA"
5/21/2025 21:17,2021,Maret,Provinsi Kalimantan Barat,Kab. Sanggau,602066-PT Bank Perekonomian Rakyat Mitra Primalestari,602066-PT Bank Perekonomian Rakyat Mitra Primalestari,126444383,95903407,65278477,62245405,112713846,83009413,4430437,3565926,800100,828068,15.11,31.67,9.32,100,0.74,14.85,59.08,80.13,"Ir. SINGGIH MINTARNO, MBA, I WAYAN EKO YUWANA, SE, KHIM KHIM, SE","HARTONO, SE, Ir. NUNING YULIATI, MM, GUNAWAN LIMANTO, B.SC, FRANS GOSAL, B.SC"
5/21/2025 21:17,2021,Maret,Provinsi Kalimantan Barat,Kota Pontianak,601121-Perumda BPR Khatulistiwa Pontianak,601121-Perumda BPR Khatulistiwa Pontianak,63075636,52246539,49029533,42869689,42471489,34760543,689442,552390,449649,405185,2.05,38.89,2.62,100,3.46,28.02,86.57,79.44,"DRS. AGUS SUBARDI, SE. MM., HERMANSYAH, SE","MUHAMMAD FAHMI, SE. MM. AK. CA., IR. AMIRULLAH, MA., PEMERINTAH KOTA PONTIANAK"
5/21/2025 21:17,2021,Maret,Provinsi Kalimantan Barat,Kota Pontianak,600809-PT Bank Perekonomian Rakyat Perdana Lintas Khatulistiwa,600809-PT Bank Perekonomian Rakyat Perdana Lintas Khatulistiwa,68803403,73345553,38633976,37212057,60359365,63638624,5170223,6491714,"-476,185","-534,785",11.7,36.17,8.39,100,-1.75,16.05,59.44,121.01,"GUNAWAN, SE, PURWANTO, SE., MM.","LARRYANDIE SUHARNO NG, SE., MM., STEPHEN EDWARD YIU, B.COM, MULIAWAN YIU, B.SC, LARRYANDIE SUHARNO NG, SE., MM."
5/21/2025 21:18,2021,Maret,Provinsi Kalimantan Barat,Kota Pontianak,601126-PT Bank Perekonomian Rakyat Centradana Kapuas,601126-PT Bank Perekonomian Rakyat Centradana Kapuas,146138427,123070710,78658763,81803933,132305206,109128635,0,0,421670,558182,5.13,27.11,3.17,100,1.28,16.58,57.04,87.63,"BUDI HARTANTO, NUR ARIFIN","HENGKY SUMANTRI, SUTANTO"
5/21/2025 21:18,2021,Maret,Provinsi Kalimantan Barat,Kota Singkawang,601989-PT. BPR Sambas Arta,601989-PT. BPR Sambas Arta,0,0,0,0,0,0,0,0,0,0,0,0,0,0,0,0,0,0,,
5/21/2025 21:18,2021,Maret,Provinsi Kalimantan Barat,Kota Pontianak,600059-PT. BPR Universal Kalbar,600059-PT. BPR Universal Kalbar,95249667,69856951,45659657,34128603,87711554,63478903,3988603,3104931,333510,57117,2.33,20.18,1.19,100,1.63,12.94,51.73,90.11,"PIDARI SINAGA, SAUDIN BENYAMIN SIBORO","KAMAN SIBORO, DEDDY HADIYANA, KAMAN SIBORO"
5/21/2025 21:18,2021,Maret,Provinsi Kalimantan Barat,Kota Pontianak,602464-PT Bank Perekonomian Rakyat Cemerlang Kapuas Makmur,602464-PT Bank Perekonomian Rakyat Cemerlang Kapuas Makmur,18780929,19654673,6404580,6220578,12507624,13259211,2051050,2107261,3113,69059,13.13,101.39,5.86,100,-0.63,33.26,35.95,108.55,"HANDOKO SUSILO, MULYAWANSYAH","ALEXANDER TJHE, RITA TARDJONO, ALEXANDER TJHE"
5/21/2025 21:18,2021,Maret,Provinsi Kalimantan Barat,Kota Pontianak,602547-PT Bank Perekonomian Rakyat Andalan Favorit Perdana,602547-PT Bank Perekonomian Rakyat Andalan Favorit Perdana,43094827,40713424,23488276,25615337,28593486,26338664,1565403,1591658,160091,125692,1.63,112.21,0.46,100,1.66,20.93,55.97,85.26,"LINDA ROSTIATY, FIE JAN","LEO JOHAN SOESANTO, ABI HASNI TAHIR"
5/21/2025 21:18,2021,Maret,Provinsi Kalimantan Barat,Kota Pontianak,602074-PT Bank Perekonomian Rakyat Prima Multi Makmur,602074-PT Bank Perekonomian Rakyat Prima Multi Makmur,495946355,398863934,168100779,141245893,447038285,356988048,7986746,529434,2521324,2946452,4.74,27.66,1.55,100,2.05,13.33,35.04,74.57,"Maraton Tulus Nada, Maulana","Susi Firmanto, Lie Theng Khiang Als. Hendro Pemilu"
5/21/2025 21:18,2021,Maret,Provinsi Kalimantan Barat,Kota Pontianak,602686-PT. BPR Ukabima Khatulistiwa Pontianak,602686-PT. BPR Ukabima Khatulistiwa Pontianak,7117671,5952758,2646041,1769685,3689645,3070478,"-4,001,203","-3,348,305","-35,524","-234,168",7.29,117.1,9.22,100,-6.82,40.58,46.19,139.88,SAIFUL,"DAMIAN DION SALAM, PAULA SETIADI, PT. USAHA KARYA BINA MANDIRI"
5/21/2025 21:18,2021,Maret,Provinsi Kalimantan Barat,Kota Pontianak,602543-PT Bank Perekonomian Rakyat Sukadana Prima,602543-PT Bank Perekonomian Rakyat Sukadana Prima,10658768,9962521,3359929,3533519,7145080,7703806,"-2,418,140","-1,554,123","-118,172","-237,162",36.55,78.16,21.46,100,-1.12,99.74,40.09,158.98,"Syafrin Lewi SE, Meidi Widiyanto SE",Raja Sapta Oktohari
5/21/2025 21:18,2021,Maret,Provinsi Kalimantan Barat,Kota Pontianak,602707-PT Bank Perekonomian Rakyat Cahaya Khatulistiwa Sejahtera,602707-PT Bank Perekonomian Rakyat Cahaya Khatulistiwa Sejahtera,45532414,58293161,31151945,31795156,38675426,51276779,"-1,254,522","-480,518",111510,"-503,100",16.87,41.91,12.95,100.01,-0.32,21.73,73.62,102.82,"Hasan, Muhammad Purnama","Nursalam, Tjung Po Sun als Sunadi Harsono"
5/21/2025 21:18,2021,Maret,Provinsi Kalimantan Timur,Kab. Kutai Kartanegara,601124-PT BANK PEREKONOMIAN RAKYAT INGERTAD BANGUN UTAMA,601124-PT BANK PEREKONOMIAN RAKYAT INGERTAD BANGUN UTAMA,23000350,20345951,10394032,9534746,15382577,12787347,0,0,60166,19376,2.9,68.54,1.73,100,0.26,15.27,46.53,93.25,"Muhammad Fajar, Philipus Bali Sabon, Muhamad Riduwan","Aripaddin, SE, Khaleda Risky Meitya"
5/21/2025 21:18,2021,Maret,Provinsi Kalimantan Timur,Kab. Kutai Kartanegara,602555-PT BANK PEREKONOMIAN RAKYAT BEPEDE KALTIM SEJAHTERA,602555-PT BANK PEREKONOMIAN RAKYAT BEPEDE KALTIM SEJAHTERA,86833361,86976656,53973839,51940593,66928168,66331816,1223488,2030994,661436,805280,2.39,49.48,2.99,100,3.1,7.48,68.58,88.12,"UMAR SYAM, BAMBANG SUHERWANTO","SUDARMO, SUWARTO"
5/21/2025 21:18,2021,Maret,Provinsi Kalimantan Barat,Kota Pontianak,602732-PT BPR Duta Niaga,602732-PT BPR Duta Niaga,60104013,34471693,57277290,32220214,50914573,27534603,0,"-1,615,648",932946,552738,3.24,44.64,2.3,100,6.33,4.72,97.9,65.54,"H Zulhelmi Ba Bud, Delsy Donny","Gusti Sjahdan, Almizan, H Gusti nanang H Mustafa"
5/21/2025 21:19,2021,Maret,Provinsi Kalimantan Barat,Kota Singkawang,602588-PT BPR Panca Arta Graha,602588-PT BPR Panca Arta Graha,28511633,25548509,22598070,18356250,25439909,22134599,"-7,282,497","-7,280,899","-145,779",194809,4.1,32.71,5.86,100,-0.46,10.16,87.06,110.37,"Junaidi, Yopidius","Soesanto Prajitno, Benny Temansjah, Hardy Yunnaraga"
5/21/2025 21:19,2021,Maret,Provinsi Kalimantan Timur,Kota Samarinda,600930-PT Bank Perekonomian Rakyat Kredit Mandiri Kalimantan Timur,600930-PT Bank Perekonomian Rakyat Kredit Mandiri Kalimantan Timur,2262780,4950989,1814286,2487197,1852499,4670525,"-4,320,763","-4,096,898","-18,956","-72,638",12.82,23.14,10.5,100,1.65,21.39,88.6,1655.09,H. MOH CHOLIQ,"VERONICA GONDOWIDJOJO, VERONICA GONDOWIDJOJO"
5/21/2025 21:19,2021,Maret,Provinsi Kalimantan Timur,Kota Samarinda,600865-PT BANK PEREKONOMIAN RAKYAT ARTHA KARYA PERDANA,600865-PT BANK PEREKONOMIAN RAKYAT ARTHA KARYA PERDANA,29557302,26347131,17165676,17031891,17716771,13871728,2167948,2749759,72583,125644,3.03,19.23,15.18,100,1.38,6.44,126.44,89.19,"SYADARUDDIN, BASYUNI ACHMAD","MULYADI MARZUKI, BUDIANTO SOEDARSONO, FANNY LISTIAWATI, SOERJADI SOEDARSONO, RONY MULIANA QQ FAITH ANJA KRISTIANA, RONY  MULIANA QQ GRACE MARIANNE KRISTIANA, SYADARUDDIN"
5/21/2025 21:19,2021,Maret,Provinsi Kalimantan Timur,Kab. Bulungan,602700-PT BPR Bank Bulungan (Perseroda),602700-PT BPR Bank Bulungan (Perseroda),61175716,62611140,30619118,28848380,17290481,18861033,1377136,1227605,384272,"-104,594",4.33,131.9,2.33,100,3.43,20.91,52.55,60.89,"LENNY MARLINA, SUHARDIYANTO","DR ARIF JAUHAR TONTOWI MM, DYAH ASTUTIK"
5/21/2025 21:19,2021,Maret,Provinsi Kalimantan Timur,Kota Samarinda,601130-PT Bank Perekonomian Rakyat Ronggolawe,601130-PT Bank Perekonomian Rakyat Ronggolawe,42034611,35990571,28904957,26413174,31843272,26548678,3941586,3023442,349753,518451,1.37,23.88,4.15,100,1.99,38.34,82.31,84.44,"Wuri Triyani, Rilly Jeanne","Mansyuri, Drs Liyanto Tjokrosuwarno"
5/21/2025 21:19,2021,Maret,Provinsi Kalimantan Barat,Kota Pontianak,602659-PT Bank Perekonomian Rakyat Dana Wira Buana,602659-PT Bank Perekonomian Rakyat Dana Wira Buana,64859303,52981935,45957162,43033484,53751476,43117860,3810194,2298518,97633,365557,13.01,40.09,9.56,100,0.74,28.82,75.66,91.59,"ILHAM SURYONO, DRA SEJARAH SURYANI","YULIANA TEDYATMADJAYA, YULIANA TEDYATMADJAYA"
5/21/2025 21:19,2021,Maret,Provinsi Kalimantan Timur,Kab. Kutai Timur,602550-PT BANK PEREKONOMIAN RAKYAT KUTAI TIMUR,602550-PT BANK PEREKONOMIAN RAKYAT KUTAI TIMUR,34446428,35045450,18126838,16621160,22615839,22174681,"-1,347,746",307032,293441,"-305,805",1.66,52.51,1.23,100,-2.24,20.68,62.32,82.83,"SAPTORO, MUHAMMAD NASIR",
5/21/2025 21:19,2021,Maret,Provinsi Kalimantan Timur,Kota Samarinda,602067-PT BANK PEREKONOMIAN RAKYAT BANK SAMARINDA,602067-PT BANK PEREKONOMIAN RAKYAT BANK SAMARINDA,50521574,55149083,27709265,33501243,23427551,23700099,"-2,647,015",1526622,25849,512497,19.82,126.42,13.94,100,-5.97,53.78,61.9,116.27,"Desy Noviyanti SE,MM","siti faujiah, Pemerintah Kota Samarinda"
5/21/2025 21:19,2021,Maret,Provinsi Kalimantan Timur,Kota Samarinda,602460-PT Bank Perekonomian Rakyat Sekar Kalimantan Timur,602460-PT Bank Perekonomian Rakyat Sekar Kalimantan Timur,32003223,31634539,23446767,22660152,25305409,27070044,"-933,035","-1,533,649",130849,98144,8.36,31.82,7.07,100,0.41,19.75,76.21,90.34,"SUTIKNO, NURUL YULIANI","PRODJO DJAJANTO, PRODJO DJAJANTO, PRODJO SUNARJANTO"
5/21/2025 21:19,2021,Maret,Provinsi Kalimantan Timur,Kota Tarakan,602749-PT BANK PEREKONOMIAN RAKYAT DANAFAST KALIMANTAN UTARA,602749-PT BANK PEREKONOMIAN RAKYAT DANAFAST KALIMANTAN UTARA,24914251,24975410,10757925,12395890,16217617,16440845,659418,241959,37216,292606,6.9,68.77,7.33,100,0.15,79.11,45.91,94.88,"Ronald Tjokrosuwarno, Bambang Nurbianto","Sulaiman Hambali, Mansyuri"
5/21/2025 21:19,2021,Maret,Provinsi Kalimantan Timur,Kota Samarinda,602085-PT BANK PEREKONOMIAN RAKYAT DANAFLASH KALIMANTAN TIMUR,602085-PT BANK PEREKONOMIAN RAKYAT DANAFLASH KALIMANTAN TIMUR,15123428,10790894,8977902,6737284,11484857,8454337,"-3,543,189","-3,889,022",122660,169359,2.63,23.24,79.86,85.85,3.46,54,2.68,124.03,ACHMAD BUDIONO MAULANA,"JIMMY TJOKROSUWARNO, BUDI SASTRIJA WIDJAJA"
5/21/2025 21:20,2021,Maret,Provinsi Kalimantan Timur,Kota Samarinda,602565-PT Bank Perekonomian Rakyat Bangun Permata Karsa,602565-PT Bank Perekonomian Rakyat Bangun Permata Karsa,10385988,10460847,3230065,3966496,9061082,9183016,"-5,529,861","-4,356,269",9796,"-210,871",5.79,29.13,5.65,46.64,0,34.34,44.01,141.92,Merintika Laksana,"Bruri Yahma Pribadi, Hasanudin"
5/21/2025 21:20,2021,Maret,Provinsi Kalimantan Timur,Kota Bontang,600791-PT Bank Perekonomian Rakyat Paro Tua,600791-PT Bank Perekonomian Rakyat Paro Tua,17758892,21222692,13082207,16317077,9449893,12331431,1304671,1685774,201698,487146,2.93,61.29,5.2,100,7.83,10.08,82.1,80.92,"OSKAR PANJAITAN, MAJIDEK","GOMGOM LIMARTH SIAHAAN, AHMAD DONI RILLANDI, LUCERIA SIAGIAN"
5/21/2025 21:20,2021,Maret,Provinsi Kalimantan Timur,Kota Balikpapan,600801-PT BANK PEREKONOMIAN RAKYAT RONABASA,600801-PT BANK PEREKONOMIAN RAKYAT RONABASA,27620244,26170294,16847723,18249617,19216997,16826872,1120974,2006015,335945,491380,4.17,48.67,3.77,100,4.32,16.98,66.06,86.01,"ARMIN SITORUS, S.SOS, ISWANTO, SP","DRS. GOMGOM LIMARTH SIAHAAN, AHMAD DONI RILLANDI, SH, LUCERIA SIAGIAN"
5/21/2025 21:20,2021,Maret,Provinsi Kalimantan Tengah,Kab. Kotawaringin Barat,601990-PT. BPR Lingga Sejahtera,601990-PT. BPR Lingga Sejahtera,435452226,465577814,365694028,404096419,309813966,358088126,115038079,92090239,5500181,10299449,1.44,54.54,4.9,100.75,3.88,15.79,94.18,64.92,"RUSDIANSYAH, SH, BENNY MELKI PANJAITAN, S.KOM","IR. RIMBUN SITUMORANG, MM, PT. CITRA BORNEO INDAH"
5/21/2025 21:20,2021,Maret,Provinsi Kalimantan Timur,Kota Bontang,601125-PT Bank Perekonomian Rakyat Dhanarta Dwiprima Kota Bontang,601125-PT Bank Perekonomian Rakyat Dhanarta Dwiprima Kota Bontang,26184549,25871251,8170011,8089268,21642764,21558748,"-2,356,148","-2,476,729",4662,"-104,039",24.92,35.5,8.87,100,0.02,14.22,35.74,20.86,Pepen Hartono,Bambang Sudarmanto
5/21/2025 21:20,2021,Maret,Provinsi Kalimantan Timur,Kota Bontang,602624-PT Bank Perekonomian Rakyat Bontang,602624-PT Bank Perekonomian Rakyat Bontang,11005209,11163015,6530864,3879551,9855219,10372668,"-4,748,212","-4,423,766",48202,"-135,887",0.37,12.71,0.29,100,0.44,25.86,108.74,109.96,"Siti Faujiah, Faisyal, Devy Rachmah Yanti",
5/21/2025 21:20,2021,Maret,Provinsi Sulawesi Tengah,Kab. Parigi Moutong,601920-PT. BPR Akarumi,601920-PT. BPR Akarumi,0,0,0,0,0,0,0,0,0,0,0,0,0,0,0,0,0,0,,
5/21/2025 21:20,2021,Maret,Provinsi Kalimantan Tengah,Kab. Kotawaringin Barat,602611-Perumda BPR Marunting Sejahtera,602611-Perumda BPR Marunting Sejahtera,70513891,65374415,39262007,41818911,52558930,48820576,1100433,954016,265534,297163,17.55,56.42,13.25,100,0.94,35.18,60.76,84.89,"DIDIK SETIAWAN, AMONI HULU","FIDIYAH HANIN, SUYANTO"
5/21/2025 21:20,2021,Maret,Provinsi Kalimantan Tengah,Kab. Sukamara,602691-PT. BPR Artha Sukma,602691-PT. BPR Artha Sukma,54148160,48303359,34058850,35144308,24166998,21991796,1379846,3105917,1616653,842166,3.88,81.9,5.01,100,4.56,21.74,70.41,71.74,ZULKIPLI,"MURYADI HARMAN, RENDY LESMANA, PEMERINTAH DAERAH KABUPATEN SUKAMARA"
5/21/2025 21:20,2021,Maret,Provinsi Kalimantan Tengah,Kab. Kotawaringin Timur,601031-PT. BPR Ukabima Prima,601031-PT. BPR Ukabima Prima,21968036,22139248,18384880,18495357,17993364,18361610,"-3,175,703","-3,506,698",57875,191836,11.2,33.27,7.54,100,4.38,12.04,91.23,89.5,"GORDON PARDAMEAN TAMPUBOLON, BRITA NATALYS","FERDINAN, PERAH TAMIANG UKUR, PT. USAHA KARYA BINA MANDIRI"
5/21/2025 21:20,2021,Maret,Provinsi Kalimantan Tengah,Kab. Kotawaringin Barat,602692-PT. BPR Pelangi,602692-PT. BPR Pelangi,26626327,31928567,19267402,23836404,15275675,20097694,3799105,4350542,750897,897208,0.68,50.6,0.73,100,17.07,39.91,76.07,56.22,"DARWIN M MARPAUNG, SE, PARLINDUNGAN SIHITE, AMD","DRA HJ LIJAH SITORUS, LAMBOK SITORUS, AMD, NY.LUCERIA SIAGIAN, LAINNYA, DRS.GOMGOM LIMART, DRS.ROBERT SITORUS, DRS.WILSON MUCHTAR SITORUS, SIHAR P.H SITORUS, HAKIM AGUNG SUNKUNAN, NY.ADUMAHATI RENTA SITORUS, SABAR GANDA LEONARDO SITORUS, NY.IKA TIUR LARA SITORUS"
5/21/2025 21:20,2021,Maret,Provinsi Sulawesi Tengah,Kab. Parimo/Banggai,600859-PT. BPR Mitra Niaga Banggai,600859-PT. BPR Mitra Niaga Banggai,0,0,0,0,0,0,0,0,0,0,3.29,46.26,2.6,100,1.23,31.1,61.63,92.52,AKMAL SYAM,"KRIS YULIARTO ENDRATNO, HELMY MOHAMMAD"
5/21/2025 21:21,2021,Maret,Provinsi Sulawesi Tengah,Kab. Parigi Moutong,600063-PT Bank Perekonomian Rakyat Binarta Luhur,600063-PT Bank Perekonomian Rakyat Binarta Luhur,25393767,23140386,13346197,16198799,18842409,17220457,"-837,133","-1,017,297",143793,"-107,472",12.37,59.58,9.19,100,0.57,26.32,53.47,87.22,"I KETUT AGUS SUTRADIANTO, I KETUT YONATAN, BACHRUDDIN RO-E","I GEDE RAI MERTHA, I MADE SUDARMAYASA"
5/21/2025 21:21,2021,Maret,Provinsi Sulawesi Tengah,Kab. Poso,602601-PT Bank Perekonomian Rakyat Yaspis Dana Prima,602601-PT Bank Perekonomian Rakyat Yaspis Dana Prima,18497476,18031560,10635789,11316433,12854640,13023182,3476610,2664584,79523,257091,3.01,76.18,2.5,100,4.22,38.66,61.4,84.39,"NYOMAN MULIYADI, ANDARIAS SAM G. DANGA","FERNANDO CHRISTIAN WONGKAR, RIKSON TOWENGKE, INDRA WONGKAR, , , "
5/21/2025 21:21,2021,Maret,Provinsi Sulawesi Selatan,Kab. Gowa,601146-Koperasi BPR Abang Pasar,601146-Koperasi BPR Abang Pasar,0,0,0,0,0,0,0,0,0,0,0,0,0,0,0,0,0,0,,
5/21/2025 21:21,2021,Maret,Provinsi Sulawesi Tengah,Kota Palu,602539-PT Bank Perekonomian Rakyat Sulawesi Karya Sentosa,602539-PT Bank Perekonomian Rakyat Sulawesi Karya Sentosa,10882599,12026796,6633541,8731058,7290009,7906751,"-6,819,578","-6,250,932","-35,749","-76,940",18.1,77.93,9.25,100,-4.46,30.46,63.03,125.5,"CHRISTIAN F KAUNANG, MERRY MARGARETH GHOZALI","BAMBANG PRAWITO, FGWB TUTUHATUNEWA, IGN HERRY WIBOWO"
5/21/2025 21:21,2021,Maret,Provinsi Sulawesi Tengah,Kota Palu,602626-PT Bank Perekonomian Rakyat Prima Artha Sejahtera,602626-PT Bank Perekonomian Rakyat Prima Artha Sejahtera,37857722,39049579,23296399,26348259,27689710,27273235,1294951,3212370,473061,163974,10.96,50.25,4.11,99.2,0.21,28.41,67.04,98.65,"HARRYANTO DWI OKY GUNAWAN, MARTHINA EPPANG","PAUL DASAN ANDI LOLO, DAVID SALIM TANDO"
5/21/2025 21:21,2021,Maret,Provinsi Sulawesi Tengah,Kota Palu,601882-PT. BPR Palu Lokadana Utama,601882-PT. BPR Palu Lokadana Utama,2485273013,2284871193,2089692707,2064283517,2116005993,1996689526,186782500,115826768,24084520,17154899,0.39,20.34,0.41,100,4.44,29.29,87.8,73.74,"ALI BAHADJAI, DANNY DAVID K. SUMAMPOUW, JESMIN TARALALU","ANIKE RIRIHATUELA, RIWANDARI JUNIASTI, EUIS WIWIN TURNIA, PT. Modern Multiartha"
5/21/2025 21:21,2021,Maret,Provinsi Sulawesi Tengah,Kota Palu,602622-PT Bank Perekonomian Rakyat Sulawesi Mitra Abadi,602622-PT Bank Perekonomian Rakyat Sulawesi Mitra Abadi,15372435,7057301,9016959,3380911,11801703,3719755,"-1,217,172","-331,229","-212,096","-331,225",5.87,34.57,3.59,100,-7.39,53.24,72.4,149.47,"FEBRI DWI TJAHJADI, ANDI ADY AKBAR","MEISKE KUMAUNANG, INDRIE SEPTIANA LYANTO, INDRIE SEPTIANA LYANTO, FGWB TUTUHATUNEWA"
5/21/2025 21:21,2021,Maret,Provinsi Kalimantan Tengah,Kab. Lamandau,602754-PT. BPR Sampuraga Cemerlang (Perseroda),602754-PT. BPR Sampuraga Cemerlang (Perseroda),67465915,38563589,42125511,32239595,45397212,21700704,1613691,0,379977,787850,3.78,65.02,1.48,100,3.34,31.11,69.82,79.69,"BUDI HASTOMO, MUHAMMAD RIDWAN","LANIE, DEDI ACHMAD SANTIKA"
5/21/2025 21:21,2021,Maret,Provinsi Sulawesi Selatan,Kab. Bone,600831-PT Bank Perekonomian Rakyat Suar Data,600831-PT Bank Perekonomian Rakyat Suar Data,19162081,20736606,10907714,16588005,11176190,11479705,1099560,2019877,148672,599513,9.27,85.22,11.01,100,6.67,72.1,62.32,80.3,"WAHYU PRABOWO, SALMON","RUSLI, SE, AIDIL AKBAR, SE, LUSERIA SIAGIAN, SIHAR PH SITORUS MBA, HAKIM AGUNG S SITORUS BSME, ELLY HUTAJULU SH, ANTONIUS SIAGIAN SE, SABAR GANDA L SITORUS, ADUMAHATI RM SITORUS BSBA, IKA ROHANI T SITORUS BIS"
5/21/2025 21:21,2021,Maret,Provinsi Sulawesi Tengah,Kota Palu,602542-PT Bank Perekonomian Rakyat Palu Anugerah,602542-PT Bank Perekonomian Rakyat Palu Anugerah,97666264,106024152,70785173,76583764,80631262,90318465,11964134,10936165,1470868,1169522,7.81,30.26,7.9,96.64,4.58,14.04,79.88,74.48,"VERRY ONGADI, RUNI DIANA","SHIERLY TRISNAWATI, YOHANES TOREH"
5/21/2025 21:21,2021,Maret,Provinsi Sulawesi Selatan,Kab. Maros,600034-PT. BPR Dana Niaga Mandiri,600034-PT. BPR Dana Niaga Mandiri,0,0,0,0,0,0,0,0,0,0,0,0,0,0,0,0,0,0,,
5/21/2025 21:22,2021,Maret,Provinsi Sulawesi Selatan,Kab. Gowa,600833-PT Bank Perekonomian Rakyat Pataru Laba,600833-PT Bank Perekonomian Rakyat Pataru Laba,17691706,19602686,8946301,14504780,10956478,12213436,237303,633704,73487,362793,24.4,76.58,13.24,102.53,0,35.25,64.21,99.76,"FUALUDDIN,SE","AIDIL AKBAR,SE, TETEN ALAMSYAH.A,SH, NY. LUSERIA SIAGIAN"
5/21/2025 21:22,2021,Maret,Provinsi Sulawesi Selatan,Kab. Tana Toraja,601918-PT Bank Perekonomian Rakyat Capta Mulia Abadi,601918-PT Bank Perekonomian Rakyat Capta Mulia Abadi,16657568,18878389,9549720,12558350,13391780,15466139,1371488,1547884,106100,76166,19.85,30.15,9.41,100,-1.24,40.16,62.86,108.39,HASNIBA ABBAS DANGKENG,"SUNOTO RAPA TODING, DANIEL TODING"
5/21/2025 21:22,2021,Maret,Provinsi Sulawesi Selatan,Kab. Tana Toraja,601912-PT Bank Perekonomian Rakyat Tritama Abadi Mengkendek,601912-PT Bank Perekonomian Rakyat Tritama Abadi Mengkendek,3854146,3909445,7654,8665,657003,651320,"-2,663,993","-2,643,676","-38,864",1801,0,394.77,1.49,126.15,-1.52,87.81,1.71,90.06,dr.Florida Irene Toding,
5/21/2025 21:22,2021,Maret,Provinsi Sulawesi Selatan,Kab. Luwu Timur (d/h Luwu Selatan),600890-PT Bank Perekonomian Rakyat Unhas,600890-PT Bank Perekonomian Rakyat Unhas,11283210,13694509,7711562,10579905,5088107,7298161,2556208,2791830,20761,"-13,616",11.39,65.34,13.19,95.28,-0.77,90.62,86.19,106.63,GUNTUR ADDIN,"DRS. MUHAMMAD ABDUH, TIDAK ADA, TIDAK ADA, TIDAK ADA, TIDAK ADA, TIDAK ADA, TIDAK ADA, TIDAK ADA, TIDAK ADA, TIDAK ADA, TIDAK ADA"
5/21/2025 21:22,2021,Maret,Provinsi Sulawesi Selatan,Kab. Takalar,600049-PT Bank Perekonomian Rakyat Gerbang Masa Depan,600049-PT Bank Perekonomian Rakyat Gerbang Masa Depan,17924513,11247619,10455989,6133403,10169824,6538972,564662,49759,270037,194559,3.52,88.67,1.62,182.66,4.66,25.96,66.07,64.89,"Ahmad Idrus SP, Hasriani Abdullah","H. Khaedar, S.Sos.MM"
5/21/2025 21:22,2021,Maret,Provinsi Sulawesi Selatan,Kab. Selayar,602579-PT Bank Perekonomian Rakyat Pesisir Tanadoang,602579-PT Bank Perekonomian Rakyat Pesisir Tanadoang,35366017,33905384,27771476,25501218,23893437,23269249,0,0,411990,284553,6.22,88.55,6.66,100,3.44,25.76,86.65,78.92,"ASRIJAL AKIB, SE,MM, FIRMAWATY SAM, SE","DR.IR.H.MARJANI SULTAN,M.SI, MUHAMMAD AMRAN,S.TP,M.SI"
5/21/2025 21:22,2021,Maret,Provinsi Sulawesi Selatan,Kab. Toraja Utara,601943-PT Bank Perekonomian Rakyat Bank Toraya,601943-PT Bank Perekonomian Rakyat Bank Toraya,4143516,539581,0,342118,60117,89204,"-1,294,996","-1,199,263","-250,712",20533,0,1396.53,0,0,-87.8,35.99,0,694.53,"H.Yusran Yusuf, Hasyim M.Lasupu",
5/21/2025 21:22,2021,Maret,Provinsi Sulawesi Selatan,Kota Makassar,601148-PT Bank Perekonomian Rakyat Kota Makassar Perseroda,601148-PT Bank Perekonomian Rakyat Kota Makassar Perseroda,7246444,6110468,3269568,2154613,6390274,5190669,"-5,110,308","-5,012,672","-16,305","-50,312",0.59,4.23,5.25,1.54,-1.15,21.42,26.68,107.35,Qur'ani,
5/21/2025 21:22,2021,Maret,Provinsi Sulawesi Selatan,Kota Makassar,602699-PT. BPR Indotama UKM Sulawesi,602699-PT. BPR Indotama UKM Sulawesi,0,0,0,0,0,0,0,0,0,0,0,0,0,0,0,0,0,0,,
5/21/2025 21:22,2021,Maret,Provinsi Sulawesi Selatan,Kota Makassar,600916-PT. BPR Batara Wajo,600916-PT. BPR Batara Wajo,0,0,0,0,0,0,0,0,0,0,50.9,99.03,50.15,100,-22.68,53.95,90.59,383.1,Burhanuddin,"Drs. H. A. Yaksan Hamzah, MS., PhD"
5/21/2025 21:22,2021,Maret,Provinsi Sulawesi Selatan,Kota Makassar,601149-PT Bank Perekonomian Rakyat Taruna Jujur Sakti,601149-PT Bank Perekonomian Rakyat Taruna Jujur Sakti,3307828,4900431,2066436,1522685,101949,3125570,"-286,158","-241,173","-12,495",11502,0.21,139.1,1.84,100.11,0.11,1163.52,64.47,115.2,Sartika Ayu Prihatni,
5/21/2025 21:23,2021,Maret,Provinsi Sulawesi Selatan,Kota Makassar,602070-PT Bank Perekonomian Rakyat Hasamitra,602070-PT Bank Perekonomian Rakyat Hasamitra,2504997632,2443858108,2022233537,2212465158,2198192685,2161003629,48106385,161573173,13963261,14803493,0.3,21.45,0.9,100,2.65,22.52,84.17,78.3,"I Nyoman Supartha, I Made Semadi, Muhammad Dahlan","Yonggris, Andi Faisal Husni, Livinus Rantelino, Yonggris"
5/21/2025 21:23,2021,Maret,Provinsi Sulawesi Selatan,Kota Makassar,600823-PT Bank Perekonomian Rakyat Sulawesi Mandiri,600823-PT Bank Perekonomian Rakyat Sulawesi Mandiri,86420041,100414458,55078369,70325936,80395686,88337334,"-3,093,343",3922426,297698,"-665,302",15.06,24.23,25.17,100,0,6.57,75.74,104.11,"HENNRY KISINGER SAPPETAW, FERDINAN CHANDRA RANTE","IGN HERRY WIBOWO, BAMBANG PRAWITO, IGN HERRY WIBOWO, AGUS ANTARIKSA SIDHARTA, BAMBANG WIDJAJA"
5/21/2025 21:23,2021,Maret,Provinsi Sulawesi Selatan,Kota Makassar,601904-PT Bank Perekonomian Rakyat Sulawesi Danajaya,601904-PT Bank Perekonomian Rakyat Sulawesi Danajaya,12807150,13870930,10111931,9707598,9343450,10038387,"-3,236,650","-3,221,250","-324,781",28662,7.22,39.42,12.44,100,-2.47,14.49,89.63,154.67,"Juraid, SE., MM., Laga Rassa","Suliadi, SH., "
5/21/2025 21:23,2021,Maret,Provinsi Sulawesi Selatan,Kota Makassar,601911-PT Bank Perekonomian Rakyat Kredit Mandiri Sulawesi Selatan Sejahtera,601911-PT Bank Perekonomian Rakyat Kredit Mandiri Sulawesi Selatan Sejahtera,2214103,3135571,680037,1374008,1168496,1670470,"-736,317","-335,026","-103,180","-84,977",68.03,83.06,29.13,100.01,-4.47,125.7,34.49,275.51,HAMZAH MALEKE,"ANDRI NURJAYA, H.SYUKUR MAPPA, H. NAWAWI DARA DAN ANDRI NURJAYA, "
5/21/2025 21:23,2021,Maret,Provinsi Sulawesi Selatan,Kota Makassar,602662-PT Bank Perekonomian Rakyat Dian Artha Nusa,602662-PT Bank Perekonomian Rakyat Dian Artha Nusa,2471782,2630647,264865,286569,162077,2417186,"-1,404,876","-1,268,552","-37,419","-17,987",6.15,283.96,1.4,290.12,-6.2,119.14,11.98,231.68,RISNAWATI SUPARMAN,"RETNOWATI, CHENGWY KARLAM"
5/21/2025 21:23,2021,Maret,Provinsi Sulawesi Selatan,Kota Makassar,602755-PT BPR Modern Express Sulawesi Selatan,602755-PT BPR Modern Express Sulawesi Selatan,45122097,25747964,39115122,17749811,28873434,8246706,"-3,932,259","-2,009,673",180922,"-489,069",0,63.21,0,100,-3.81,15.38,92.35,125.25,"FERDY PETRUS TAPPY, TANTRI PRINDINAWATI","IR. TAN MARIA THERESIA JENNY RUSTAN, HASNAH HAMADO, PT. MODERN MULTI ARTHA"
5/21/2025 21:23,2021,Maret,Provinsi Sulawesi Utara,Kab. Bolaang Mongondow,601916-PT Bank Perekonomian Rakyat Citra Dumoga,601916-PT Bank Perekonomian Rakyat Citra Dumoga,311333503,324038817,255301418,248991131,279507789,288066195,13892114,15647496,"-2,781,004","-389,478",14.1,18.47,12.64,98.81,0.32,9.21,85.32,107.76,"DRA HAJIDAH PAPUTUNGAN, VICKY JIMMY PALIT SE","ROBBY N KAMASAAN SIP, DENNY TOMY SENDUK,SE, SYLVIA PALAR, DENNY SENDUK,SE, JAPPY SENDUK, CENNY SUCIAWAN, SERVIUS LOMBAN, LANNY SUCIAWAN"
5/21/2025 21:23,2021,Maret,Provinsi Sulawesi Utara,Kab. Minahasa,600803-PT Bank Perekonomian Rakyat Paro Laba,600803-PT Bank Perekonomian Rakyat Paro Laba,26134446,28871208,20003344,22230134,15194765,16734903,3048265,3970910,626697,1099221,10.06,46.99,9.23,72.75,11.8,33.8,83.75,74.2,"LEBRIK DAEN PALELO, YOBERT BOLANG","MUJI RAHARJO SE, HJ SELLY ISMAIL SH, NY LUCERIA SIAGIAN"
5/21/2025 21:23,2021,Maret,Provinsi Sulawesi Selatan,Kab. Luwu Utara,601917-PT Bank Perekonomian Rakyat Capta Sakti Sejahtera,601917-PT Bank Perekonomian Rakyat Capta Sakti Sejahtera,8926849,8902840,5813684,6712142,6605700,6529736,934248,993768,23265,15700,15.49,52.11,11.51,122.77,-0.35,46.88,68.86,100.76,"Rahel Lidya Bendon, Yafet Kadang","Yos Huaniel Toding, Sunoto Rapa Toding"
5/21/2025 21:23,2021,Maret,Provinsi Sulawesi Utara,Kota Manado,601924-PT Bank Perekonomian Rakyat Prisma Dana,601924-PT Bank Perekonomian Rakyat Prisma Dana,494963794,402486371,342506761,328068940,407388147,356373134,41835918,0,10250240,10623748,4.86,23.5,2.87,109.66,9.42,26.65,84.02,70.32,"Ferry F. F. M. Parera, SE. MM., Benny A. Dame, Hendly A. Rondonuwu","Henry M. P. Lumintang, ST. SE., HENRY M. P. LUMINTANG, ST. SE."
5/21/2025 21:24,2021,Maret,Provinsi Sulawesi Utara,Kab. Minahasa Utara,601932-PT Bank Perekonomian Rakyat Mapalus Tumetenden,601932-PT Bank Perekonomian Rakyat Mapalus Tumetenden,21643377,21420638,15283677,17076169,15369001,14438207,366577,422275,"-347,761",316296,8.68,39.35,7.69,100,-1.61,22.18,76.45,133.32,"Vanda S. Pasla, Ethel A. Linda Kopalit",Gina Maria Luntungan
5/21/2025 21:24,2021,Maret,Provinsi Sulawesi Utara,Kab. Minahasa Utara,601919-PT Bank Perekonomian Rakyat Arya Bira Karsa,601919-PT Bank Perekonomian Rakyat Arya Bira Karsa,32461331,5132183,22310729,4000835,28918278,1790855,"-1,064,710","-1,328,317",90550,152432,0.74,29.33,0.7,100,0.58,13.05,74.61,90.67,"Aswin Sonny Wemy Kotambunan, Ayeng Veibe Kaligis","Ronald Christian Welong, Billy Donald Kumolontang, Billy Donald Kumolontang, Fionne Lengkong"
5/21/2025 21:24,2021,Maret,Provinsi Sulawesi Utara,Kota Manado,601142-PT Bank Perekonomian Rakyat Millenia,601142-PT Bank Perekonomian Rakyat Millenia,35327756,36383798,24331661,24424519,31621751,32934572,283360,0,"-133,686","-107,105",5.35,20.49,5.49,55.71,0.38,17.34,77.04,111.26,"DETY TUMOKA, JETRO WATUSEKE","STEVE KUMONTOY, MARCEL KUMONTOY, RHONNY KUMONTOY"
5/21/2025 21:24,2021,Maret,Provinsi Sulawesi Utara,Kota Manado,601928-PT Bank Perekonomian Rakyat Juara Dana Abadi,601928-PT Bank Perekonomian Rakyat Juara Dana Abadi,449273,1115867,273843,715713,531048,728896,"-461,661","-129,707","-205,114","-71,119",76.36,151.07,36.36,196.05,-45.65,32.57,37.79,3284.73,"Johanna Palar, SE","Jopie J. Rotinsulu, SE. Msi, Merson Simbolon, SE. Msi, Ny. Wiesje Sekeon"
5/21/2025 21:24,2021,Maret,Provinsi Sulawesi Utara,Kota Manado,601942-PT BPR Modern Express Sulut,601942-PT BPR Modern Express Sulut,2421,89491,0,0,0,0,"-3,450,585","-3,096,442","-2,127","-269,200",0,6371.05,0,0,-475.44,0,0,160.76,"IMRAN A. JAHJA, SMn, DRA. NELLY NGABITO","DJONI MAUNTI, , , , , , , , , , "
5/21/2025 21:24,2021,Maret,Provinsi Sulawesi Utara,Kota Tomohon,601140-PT. BPR Maesa Waya,601140-PT. BPR Maesa Waya,0,0,0,0,0,0,0,0,0,0,0,0,0,0,0,0,0,0,,
5/21/2025 21:24,2021,Maret,Provinsi Sulawesi Utara,Kota Manado,602639-PT Bank Perekonomian Rakyat Dana Raya,602639-PT Bank Perekonomian Rakyat Dana Raya,549025176,417452502,372151942,301347836,490052275,361030964,8611781,6177967,3081120,3963571,1.51,17.08,0.78,98.64,3.25,21.58,69.13,79.69,"DAVE PINONTOAN, RIBKAH KAPARANG, HANDRI SAHANGGAMU","MARIO GLENN ANGOUW, BAMBANG SETIAWAN, MARIO GLENN ANGOUW, ELLEN ANGOUW, SH, MARINI ANGOUW"
5/21/2025 21:24,2021,Maret,Provinsi Sulawesi Utara,Kota Tomohon,601139-PT. BPR Artha Puspa Mulia,601139-PT. BPR Artha Puspa Mulia,0,0,0,0,0,0,0,0,0,0,0,0,0,0,0,0,0,0,,
5/21/2025 21:24,2021,Maret,Provinsi Sulawesi Utara,Kota Kotamobagu,601141-PT Bank Perekonomian Rakyat Arta Makmur Sejahtera,601141-PT Bank Perekonomian Rakyat Arta Makmur Sejahtera,24807507,10439005,13606072,6277532,18956924,7383768,"-8,395,177","-3,992,970","-895,235","-251,793",18.9,53.81,10.32,100,-36.76,54.85,98.65,238,"Maria Glaudy Decynthia Kaunang, Meiki Hendranik Mendur","Cherry Punu, Tanti Sri Mulyani, Tanti Sri Mulyani"
5/21/2025 21:24,2021,Maret,Provinsi Sulawesi Utara,Kota Bitung,602680-PT Bank Perekonomian Rakyat Danaku Mapan Lestari,602680-PT Bank Perekonomian Rakyat Danaku Mapan Lestari,36803266,40710960,20299852,27457267,32939082,36436293,"-7,002,642","-2,733,871",613366,255078,44.59,14.37,25.14,100,-4.5,13.4,70.81,146.62,"ARTHUR FREDERIK TUMBEL, KOBY WANDA KATUUK","SAMUEL JUSUF MANDAGIE, NINA ISTOMO KAIRUPAN"
5/21/2025 21:24,2021,Maret,Provinsi Sulawesi Utara,Kota Manado,602573-PT Bank Perekonomian Rakyat Celebes Mitra Perdana,602573-PT Bank Perekonomian Rakyat Celebes Mitra Perdana,79333061,88635510,63723020,67987425,63837521,74194326,5391850,4301883,503690,539301,2.04,30.06,2.44,100,2.93,14.52,83.57,80.81,"RENNY TEMBENGI, FERRY FRANSISKUS PIOH","ROBERTUS TRIYUWONO, MEGI GLADY NANCY EMAN, IGN HERRY WIBOWO"
5/21/2025 21:25,2021,Maret,Provinsi Sulawesi Utara,Kota Manado,602718-PT Bank Perekonomian Rakyat Mitra Dana Kawanua,602718-PT Bank Perekonomian Rakyat Mitra Dana Kawanua,75724597,98589506,49483559,62421355,67577922,90454717,"-1,239,529","-1,498,753","-113,796",133542,11.61,26.69,7.49,96.5,0.01,16.57,70.57,99.84,"NELLY TAN, FREDY HARRY EVERT KAMBEY","BUDHI KOSANTO, XAVERIUS MAPANDY, HINDRODJOJO, KHO SIOE HOA, BUDHI KOSANTO"
5/21/2025 21:25,2021,Maret,Provinsi Sulawesi Tenggara,Kab. Kolaka,600797-PT. BPR Mustika Utama Kolaka,600797-PT. BPR Mustika Utama Kolaka,0,0,0,0,0,0,0,0,0,0,0,0,0,0,0,0,0,0,,
5/21/2025 21:25,2021,Maret,Provinsi Sulawesi Utara,Kota Manado,602660-PT Bank Perekonomian Rakyat Kredit Mandiri Celebes Sejahtera,602660-PT Bank Perekonomian Rakyat Kredit Mandiri Celebes Sejahtera,101536764,99920024,79100088,87190490,88815025,89483825,"-7,956,949","-11,111,534",678688,1547733,4.17,31.27,2.82,167.56,2.32,16.61,81.52,88.75,"SARTIKA DEWI TUAGE, YENNY","HANDOKO KUARSO, CORNELES TUMAMPAS, Victor Danny Wangkar"
5/21/2025 21:25,2021,Maret,Provinsi Gorontalo,Kab. Gorontalo,600841-PT Bank Perekonomian Rakyat Paro Dana,600841-PT Bank Perekonomian Rakyat Paro Dana,25424747,21862875,20104807,18125041,14337155,11833741,3255461,2399979,1022732,939755,2.21,48.52,2.68,100,17.29,37.36,92.62,59.41,"TOMSON DAULAT SIAGIAN,SE, ANANG BUDI SUDONO, SE","MUJI RAHARJO,SE, HJ.SELLY ISMAIL,SH, LUCERIA SIAGIAN"
5/21/2025 21:25,2021,Maret,Provinsi Sulawesi Utara,Kota Tomohon,601945-PT Bank Perekonomian Rakyat Kartika Matuari,601945-PT Bank Perekonomian Rakyat Kartika Matuari,6312956,6209929,2843236,3799234,3104176,2959608,0,0,120558,193646,1.48,84.8,3.56,100,5.99,32.79,51.29,79,"Noldy Henry Wilbert Korengkeng, Titiek Wahyuni Sugeng","Ruslan Abdul Gani, Rudolf Dompas, BA, Ruslan A. Gani, Puskop Kartika Manado, Indrawati Gani, Arkan Kolondam, Jantje Kaunang, Ronny Kolondam, Rudolf Dompas"
5/21/2025 21:25,2021,Maret,Provinsi Sulawesi Tenggara,Kab. Muna,602721-PD. BPR Bahteramas Raha,602721-PD. BPR Bahteramas Raha,9640034,10725796,7559524,8794291,1573978,2091157,"-579,145",739252,28326,"-721,488",25.71,110.46,19.23,100,0.29,181.2,84.69,93.21,"RUSDI, ISNANINGSIH",PEMDA PROVINSI SULAWESI TENGGARA
5/21/2025 21:25,2021,Maret,Provinsi Sulawesi Barat,Kab. Mamuju Utara,601147-PT Bank Perekonomian Rakyat Agrimakmur Lestari,601147-PT Bank Perekonomian Rakyat Agrimakmur Lestari,102666263,93327105,68297235,65755430,71950977,64725842,15871073,14698795,1644213,1902468,0.99,45.26,0.74,100,7.17,37.85,71.39,56.44,"Drs. A. Emir Faisal Amjar, Warsiti, Rony Patu, S.Sos","Tjokro Putro Wibowo, SE, H Soegito, SE, Ir. H. Munir Mekka, Tio Elva Theodora Njoman, Yudha Negara Njoman, Hj. RA. Moehastuti Soeratin, Alfred Rusli, Tjokro Putro Wibowo Tjoa, Hj. Andi Nuraidah Sjamsir, Ny.  Nuryati Nurdin, Hj. Ernawati, Husin Tio, Hj. Asriani Azis"
5/21/2025 21:25,2021,Maret,Provinsi Sulawesi Barat,Kab. Polewali Mandar,601913-PT Bank Perekonomian Rakyat Yustima Polewali Mandar,601913-PT Bank Perekonomian Rakyat Yustima Polewali Mandar,9140434,8339844,6070086,5927620,5490786,5347618,0,0,49761,92830,6.57,82.68,6.94,142.77,3.42,60.81,75.38,83.55,"Benyamin Kaseng, Fabiola Diba Masse",Jeny Caterina Tiku Toding
5/21/2025 21:26,2021,Maret,Provinsi Sulawesi Tenggara,Kab. Kolaka,602671-PD BPR Bahteramas Kolaka,602671-PD BPR Bahteramas Kolaka,30123940,30158029,21414008,21158981,13818150,15818956,0,1097432,447083,600225,16.95,76.03,17.64,100,2.65,48.79,87.89,71.42,SAHRIANA,"PEMERINTAH PROVINSI SULAWESI TENGGARA, PEMERINTAH KABUPATEN KOLAKA"
5/21/2025 21:26,2021,Maret,Provinsi Sulawesi Tenggara,Kab. Konawe Selatan,602670-PD BPR Bahteramas Konawe Selatan,602670-PD BPR Bahteramas Konawe Selatan,24242963,22576923,17499339,19937680,9278562,8304848,2392099,2198388,604696,819523,12.29,88.41,11.63,100,10.91,66.64,98.24,58.42,"FATHUR RAHMAN AMIN,S.KOM","DR.YUSUF MONTUNDU,SE.,MSI, DR.SAHLUL,SE.,MSI, PEMERINTAH PROVINSI SULAWESI TENGGARA"
5/21/2025 21:26,2021,Maret,Provinsi Sulawesi Tenggara,Kab. Bombana,602672-PD BPR Bahteramas Bombana,602672-PD BPR Bahteramas Bombana,10024865,9153190,8148717,7605466,5181772,5045414,"-9,993,670","-11,089,172",103513,463698,7.72,71.47,10.15,100,6.39,23.33,89.27,79.56,"YUSRIANTI MANSUR, I MADE SWASTIKA WIDIANTARA","DR.MUNTU ABDULLAH, S.E, M.SI,, PROF.DR.H. DEDY TAKDIR SYAIFUD, PEMERINTAH PROV. SULTRA, DESA, KELURAHAN, KECAMATAN, KECAMATAN MASALOKA, KECAMATAN POLEANG, KECAMATAN POLEANG TENGAH, KECAMATAN RUMBIA, KECAMATAN MATAOLEO, KECAMATAN RAROWATU, KECAMATAN POLEANG SELATAN, KECAMATAN KABAENA"
5/21/2025 21:26,2021,Maret,Provinsi Sulawesi Tenggara,Kab. Kolaka Utara,602723-PD. BPR Bahteramas Kolaka Utara,602723-PD. BPR Bahteramas Kolaka Utara,8891878,8788579,6150122,6041998,1672427,1758214,739150,603462,83171,78826,26.08,106.88,19.79,100,0.94,68.1,78.32,79.66,"SUNARDI, AHMAD",
5/21/2025 21:26,2021,Maret,Provinsi Sulawesi Tenggara,Kab. Kolaka,600821-PT Bank Perekonomian Rakyat Hara Lata,600821-PT Bank Perekonomian Rakyat Hara Lata,30694502,31541394,22339745,25074769,19100044,19518911,3408478,3448072,941132,1329563,3.11,31.22,2.18,100,12.67,37.39,84.65,63.02,GENDRON PANJAITAN,"RUSLI, SYAHRIL AZIS, NY. LUCERIA SIAGIAN, SIHAR PH. SITORUS, ADUMAHATI RM. SITORUS, SABAR GANDA LEONARDO SITORUS, HAKIM AGUNG SITORUS, IKA ROHANI T. SITORUS, NY. LINCE ELLY HUTAJULU, ANTONIUS SIAGIAN"
5/21/2025 21:26,2021,Maret,Provinsi Sulawesi Tenggara,Kota Kendari,600028-PT BPR Modern Express Sultra,600028-PT BPR Modern Express Sultra,8894858,7647876,5586406,80100,5609823,48547,"-6,583,370","-3,076,261","-726,715",80470,0,57.19,0,100,-54.3,15.73,87.65,816.78,"YUNUS HANANTO, STEPANUS LEUNUPUN","MUNTU ABDULLAH, SE. AK, IR. TMT. JENNY RUSTAN, PT.MODERN MULTIARTHA"
5/21/2025 21:26,2021,Maret,Provinsi Sulawesi Tenggara,Kota Kendari,600792-PT. BPR Sejahtera Kendari,600792-PT. BPR Sejahtera Kendari,0,0,0,0,0,0,0,0,0,0,68.3,13.05,49.19,100,-2.21,19.39,77.96,178.25,Martina Sanabe,"Robby Adrian Pondiu, Rukaya Thamrin, Robby Adrian Pondiu, Rukaya Thamrin"
5/21/2025 21:26,2021,Maret,Provinsi Sulawesi Tenggara,Kota Bau-Bau,602668-PT Bank Perekonomian Rakyat Bahteramas Baubau (Perseroda),602668-PT Bank Perekonomian Rakyat Bahteramas Baubau (Perseroda),17386091,17137806,13897214,14290114,13858164,12447137,"-4,610,458","-3,619,317","-483,615","-312,014",16.87,26.42,24.69,100,-6.53,6.45,98.52,131.65,"ARMANSYAH, ASTI","PROF. DR. SAMDIN, SE.,M.SI, PEMERINTAH PROVINSI SULAWESI TENGGARA"
5/21/2025 21:26,2021,Maret,Provinsi Sulawesi Tenggara,Kota Bau-Bau,600794-PT BPR Rakyat Mandiri,600794-PT BPR Rakyat Mandiri,18572566,17384468,10445870,10850935,13977254,13474068,"-6,905,326","-7,553,278",132638,95678,14.15,46.64,10.85,100,3.82,23.86,67.9,81.55,"Takdir, Fredy S Geonges","Rukaya Thamrin, Robby Adrian Pondiu, Robby Adrian Pondiu"
5/21/2025 21:27,2021,Maret,Provinsi Nusa Tenggara Barat,Kab. Lombok Barat,601833-PT. BPR Dana Master Surya,601833-PT. BPR Dana Master Surya,0,0,0,0,0,0,0,0,0,0,0,0,0,0,0,0,0,0,"H.KUSMEDY SALEH, SH, NI NENGAH ARINI","SUSIAWAN, EDWARD BOKINGS"
5/21/2025 21:27,2021,Maret,Provinsi Nusa Tenggara Barat,Kab. Lombok Barat,601079-PT Bank Perekonomian Rakyat Wiranadi,601079-PT Bank Perekonomian Rakyat Wiranadi,27019678,25664594,21222777,17679591,20762167,19390794,4017555,3973423,139956,200377,8.15,29.01,5.93,100,4.27,13.57,82.97,79.77,"I GUSTI AYU MADE DWIJATI, SE, IR. SURTOPILAHILI","I GUSTI NGURAH KETUT WIRYANA, I KETUT SENGKAWIJAYA, SE, I GUSTI NGURAH KETUT WIRYANA"
5/21/2025 21:27,2021,Maret,Provinsi Sulawesi Tenggara,Kota Kendari,600804-PT Bank Perekonomian Rakyat Ganda Lata,600804-PT Bank Perekonomian Rakyat Ganda Lata,31140011,32502691,24164316,28256660,16132712,16137675,3986791,4739498,1334864,1939874,3.9,66.38,2.18,100,11.49,37.29,82.33,61.13,"JOHANNES BIMBINGAN SINAGA, DAUD","TETEN ALAMSYAH A, SYAHRIL AZIS, LUCERIA SIAGIAN, SABAR GANDA SITORUS, IKA ROHANI SITORUS, SIHAR P.H SITORUS, WILSON M. SITORUS, ANTONIUS SIAGIAN, ADUMAHATIR.M SITORUS, HAKIM, A SITORUS"
5/21/2025 21:27,2021,Maret,Provinsi Nusa Tenggara Barat,Kab. Lombok Barat,602758-PT. BANK PEREKONOMIAN RAKYAT DANA MASTER LOTARA,602758-PT. BANK PEREKONOMIAN RAKYAT DANA MASTER LOTARA,0,0,0,0,0,0,0,0,0,0,0,0,0,0,0,0,0,0,,
5/21/2025 21:27,2021,Maret,Provinsi Nusa Tenggara Barat,Kab. Lombok Barat,601868-PT Bank Perekonomian Rakyat Abdi Warga Mulia,601868-PT Bank Perekonomian Rakyat Abdi Warga Mulia,11030138,11173001,6367180,7416195,7003234,4749684,916494,842371,"-241,063","-34,277",10.04,54.05,7.34,100,-1.82,17.03,82.43,107.15,"DRS. H. YOGA SAFARI, MM., EMY KURNISARI, SE.","Dr. SITI AISYAH HIDAYATI, FATHURRAHMAN,SE.,M.AK., ."
5/21/2025 21:27,2021,Maret,Provinsi Nusa Tenggara Barat,Kab. Lombok Barat,601867-PT. BANK PEREKONOMIAN RAKYAT NARPADA NUSA,601867-PT. BANK PEREKONOMIAN RAKYAT NARPADA NUSA,29973717,29871267,22601244,22891779,22530763,23178737,3098415,2366531,264539,325999,6.41,50.79,5.96,100,3.06,24.46,87.12,80.81,NI NENGAH SRI URTINI,"MINARDI, I NYOMAN MAHARIANA"
5/21/2025 21:27,2021,Maret,Provinsi Nusa Tenggara Barat,Kab. Lombok Barat,601078-PT Bank Perekonomian Rakyat Ramot Ganda,601078-PT Bank Perekonomian Rakyat Ramot Ganda,14640162,14537363,9447625,10515930,7691190,7138280,263341,542444,35349,233479,4.52,95.23,7.58,100,0.57,42.05,71.84,98.82,"TOMMY REID MANURUNG, S.SOS, BERNARD ADONIA PARLAUNGAN PANE, SE","RUBANER MANIK, SE, I MADE SUMARTA, SH, NY. LUCERIA SIAGIAN"
5/21/2025 21:27,2021,Maret,Provinsi Nusa Tenggara Barat,Kab. Lombok Timur,601076-PT. BPR Samas,601076-PT. BPR Samas,0,0,0,0,0,0,0,0,0,0,0,0,0,0,0,0,0,0,,
5/21/2025 21:27,2021,Maret,Provinsi Nusa Tenggara Barat,Kab. Lombok Barat,602569-PT Bank Perekonomian Rakyat Pesisir Layar Berkembang,602569-PT Bank Perekonomian Rakyat Pesisir Layar Berkembang,15406036,16357714,10615006,11054954,8303537,9663062,653383,510276,118668,155982,7.16,119.84,5.41,100,4.38,38.16,71.34,75.96,"KASIM, SE, AHMAD",M.BASRI
5/21/2025 21:27,2021,Maret,Provinsi Nusa Tenggara Barat,Kab. Lombok Barat,601080-PT Bank Perekonomian Rakyat Danayasa,601080-PT Bank Perekonomian Rakyat Danayasa,12126145,12540857,7486735,7866587,7947101,8500047,2258538,2107916,"-9,494",2894,19.66,86.4,11.63,100,1.31,34.57,64.69,89.94,"NI NYOMAN SULIASTINI, NYOMAN GUNABE","I WAYAN SUARJAYA, I NYOMAN ANANDA SUJANA, I NYOMAN ANANDA SUJANA"
5/21/2025 21:28,2021,Maret,Provinsi Nusa Tenggara Barat,Kab. Lombok Barat,600105-PT Bank Perekonomian Rakyat Sowan Utama,600105-PT Bank Perekonomian Rakyat Sowan Utama,10143882,9949757,6115540,6175750,6983029,6831459,"-146,191","-214,963","-6,437",19780,11.99,60.11,7.56,100,0.7,21.08,70.07,95.09,,
5/21/2025 21:28,2021,Maret,Provinsi Nusa Tenggara Barat,Kab. Lombok Barat,602654-PD. BPR NTB Lombok Barat,602654-PD. BPR NTB Lombok Barat,120995674,127295297,109861627,100184642,88421178,91486385,2957396,5707671,679250,1065689,7.47,42.64,11.63,100,2.66,7.66,105.44,86.81,"Hj. Denda Suci Hartiani, SE, Sirath Mardanus, SP","H. Lalu Syamsudin, S.Sos, MM, H. Husni, SE, PEMDA PROVINSI NUSA TENGGARA BARAT"
5/21/2025 21:28,2021,Maret,Provinsi Nusa Tenggara Barat,Kab. Lombok Tengah,602628-PD. BPR NTB Lombok Tengah,602628-PD. BPR NTB Lombok Tengah,150381649,152490512,120334883,102034759,102065689,106862061,7419135,9210453,1607226,1656577,2.75,61.78,6.56,100,6.29,8.15,89.93,66.54,"Ria Prayuniarti, SP., H. Agus Salim, SE.","Dewi Ritawati, SE., MM., Endang Triwindusari, SP., MM."
5/21/2025 21:28,2021,Maret,Provinsi Nusa Tenggara Barat,Kab. Lombok Tengah,600901-PT Bank Perekonomian Rakyat Tresna Niaga,600901-PT Bank Perekonomian Rakyat Tresna Niaga,40636727,39366587,28160686,29119461,31400804,31789791,5507693,3963278,128230,524113,8.72,28.75,6.48,100,4.71,38.2,80.68,74.31,,
5/21/2025 21:28,2021,Maret,Provinsi Nusa Tenggara Barat,Kab. Lombok Timur,602629-PD. BPR NTB Lombok Timur,602629-PD. BPR NTB Lombok Timur,104988913,102985661,80401576,80659554,74771807,73355519,3306775,"-1,226,098","-1,175,820",76454,4.9,29.42,9.15,100,0.92,12.66,90.6,95.8,"LALU SUWANDI ARWAN, SE., SITI MUZNAH, SE.","ANHAR, SH., PEMPROV NTB, PEMKAB LOMBOK TIMUR"
5/21/2025 21:28,2021,Maret,Provinsi Nusa Tenggara Barat,Kab. Sumbawa,601907-PT Bank Perekonomian Rakyat Kabalong Abdi Swadaya,601907-PT Bank Perekonomian Rakyat Kabalong Abdi Swadaya,18421344,15962987,14651951,12802810,14873901,12997730,1117342,1632003,"-179,520",133254,6.98,35.66,6.86,100,-0.91,16.78,81.37,105.87,"Dedi Hartoyo, Hotma MT Manurung","I Nengah Mulyadi, I Gusti Ngurah Ketut Wiryana, I Gusti Ngurah Ketut Wiryana"
5/21/2025 21:28,2021,Maret,Provinsi Nusa Tenggara Barat,Kab. Sumbawa,601906-PT Bank Perekonomian Rakyat Lopokganda,601906-PT Bank Perekonomian Rakyat Lopokganda,12829276,14106489,9379444,12334611,6026515,7136221,60686,"-21,591",143390,393174,18.36,73.88,19.66,100,-0.79,49.03,81.58,104.25,"SYARIFUDDIN, SE, RINDANG SITANGGANG, SE","RUSBANER MANIK, SE, I MADE SUMIARTA SH, NY. LUSERIA SIAGIAN"
5/21/2025 21:28,2021,Maret,Provinsi Nusa Tenggara Barat,Kab. Sumbawa,601915-PT Bank Perekonomian Rakyat Samawa Kencana,601915-PT Bank Perekonomian Rakyat Samawa Kencana,136219825,141155705,86423197,107189669,120029939,128914328,4067533,100000,620353,639377,12.87,26.38,15.96,100,0.49,33.33,72.18,86.18,"Ir. H. Syamsul Rijal, SYAMSUDDIN. AMD, DRA SYUHAEMI","Ayip Rosidi, Drg.H. Asrul Sani, DR. H. MOCH. ALI BD. SH. MBA, Drs. H. Ayip Rosidi, SH.MM"
5/21/2025 21:28,2021,Maret,Provinsi Nusa Tenggara Barat,Kab. Sumbawa,602633-PD BPR NTB Sumbawa,602633-PD BPR NTB Sumbawa,156080270,150742046,126937364,133602379,106485074,99831458,5657220,8677345,1349043,1252392,12.93,61.57,14.02,99.52,0.34,24.6,94.28,77.28,"SULISTIAWATI, BASRI",SYARIF MUSTAAN
5/21/2025 21:28,2021,Maret,Provinsi Nusa Tenggara Barat,Kab. Lombok Timur,601075-PT Bank Perekonomian Rakyat Segara Anak Kencana,601075-PT Bank Perekonomian Rakyat Segara Anak Kencana,88764835,84819842,48905584,48148582,79920827,78816525,"-5,201,765","-7,533,087",504200,754831,12.29,13.35,10.78,92.1,0.23,43.88,59.64,83.81,,
5/21/2025 21:29,2021,Maret,Provinsi Nusa Tenggara Barat,Kab. Bima,601908-PT.BPR BIMA ABDI SWADAYA,601908-PT.BPR BIMA ABDI SWADAYA,38959820,33406036,34013589,27335786,32846141,28612694,"-832,486","-2,606,489",335346,789012,12.93,22.73,10.06,100,0.78,8.82,93.11,76.48,"H. M. HIDAYATULLAH,SE, NURWAHIDAH.A.Md","H. AHMAD KAMARUDIN, SH, Ir. MUHAMMAD ISRA'I. MBA, DR.H.MOCH ALI BIN DACHLAN"
5/21/2025 21:29,2021,Maret,Provinsi Nusa Tenggara Barat,Kab. Lombok Utara,601081-PT. BPR Tanjung Abdi Swadaya,601081-PT. BPR Tanjung Abdi Swadaya,0,0,0,0,0,0,0,0,0,0,17.14,56.46,20.1,100,-1.26,33.58,97.46,100.53,ABDURRAUF,"LALU RIZVI, BAIQ WARNIATI, diisi"
5/21/2025 21:29,2021,Maret,Provinsi Nusa Tenggara Barat,Kab. Dompu,602656-PD. BPR NTB Dompu,602656-PD. BPR NTB Dompu,72654539,70606006,64120267,61586852,37924037,36746569,4705114,2893358,52233,1280205,16.72,73.73,14.65,100,5.96,14.32,98.73,70.14,"HJ. ERMA SURYANI, SE, MUSLIM, SE","DRA. HJ. MULYATI, MM"
5/21/2025 21:29,2021,Maret,Provinsi Nusa Tenggara Barat,Kab. Bima,602657-PD. BPR NTB Bima,602657-PD. BPR NTB Bima,95741984,85337292,81538569,73731718,62535989,52159300,4518058,4887181,11142,891452,6.9,48.21,9.12,100,5.55,16.52,95.82,74.37,"HASANUDDIN, A. HAMID","MULYATI, MOH. ABDUH, KOSONG"
5/21/2025 21:29,2021,Maret,Provinsi Nusa Tenggara Barat,Kota Mataram,600374-PT Bank Perekonomian Rakyat NTB (Perseroda),600374-PT Bank Perekonomian Rakyat NTB (Perseroda),38535458,32677750,30431696,24432146,28051419,23132061,2240300,1622446,494130,498124,2.16,45.17,2.48,100,5.07,6.71,87.85,70.98,"Ketut Sudharmana, Zulkifli Hamdani","DR. H. Iwan Harsono, M.Ec, Armas, SE, PEMERINTAH PROVINSI NUSA TENGGARA BARAT, PEMERINTAH KOTA MATARAM"
5/21/2025 21:29,2021,Maret,Provinsi Nusa Tenggara Barat,Kab. Sumbawa Barat,602682-PD. BPR NTB Sumbawa Barat,602682-PD. BPR NTB Sumbawa Barat,33968480,30796749,30095976,24069617,23623183,19823204,1077886,1310570,"-224,438",433240,14.42,44.11,13.7,100,2.16,12.38,95.46,116.33,HAFIT WAHYUDI,"SYARIF MUSTAAN, PEMDA PROVINSI NTB"
5/21/2025 21:29,2021,Maret,Provinsi Nusa Tenggara Barat,Kota Mataram,600781-PT. BANK PEREKONOMIAN RAKYAT PITIH GUMARANG,600781-PT. BANK PEREKONOMIAN RAKYAT PITIH GUMARANG,39966929,38686707,28317218,25796238,31110071,30441826,2100823,0,663214,571185,2.62,38.34,6.75,100,6.45,16.61,79.45,70.03,"Bambang Widodo Saputro, I Wayan Eka Sutrisna","I Wayan Mahartha, Dessy Indrayani, diisi"
5/21/2025 21:29,2021,Maret,Provinsi Nusa Tenggara Barat,Kota Mataram,602652-PT Bank Perekonomian Rakyat Mitra Harmoni Mataram,602652-PT Bank Perekonomian Rakyat Mitra Harmoni Mataram,29250164,27204996,23164992,20281332,21430317,19693320,299274,6090,85573,70586,5.59,55.83,5.68,100,1.11,12.37,86.1,93.61,"AGUS SUTANTO, ST, I GEDE RAI YUDIATMIKA, SE","I KETUT KOMPLIT, SE, DRS. I GEDE BUDIASA, PT. SENTRA MODAL HARMONI, MUHAMAD INDRA PERMANA"
5/21/2025 21:29,2021,Maret,Provinsi Nusa Tenggara Barat,Kota Mataram,601909-PT Bank Perekonomian Rakyat Prima Nadi,601909-PT Bank Perekonomian Rakyat Prima Nadi,239708853,227875680,117751918,123100623,217463075,206249912,12012491,9163515,"-566,713",1662253,5.97,28.25,4.64,100,-0.86,9.17,52.37,95.63,"OENIT INGMADIA, ALBERTUS ARY UTAMA, I GUSTI KETUT SRI PUTRANTA","SANARDI WIJAYA, RONNY ABDIKESUMA, IDA KOMANG SUWIGNYA, SANARDI WIJAYA"
5/21/2025 21:29,2021,Maret,Provinsi Nusa Tenggara Barat,Kota Mataram,602687-PT Bank Perekonomian Rakyat Graha Lestari,602687-PT Bank Perekonomian Rakyat Graha Lestari,13608530,11546338,7637737,6540414,7330602,5371382,"-27,901","-326,768",5829,201724,10.7,150.02,6.87,100,0.91,31.08,58.08,93.23,I GEDE BUDI BUSANA DHARMA,
5/21/2025 21:29,2021,Maret,Provinsi Bali,Kab. Buleleng,600998-PT Bank Perekonomian Rakyat Indra Candra,600998-PT Bank Perekonomian Rakyat Indra Candra,966838819,860900846,448845655,450816215,851596880,755053509,41432992,32983593,4446349,3501146,3.74,38.76,2.68,100,2.33,12.5,54.46,77.56,"KADEK SRI WINTARI, LUH BUDIASIH, LUH PUTU EKA SURYANI, FRANSISCA AMELIA MULYADI","SOEGENG NOTODIHARDJO, DRA.WILLYA VERDIANA WASITA, HANDIK WIDIARTA"
5/21/2025 21:29,2021,Maret,Provinsi Bali,Kab. Buleleng,600997-PT BPR Bank Buleleng 45 (Perseroda),600997-PT BPR Bank Buleleng 45 (Perseroda),53940779,53393683,33801867,38148956,42116478,39238015,"-4,247,422",121472,365164,"-1,644,912",11.32,36.88,9.57,100,0.74,16.33,79.36,78.3,"Made Dowadi,SE, Nyoman Suarjaya,SH","Drs.Ketut Suparto, Made Nyiri Yasa,S.Sos"
5/21/2025 21:30,2021,Maret,Provinsi Bali,Kab. Buleleng,601020-PT Bank Perekonomian Rakyat Nusamba Kubutambahan,601020-PT Bank Perekonomian Rakyat Nusamba Kubutambahan,124439843,134106934,103422852,101547591,106007146,116175581,6888791,6418677,461906,530676,3.26,32.7,3.75,99.89,0.4,13.9,86.19,90.54,"NI LUH PUTU ARI PADMINI, SE, KETUT ASRI SETIAWATI SIMA, SST. PAR","DRS I GEDE BUDIASA, I MADE ARTANA, SE, PT SENTRA MODAL HARMONI, PT FAJAR MAS MURNI"
5/21/2025 21:30,2021,Maret,Provinsi Bali,Kab. Buleleng,601029-PT Bank Perekonomian Rakyat Adi Jaya Mulia,601029-PT Bank Perekonomian Rakyat Adi Jaya Mulia,14483329,842283,0,148393,215612,1639618,"-3,271,502","-3,887,702","-360,781","-109,633",0,100,0,100,11.97,8.58,0,34.31,"PUTU SADIARTA, KETUT WIRATJANA","ANAK AGUNG NGURAH SUDIPTHA, I KOMANG SUMANTRI, NI WAYAN TINI"
5/21/2025 21:30,2021,Maret,Provinsi Bali,Kab. Buleleng,601825-PT Bank Perekonomian Rakyat Suryajaya Kubutambahan,601825-PT Bank Perekonomian Rakyat Suryajaya Kubutambahan,202260280,218422561,163502035,181162257,167902751,183212647,17184152,16887915,613377,2361999,7.02,33.47,5.94,100,1.37,29.79,82.79,77.71,"I Nyoman Parma, SE, Ketut Virgoyasa,SE","Ida Bagus Putu Adnyana Putra,ST, Ida Ayu Putu Kartika Ekadewi, SE, disi"
5/21/2025 21:30,2021,Maret,Provinsi Bali,Kab. Jembrana,601061-PT Bank Perekonomian Rakyat Saudaraku,601061-PT Bank Perekonomian Rakyat Saudaraku,7633997,7808638,4861394,5554233,5885268,6094284,"-485,657","-585,601",26435,92004,6.59,55.77,4.72,5,0.29,26.28,66.06,92.14,"I KETUT SUARDIASA, SH","I GUSTI KADE AGUS ARIAWAN, S.Sos, I GEDE SUKA WIRAWAN"
5/21/2025 21:30,2021,Maret,Provinsi Bali,Kab. Tabanan,600996-PT Bank Perekonomian Rakyat Sari Dananiaga,600996-PT Bank Perekonomian Rakyat Sari Dananiaga,32626910,35679737,23568716,25757721,26052513,28728090,5001258,5359629,13139,32018,21.43,44.5,18.57,100,-0.29,27.62,77.24,113.63,"I KADE SUIDNYA,SE, NI MADE SULASTI,SE","I PUTU ASTA ISWARA, SE, I KETUT DEGER SETIASA, I KETUT DEGER SETIASA, I WAYAN CATRA SANJAYA, I MADE JEDEG SARIANA, I MADE ASA, I NYOMAN RAKA ALIT SANTA, SE"
5/21/2025 21:30,2021,Maret,Provinsi Bali,Kab. Tabanan,600940-PT Bank Perekonomian Rakyat Dana Karya Nusa,600940-PT Bank Perekonomian Rakyat Dana Karya Nusa,16791780,8149413,11581147,270932,8596725,25342,"-880,609","-839,658",55664,"-56,271",0,141.42,0,93.29,0.42,37.25,70.38,90.66,"Eko Budi Handoyo, I Nengah Suarta, S.S","Stevan Adri Santoso, I Ketut Sudarsa, William Sutanto, Oscar Adam Darmawan"
5/21/2025 21:30,2021,Maret,Provinsi Bali,Kab. Tabanan,601002-PT Bank Perekonomian Rakyat Kertha Warga,601002-PT Bank Perekonomian Rakyat Kertha Warga,17047623,17016554,9447847,9610826,12534601,12397990,495854,922063,"-68,432",78953,16.37,72.78,8.73,100,-0.57,18.61,57.7,104.85,"Ida Ayu Made Julianti, SE, Ida Ayu Trisnawati, S.iP","Ketut Ayu Harmaeni, ST"
5/21/2025 21:30,2021,Maret,Provinsi Bali,Kab. Buleleng,601071-PT Bank Perekonomian Rakyat Cahaya Bina Putra,601071-PT Bank Perekonomian Rakyat Cahaya Bina Putra,66339428,66738327,50076439,54443034,60223896,60243646,2146916,2146916,"-101,868",277281,3.31,15.54,2.76,100,1.31,20.28,76.57,90.06,"I WAYAN PUTRA SENTANU,SE, NGR.DWIPAJAYA MENDALA,SPT,SE","A A NGURAH KETUT AGUSNADI PUTRA,SH, I NYOMAN BINDU,SE"
5/21/2025 21:30,2021,Maret,Provinsi Bali,Kab. Buleleng,601043-PT. BPR Nur Abadi,601043-PT. BPR Nur Abadi,25919237,30416625,18906547,23715331,18283265,22567187,4030706,4150659,5266,98779,20.53,28.17,16.53,100,0.48,22.82,76.79,91.41,"I NYOMAN WIDIYASA, SE","WAYAN YASTRA, SH, Drs. I NENGAH ASTAWA, WAYAN YASTRA, SH, I NENGAH YARTINA, KETUT SUKAYADNYA, I WAYAN SANGKA"
5/21/2025 21:30,2021,Maret,Provinsi Bali,Kab. Tabanan,601007-PT Bank Perekonomian Rakyat Penebel,601007-PT Bank Perekonomian Rakyat Penebel,42378325,49829279,34980753,45026498,37286401,42312347,578950,2178189,"-1,092,821","-258,727",20.96,17.82,20.76,100,-0.1,12.3,81.32,106.8,"DRS.I PUTU SURYA BRATA,MM, I KETUT GEDE DIATMIKA,SE","DRS.I NYOMAN SENDER,SH,MM, I NYOMAN SUECA,S.E"
5/21/2025 21:31,2021,Maret,Provinsi Bali,Kab. Tabanan,601012-PT Bank Perekonomian Rakyat Sedana Murni,601012-PT Bank Perekonomian Rakyat Sedana Murni,39293017,39424600,28270032,28275847,33435568,33237610,3598814,3389717,"-471,365",117273,17.03,37.87,13.34,100,-0.88,16.3,75.5,106.94,"Drs. I Wayan Adnyana, Drs. Nyoman Suita","Drs. I Gst Agung Suweca, I Ketut Jiwa, SE"
5/21/2025 21:31,2021,Maret,Provinsi Bali,Kab. Tabanan,601058-PT. BPR Sewu Bali,601058-PT. BPR Sewu Bali,0,0,0,0,0,0,0,0,0,0,0,0,0,0,0,0,0,0,,
5/21/2025 21:31,2021,Maret,Provinsi Bali,Kab. Tabanan,601013-PT Bank Perekonomian Rakyat Sedana Yasa,601013-PT Bank Perekonomian Rakyat Sedana Yasa,21356561,20454899,14081563,13969394,18157092,17632172,"-94,353","-294,802","-103,487",25050,19.25,36.94,12.38,100,0.61,13.9,66.5,95.31,"Drs. I Gede Nyoman Sukerta, I Ketut Budijaya STP","I Gusti Bagus Mahaputra,SE, Drs. I Gusti Putu Ardika"
5/21/2025 21:31,2021,Maret,Provinsi Bali,Kab. Tabanan,601003-PT Bank Perekonomian Rakyat Amerta Sari,601003-PT Bank Perekonomian Rakyat Amerta Sari,31932043,34925397,22308909,24119921,26394283,28549954,"-13,013",346454,"-317,627",28349,15.42,36.62,15.87,100,-2.17,19.4,76.4,146.98,"Drs. I Ketut Gunadi, SH., I Putu Agus Hendra Nartha,SST.Par","Ir. I Nyoman Suetha Nantra, I Ketut Jiwa, SE"
5/21/2025 21:31,2021,Maret,Provinsi Bali,Kab. Tabanan,601016-PT. BPR Karunia Dewata,601016-PT. BPR Karunia Dewata,9266967,11063343,6213090,7487721,6009767,9762404,"-3,719,060","-3,475,790","-119,544","-164,075",24.71,64.35,24.53,0,0,51.02,109.79,122.97,I GEDE PARWATA. SE,BUNARDI PODJAN
5/21/2025 21:31,2021,Maret,Provinsi Bali,Kab. Tabanan,601064-PT Bank Perekonomian Rakyat Bumi Prima Dana,601064-PT Bank Perekonomian Rakyat Bumi Prima Dana,51223508,47863136,38626808,40244551,45027121,41257796,755414,2867916,40973,137424,12.08,32.72,7.53,100,0.4,33.05,83,95.92,"I.G.N. ADI PUTRA SAYOGA, SE.AK, I DW A GD SUBAGIARTHA, SE","I NENGAH SUMARDIANA,SH, AA MD GEDE AGUS RUMAWAN BBA, I GST MADE RUMATENAYA"
5/21/2025 21:31,2021,Maret,Provinsi Bali,Kab. Tabanan,601032-PT Bank Perekonomian Rakyat Bunga Sutra Mas,601032-PT Bank Perekonomian Rakyat Bunga Sutra Mas,36247400,28097510,25205507,19472298,30005236,22689850,"-3,866,780","-4,655,252","-33,456","-79,488",3.94,45.84,4.63,100,2.98,12.7,72.3,81.99,"Kadek Agus Kurniawan Putra, ST, I Made Dimas Prananda Giri,S.Kom,MM","Luh Putu Eka Susanti Mastra, SE.MBA, I Putu Arnaya, SE"
5/21/2025 21:31,2021,Maret,Provinsi Bali,Kab. Tabanan,601063-PT Bank Perekonomian Rakyat Prisma Bali,601063-PT Bank Perekonomian Rakyat Prisma Bali,26307157,27369619,20877286,20435836,20014790,20770353,3525631,3407637,"-353,264",71629,6.6,46.32,5.83,100,0.72,21.1,80.7,168.54,"Ir Anak Agung Gede Putra, Tri Suastini,SH","I Gede Nyoman Sugastawa,BA"
5/21/2025 21:31,2021,Maret,Provinsi Bali,Kab. Tabanan,601060-PT Bank Perekonomian Rakyat Restu Dewata,601060-PT Bank Perekonomian Rakyat Restu Dewata,19420762,24075394,11708996,13591829,12702591,17115775,5983714,5688378,"-485,943",50841,13.37,52.31,8.89,100,2.17,29.23,67.91,84.94,I Nyoman Gede Suamba SE,I Nyoman Keramas SE.MM
5/21/2025 21:31,2021,Maret,Provinsi Bali,Kab. Tabanan,601068-PT Bank Perekonomian Rakyat Dharmawarga Utama,601068-PT Bank Perekonomian Rakyat Dharmawarga Utama,24773770,26032647,19862669,20611273,18432433,19682527,724644,1438422,116693,"-588,302",11.75,72.01,12.17,100,0.03,13.68,83.68,102.03,"I Wayan Budi,SE, Drs.I Made Ariadi","Drs. I Ketut Suardhika Natha, M.Si"
5/21/2025 21:32,2021,Maret,Provinsi Bali,Kab. Tabanan,601839-PT. BPR Dewata Indobank,601839-PT. BPR Dewata Indobank,155199933,190622109,127257222,132168640,131494665,166882138,11446423,11217711,342845,606260,10.36,35.32,10.27,100,1.12,11.49,87.31,93.03,"I GEDE YONO SUDANA ARSA, SE, NI LUH NYOMAN YULIASIH, SE","FS BAHARI NUSANTARA, HANDI WIDJAJA"
5/21/2025 21:32,2021,Maret,Provinsi Bali,Kab. Tabanan,601070-PT Bank Perekonomian Rakyat Jero Anom,601070-PT Bank Perekonomian Rakyat Jero Anom,51026183,48648787,34934562,39477287,43371600,41496214,2908189,2287558,"-53,606",65015,34.51,19.46,27.86,100,1.23,17.78,71.17,91.66,"I Gusti Bagus Wahyu Adnyana,ST., Lily Rusmini","Ir.I Gusti Putu Eka Yudhana, Ni Made Januwati,SP"
5/21/2025 21:32,2021,Maret,Provinsi Bali,Kab. Tabanan,601057-PT Bank Perekonomian Rakyat Artha Adyamurthi,601057-PT Bank Perekonomian Rakyat Artha Adyamurthi,16030893,16339737,12823190,14145577,8761148,9136262,3520362,3411109,149383,192366,23.74,85.36,17.75,100,3.7,23.35,83.7,77.7,,
5/21/2025 21:32,2021,Maret,Provinsi Bali,Kab. Badung,600995-PT Bank Perekonomian Rakyat Karuna Ramanda Sejahtera,600995-PT Bank Perekonomian Rakyat Karuna Ramanda Sejahtera,61916184,53767046,41717439,37467662,52115459,44326396,2909444,2117275,83949,529077,2.18,50.11,1.18,100,2.11,19.4,74.5,94.89,"A.A. NGURAH ALIT WISNAWA, SE, I NENGAH SUTRISNA, SE., MM","M.I. DWI WAHYUNI SARASWATI, SE., MM, DRH. NYOMAN TRIASA, M.A. CAHYANI SARASWATI DEWI, S.TP., M. I. DWI WAHYUNI SARASWATI, S.E., M.M., Dr. M. M. WULANDARI TRI LESTARI, SP.A"
5/21/2025 21:32,2021,Maret,Provinsi Bali,Kab. Tabanan,601847-PT Bank Perekonomian Rakyat Arthabudaya,601847-PT Bank Perekonomian Rakyat Arthabudaya,56527079,55238028,45607049,47874608,49993221,48415171,1995458,2112772,138400,310085,7.26,27.26,7.28,100,0.42,20.01,91.11,96.83,"PANDE GEDE WIMPIARTA, SE","IR I MADE WINDRAYASA, I PUTU DONA ARYATNA, I NYOMAN SEMADA, PANDE GEDE WIMPIARTA, SE, PANDE GEDE CAKRA HARIYASA, SE, GUSTI AYU NENGAH ADRIASIH, NI PUTU NIRIASIH"
5/21/2025 21:32,2021,Maret,Provinsi Bali,Kab. Badung,601001-PT Bank Perekonomian Rakyat Kusuma Mandala Jaya,601001-PT Bank Perekonomian Rakyat Kusuma Mandala Jaya,25228586,23570892,16323925,18254822,19949327,21298734,"-133,618",2155503,12877,"-2,083,345",15.94,47.75,10.2,100,0.25,32.32,82.65,97.7,"NI LUH ARIANI LAKSMI,SE.","I GEDE ARTHA JAYA, SE"
5/21/2025 21:32,2021,Maret,Provinsi Bali,Kab. Badung,600994-PT Bank Perekonomian Rakyat Bukit Tanjung,600994-PT Bank Perekonomian Rakyat Bukit Tanjung,15682427,18641853,9660192,11372418,11908652,14557199,1578638,1743419,"-83,030",63068,17.52,61.32,10.55,100,0,26.47,65.74,106.59,,
5/21/2025 21:32,2021,Maret,Provinsi Bali,Kab. Badung,601004-PT Bank Perekonomian Rakyat Parasari,601004-PT Bank Perekonomian Rakyat Parasari,131461217,127660584,99317094,92528345,103493145,102399814,15309582,12549601,658490,711169,6.05,50.3,6.4,100,2.64,16.55,79.56,80.02,"Drs. Ida Bagus Ketut Wijaya, I Ketut Sulendra Duarsa, SE","I Gusti Ngurah Anom Amijaya, SE, I Ketut Suwirya, SE"
5/21/2025 21:32,2021,Maret,Provinsi Bali,Kab. Badung,600990-PT Bank Perekonomian Rakyat Wahyu Nirmala,600990-PT Bank Perekonomian Rakyat Wahyu Nirmala,43377487,36773551,29016426,24135587,34725886,28756850,1543203,1111547,108398,"-94,846",6.43,36.28,5.96,100,1.92,29.01,69.92,88.25,,
5/21/2025 21:32,2021,Maret,Provinsi Bali,Kab. Badung,601005-PT Bank Perekonomian Rakyat Pasarraya Kuta,601005-PT Bank Perekonomian Rakyat Pasarraya Kuta,88164780,101843018,69058521,76488416,78300322,91965919,6232583,6143380,31875,133719,14.25,23.41,12.49,100,0.14,10.24,81.61,98,SRI DEWI AMBARANI SE,"TEMMY HARIS SAPUTRA MP ACC, BUDIYANTO WIJAYADIPUTRA, TEMMY HARIS SAPUTRA MP ACC"
5/21/2025 21:33,2021,Maret,Provinsi Bali,Kab. Badung,601008-PT Bank Perekonomian Rakyat Desa Sangeh,601008-PT Bank Perekonomian Rakyat Desa Sangeh,58038630,63473550,42303546,41106439,47980288,53025128,5174054,5705166,210799,69767,15.63,42.77,10.59,100,1.13,13.1,75.36,90.45,"IDA BAGUS MADE KERTA,SE, I NYOMAN ASRAMA,SE","ANAK AGUNG SAGUNG ARI PARAMITHA, IDA BAGUS ANOM KARANG,SE, Yayasan Pembangunan Desa Adat Sangeh, "
5/21/2025 21:33,2021,Maret,Provinsi Bali,Kab. Badung,601022-PT Bank Perekonomian Rakyat Nusamba Mengwi,601022-PT Bank Perekonomian Rakyat Nusamba Mengwi,102692986,109421820,77841390,75194326,91682080,98276391,2866338,3004763,165768,221866,5.47,22.98,5.5,100,1.02,12.65,78.51,93.93,"NI MADE ARDINI YONI, SE, I PUTU SANTIKA, SE","I KETUT KOMPLIT, SH, MUSLIM TOYIB, SE"
5/21/2025 21:33,2021,Maret,Provinsi Bali,Kab. Badung,601037-PT. BPR Luhur Langgeng Utama,601037-PT. BPR Luhur Langgeng Utama,54751406,63768777,41803665,46531757,50114014,53696470,"-1,308,562",32458,"-3,967,698",126197,12.64,18.58,12.05,100,-6.47,8.82,90.27,100,John Miliando,"Nofian, I Gusti Putu Oka Gunarta"
5/21/2025 21:33,2021,Maret,Provinsi Bali,Kab. Badung,601038-PT Bank Perekonomian Rakyat Karya Sari Sedana,601038-PT Bank Perekonomian Rakyat Karya Sari Sedana,27786589,28269174,15188545,17272402,22286339,22974197,1893132,1462343,7118,232634,5.34,47.65,5.34,100,1.02,17.67,58.66,92.71,"DRA.PUTU HERMAWATI,CRBD","DRS.WAYAN KOTA WIDANA.MBA, I NYOMAN SUNARTA,SE.MM, DRS.WAYAN KOTA WIDANA,MBA, PUTU WIDAWATI, MADE WIDAYANTI, GEDE ANANDA JAYA, KETUT WIDANINGSIH, KADEK DAMAYANTI"
5/21/2025 21:33,2021,Maret,Provinsi Bali,Kab. Badung,601033-PT Bank Perekonomian Rakyat Tapa,601033-PT Bank Perekonomian Rakyat Tapa,35420625,43257464,25238946,31880336,29280977,37086915,3578126,3483092,11787,137722,3.83,41.66,2.84,100,0.06,15.12,74.18,98.65,"I Wayan Wiragunatha, SE, I Wayan Parna, SE.,SH.,MH","Mery Siska, B.Bus.,M.Com, Ni Gusti Ketut Suastini, SE"
5/21/2025 21:33,2021,Maret,Provinsi Bali,Kab. Badung,601052-PT Bank Perekonomian Rakyat Jaya Kerti,601052-PT Bank Perekonomian Rakyat Jaya Kerti,143406827,144646756,103834737,110001430,75772065,84550510,22957502,14738516,2009796,2690266,7.61,114.47,6.59,100,6.49,7.88,79.05,53.98,"NI WAYAN SRIASIH SE MM, I WAYAN SUNARTA SE AK","DRS I DEWA GEDE NGURAH, I KETUT GEDE SWENA"
5/21/2025 21:33,2021,Maret,Provinsi Bali,Kab. Badung,601045-PT Bank Perekonomian Rakyat Maha Bhoga Marga,601045-PT Bank Perekonomian Rakyat Maha Bhoga Marga,115005197,125022084,102257455,111070002,107569957,109942846,"-2,879,774",5143612,715014,335626,23.78,11.96,26.94,100,0,10.77,101.76,134.4,"I KETUT MERTAYASA SH, MA, NI KADEK YULI ARTINI","I WAYAN SUSRAMA, SE,MM, DRS. I GEDE TRISNA PUTRA, MM, DRS. I WAYAN SUDIRA HUSADA, I KETUT SUYAGA AYUB, S.Th, DR. I WAYAN MASTRA, IR. NANI IRIANI"
5/21/2025 21:33,2021,Maret,Provinsi Bali,Kab. Badung,601069-PT BPR Calliste Bestari,601069-PT BPR Calliste Bestari,0,0,0,0,0,0,0,0,0,0,0,0,0,0,0,0,0,0,,
5/21/2025 21:33,2021,Maret,Provinsi Bali,Kab. Badung,601040-PT Bank Perekonomian Rakyat Sari Wira Tama,601040-PT Bank Perekonomian Rakyat Sari Wira Tama,41604778,45223921,31194460,35643208,31885036,35550487,7095588,6719437,"-195,846",133997,7.78,59.98,6.87,100,0.43,34.1,84.6,95.72,,
5/21/2025 21:33,2021,Maret,Provinsi Bali,Kab. Badung,601051-PT Bank Perekonomian Rakyat Sinar Kuta,601051-PT Bank Perekonomian Rakyat Sinar Kuta,35639515,38475431,20853131,22872241,24806872,27905848,9506568,9145600,126075,223983,4.03,71.78,2.8,100,0.93,10.46,65.8,85.67,,
5/21/2025 21:33,2021,Maret,Provinsi Bali,Kab. Badung,601056-PT Bank Perekonomian Rakyat Saraswati Eka Bumi,601056-PT Bank Perekonomian Rakyat Saraswati Eka Bumi,194278090,156699341,146377137,121744497,173593935,137718368,15817263,14243982,1266892,1136991,3.09,33.04,2.33,100,3.71,23.45,77.5,81.13,"I WAYAN SUDARYA, SP, I WAYAN SUBADI, SE","M.I DWI WAHYUNI SARASWATI, SE, MM, I PUTU SUETERA ARI ADNYANA, M.I DWI WAHYUNI SARASWATI"
5/21/2025 21:34,2021,Maret,Provinsi Bali,Kab. Badung,601055-PT Bank Perekonomian Rakyat Mambal,601055-PT Bank Perekonomian Rakyat Mambal,96661242,96961559,81555570,68768429,44371313,48385641,13727086,9967002,814060,860133,6.29,131.07,6.28,100,4.66,9.46,89.84,58.87,Ni Nyoman Seni. SP,"I Putu Budisastra. SE, I Wayan Budarta. SH, I PUTU BUDISASTRA,SE"
5/21/2025 21:34,2021,Maret,Provinsi Bali,Kab. Badung,601050-PT Bank Perekonomian Rakyat Ashi,601050-PT Bank Perekonomian Rakyat Ashi,62225364,68119379,40686393,48041618,54736746,56084887,"-1,118,432",2359527,"-1,204,021","-136,106",24.54,16.96,26.86,100,0,12.77,74.78,157.12,"ANAK AGUNG KETUT SUAMBA, SH, A A GDE SAYANG ADNYANA, SH","I MADE MEIARTHAYASA, MBA"
5/21/2025 21:34,2021,Maret,Provinsi Bali,Kab. Badung,601067-PT Bank Perekonomian Rakyat Sinar Kuta Mulia,601067-PT Bank Perekonomian Rakyat Sinar Kuta Mulia,48219262,53884826,29101273,37682732,33820995,39213327,11375703,11287572,22564,383927,0.93,92.06,0.46,0,0.05,8.77,62.25,97.38,"I GEDE SUKRAWAN, I MADE MANDIA","IR PUTU GDE SUARTHA, DRS I KETUT WARDANA MSI, Dra. Kompiang Sri Martini"
5/21/2025 21:34,2021,Maret,Provinsi Bali,Kab. Badung,601062-PT Bank Perekonomian Rakyat Prima Dewata,601062-PT Bank Perekonomian Rakyat Prima Dewata,54087139,55759498,39589701,39165144,47125595,49471134,3363446,2885237,"-1,902","-196,873",9.84,29.96,9.85,100,0,11.69,78.96,99.65,"I NYOMAN PUTRA TRIANA, I KOMANG SUPARTA","THONY WIJAYA, RONNY ABDIKESUMA, SANARDI WIJAYA, THONY WIJAYA, RONNY ABDIKESUMA"
5/21/2025 21:34,2021,Maret,Provinsi Bali,Kab. Badung,601120-PT Bank Perekonomian Rakyat Tulus,601120-PT Bank Perekonomian Rakyat Tulus,95848217,87599168,77806802,70908448,85863235,76770943,6245532,6525093,125317,688999,9.81,24.42,7.78,100,0.01,14.24,85.73,95.11,I GEDE TUSAN SAPUTRA SE,"I WAYAN BENDIASA, I KETUT PENING ANTARA SE"
5/21/2025 21:34,2021,Maret,Provinsi Bali,Kab. Badung,601074-PT Bank Perekonomian Rakyat Siwi Sedana,601074-PT Bank Perekonomian Rakyat Siwi Sedana,14084432,12068785,10842267,9755755,10963139,8977822,"-760,333","-760,630",1626,"-28,407",6.07,54.47,6.47,100,0.4,18.7,78.7,97.58,"I Nyoman Putra Sukasana, I Kadek Dersana",I Nyoman Sunarta
5/21/2025 21:34,2021,Maret,Provinsi Bali,Kab. Badung,601819-PT Bank Perekonomian Rakyat Dinar Jagad,601819-PT Bank Perekonomian Rakyat Dinar Jagad,9829040,12569350,7853834,9706707,6845378,8860761,839181,1309329,"-256,467","-1,688",13.14,62.23,15.58,100,-6.61,15.46,86.5,183.53,"IR I NYOMAN DARMAWAN, CRBD, A.A. MIRAH ADNYAWATI, SH",NI LUH SRI EKAWATI
5/21/2025 21:34,2021,Maret,Provinsi Bali,Kab. Badung,601128-PT Bank Perekonomian Rakyat Parasari Urati,601128-PT Bank Perekonomian Rakyat Parasari Urati,78797603,79164822,55031322,61749155,67674603,69008185,6697783,5487896,32077,275601,17.45,33.48,11.82,100,1.54,20.7,76.9,88.22,"I Nyoman Sariada, SE, I Wayan Eka Sudirta, SE","I Ketut Suwirya, SE, Ni Made Ningsari Adnyani,SE"
5/21/2025 21:34,2021,Maret,Provinsi Bali,Kab. Badung,601815-PT Bank Perekonomian Rakyat Santi Pala,601815-PT Bank Perekonomian Rakyat Santi Pala,34328798,38007924,24876930,33133435,24349489,27589568,1765693,2960262,97616,92094,19.75,75.72,15.18,100,2.39,34.3,77.4,84.86,"I MADE PURNAJIWA SE, IB RAKA SURYA DHARMA SSOS","I GST KETUT RAKA SUKARMA SE, I GST AGUNG RAI WIRAJAYA SE MM"
5/21/2025 21:34,2021,Maret,Provinsi Bali,Kab. Badung,601816-PT Bank Perekonomian Rakyat Mayun Utama Perdana,601816-PT Bank Perekonomian Rakyat Mayun Utama Perdana,24085471,25360331,13371919,15426120,17447698,18818950,4802702,4622769,35071,118612,41.38,81.62,21.24,87.77,0.42,44.42,49.88,100,"I Wayan Suherman Yasa,S.Si.","Prof.Dr.I Wayan Sudirman,SE.SU., Prof.Dr.I Wayan Sudirman,SE.SU., Dr.I Made Surya Negara S.SE.Ak.MM."
5/21/2025 21:35,2021,Maret,Provinsi Bali,Kab. Badung,601826-PT Bank Perekonomian Rakyat Permata Sedana,601826-PT Bank Perekonomian Rakyat Permata Sedana,50983641,65126391,43274833,53127582,43277090,55963531,114717,1213963,"-128,166",228897,8.15,30.88,6.75,100,-0.37,10.4,94.7,101.38,I KADEK AGUS SARIAWAN,GDE MULYA AGUSJAYA
5/21/2025 21:35,2021,Maret,Provinsi Bali,Kab. Badung,601821-PT Bank Perekonomian Rakyat Mertha Sedana,601821-PT Bank Perekonomian Rakyat Mertha Sedana,64080177,72928942,46570527,55501588,57436003,64947761,3736881,5394537,"-92,707","-413,356",10.52,18.79,5,5.31,-0.14,25.33,75.33,89.89,"I GUSTI PUTU ARKA,SE.,M.SI., I WAYAN BUDAYASA,SE.","I NYOMAN WENA, I WAYAN ALIT WARDANA,SE."
5/21/2025 21:35,2021,Maret,Provinsi Bali,Kab. Badung,601836-PT BPR KS Bali Agung Sedana,601836-PT BPR KS Bali Agung Sedana,0,0,0,0,0,0,0,0,0,0,0,0,0,0,0,0,0,0,,
5/21/2025 21:35,2021,Maret,Provinsi Bali,Kab. Badung,601827-PT Bank Perekonomian Rakyat Urip Kalantas,601827-PT Bank Perekonomian Rakyat Urip Kalantas,36966869,41042606,24370025,27498814,26737038,31831674,7956501,6739706,534638,732534,27.93,64.76,20.41,100,4.18,27.99,71.8,73.05,Ir Desak Made Dewi Sugiarti,"Drs I Wayan Sutarsa Karang, I Gusti Putu Putra,SE"
5/21/2025 21:35,2021,Maret,Provinsi Bali,Kab. Badung,601834-PT Bank Perekonomian Rakyat Suar Artha Dharma,601834-PT Bank Perekonomian Rakyat Suar Artha Dharma,30803227,41142272,24543391,23728273,23918843,34069205,3033552,3497745,250832,"-24,678",20.95,53.25,17.16,100,-0.44,16.18,85.44,102.57,"PUTU HARTAWAN SIPIT, SE, ANTON NOVI WIJAYA SE. MM","I WAYAN WIRTA, BSC, NI LUH PUTU SRI UTAMI S S"
5/21/2025 21:35,2021,Maret,Provinsi Bali,Kab. Badung,601823-PT Bank Perekonomian Rakyat Gisawa,601823-PT Bank Perekonomian Rakyat Gisawa,53105295,63336150,45775419,52607486,48215302,56545315,"-9,334,281","-4,275,067","-335,726","-994,098",67.94,12.33,59.87,100,-7.05,9.71,93.59,184.92,"YENNY VERAWATI SE MSI, AA NGURAH ALIT JANARSUDANA SE","DR PUTU YOGA MAHARANI SE MM, DR PUTU YOGA MAHARANI SE MM"
5/21/2025 21:35,2021,Maret,Provinsi Bali,Kab. Badung,601829-PT Bank Perekonomian Rakyat Saptacristy Utama,601829-PT Bank Perekonomian Rakyat Saptacristy Utama,23348885,24317332,16644323,17776138,20415304,21180474,568006,739992,"-34,425","-3,134",16.59,30.27,14.18,100,-1.56,17.44,74.14,104.79,"Kadek Anita Dewi, SE.,SH.,CRBD","Drs.I Ketut Putra Wijaya, CRBD, I Made Mudastra,SE.,CRBD"
5/21/2025 21:35,2021,Maret,Provinsi Bali,Kab. Badung,601838-PT Bank Perekonomian Rakyat Megah Raharja Berdaya,601838-PT Bank Perekonomian Rakyat Megah Raharja Berdaya,20073675,19166293,12718662,12073611,16918982,16130741,"-1,237,716","-1,005,862","-307,591","-158,586",18.42,38.24,11.18,100,-2.77,21.41,67.08,111.26,"EVA NORAENY, NYOMAN FENI INDRAWAN","DRS I GEDE SURIADNYANA, I MADE MUDIARDANA"
5/21/2025 21:35,2021,Maret,Provinsi Bali,Kab. Badung,601828-PT Bank Perekonomian Rakyat Cahaya Binawerdi,601828-PT Bank Perekonomian Rakyat Cahaya Binawerdi,70787871,72799898,47881789,52244238,60851802,66060177,1221020,0,378292,"-106,036",9.72,30.13,7.8,100,4,18.3,71.13,72.78,"NI KOMANG AYU SUKRISTINA, SE, I KETUT BANA, SE","I KETUT KERTA, SH, DRS. I WAYAN ARDHITA, I NYOMAN BINDU, SE, NI NYOMAN SOKA, I PUTU BUDISASTRA, SE, DRS. I WAYAN ARDHITA, DRS I MADE DASNA, I NYOMAN WIDNYANA PUTRA, I KETUT LENEN, NI WAYAN RUSNI, BA, I MADE SUTA, I WAYAN MANDRA"
5/21/2025 21:35,2021,Maret,Provinsi Bali,Kab. Badung,601837-PT Bank Perekonomian Rakyat Sadana Utama Bali,601837-PT Bank Perekonomian Rakyat Sadana Utama Bali,67331937,77477639,46628230,51356303,57823707,68209782,"-3,176,722","-2,586,432",584952,"-245,711",11.83,35.12,9.36,100,0.26,17.14,75.58,96.92,,
5/21/2025 21:36,2021,Maret,Provinsi Bali,Kab. Badung,601853-PT Bank Perekonomian Rakyat Mitra Balijaya Mandiri,601853-PT Bank Perekonomian Rakyat Mitra Balijaya Mandiri,25070050,29184010,16497856,20481512,17577188,21821988,3325244,3321520,179816,173016,12.54,39.46,8.84,100,1.85,22.19,69.07,74.42,"COK GEDE PUNIA  ARTA, S.E., A.A. SAGUNG OKA SUWIRYANI, S.H.","I MADE ASTRAMA, S.E.,M.M., I KETUT KERTA, S.H., KOPKAR BANK YUDHA BHAKTI"
5/21/2025 21:36,2021,Maret,Provinsi Bali,Kab. Badung,601846-PT Bank Perekonomian Rakyat Varis Mandiri,601846-PT Bank Perekonomian Rakyat Varis Mandiri,55936366,49182109,34892414,37243876,48639095,41463497,3083593,2746935,"-286,322",471677,7.67,29.46,7.58,100,0.6,33.2,68.4,95.81,"Drs. I Made Sudita, Ni Made Murtiasih, A.Md.","Anthonius I Made Restika, SE, MM, I Wayan Miasa, ST"
5/21/2025 21:36,2021,Maret,Provinsi Bali,Kab. Badung,601854-PT Bank Perekonomian Rakyat Mitra Bali Mandiri,601854-PT Bank Perekonomian Rakyat Mitra Bali Mandiri,23170736,22155095,19164620,18350146,20102924,18844594,1279682,1095381,"-371,870",55120,9.92,22.71,6.6,100,-1.18,16.16,97.05,101.43,"DEWA NYOMAN ARTANING DITA, ELLY YULIANTI","I GST AGUNG ANOM HARSANA, I WAYAN SUANDIANA, BA, KOPKAR YUDHA BHAKTI"
5/21/2025 21:36,2021,Maret,Provinsi Bali,Kab. Badung,601840-PT Bank Perekonomian Rakyat Nusapanida Kuta,601840-PT Bank Perekonomian Rakyat Nusapanida Kuta,15320587,17449003,11676028,13628638,12433414,13978922,629693,1197137,"-227,520","-212,056",3.28,45.29,4.68,100,0.77,14.7,87.3,134.28,"I Nyoman Widiadi, SE, I Made Broto Tony Sugara, SE","I Nyoman Suijana, SE, I Nyoman Supartayasa, A.Md"
5/21/2025 21:36,2021,Maret,Provinsi Bali,Kab. Gianyar,601019-PT Bank Perekonomian Rakyat Bank Daerah Gianyar (Perseroda),601019-PT Bank Perekonomian Rakyat Bank Daerah Gianyar (Perseroda),167284871,185680078,82316575,83360777,147275734,165961506,0,0,722928,957169,2.44,25.54,2.1,100,1.7,19.37,51.91,81.97,"I Nyoman Suparsa Widana,SE.,MM, Anak Agung Gde Bagus Dama Arimbawa,SE","Drs. Anak Agung Gde Bagus, Drs. I Made Suradnya, M.Si, Pemerintah Kabupaten Gianyar"
5/21/2025 21:36,2021,Maret,Provinsi Bali,Kab. Gianyar,601024-PT Bank Perekonomian Rakyat Krisna Yuna Dana,601024-PT Bank Perekonomian Rakyat Krisna Yuna Dana,46308441,46782610,32920293,37081704,38427952,39143366,5099077,4560619,"-218,588",78625,18.93,42.86,13.32,100,0.71,12.84,72.97,93.66,"Ni Putu Wiwik Juliantari, SE, MM","I Putu Yudhany Thema, SE, MSi, Drs. I Gusti Ngurah Putu Garputra, Ssi"
5/21/2025 21:36,2021,Maret,Provinsi Bali,Kab. Gianyar,601023-PT Bank Perekonomian Rakyat Nusamba Tegallalang,601023-PT Bank Perekonomian Rakyat Nusamba Tegallalang,69587475,80260074,51097447,52357740,60818247,71726717,2725741,2299319,210287,400838,7.55,27.33,6.83,100,0.31,17.06,76.75,93.27,"MADE SUWITRAYASA,SE, I NYOMAN SUARJANA,SH","I KETUT KOMPLIT,SH, I MADE ARTANA,SE"
5/21/2025 21:36,2021,Maret,Provinsi Bali,Kab. Badung,601855-PT Bank Perekonomian Rakyat Kusemas Dana Mandiri,601855-PT Bank Perekonomian Rakyat Kusemas Dana Mandiri,18902160,21834826,12377157,15818081,14858894,17390791,1514080,1743142,"-194,814","-23,107",9.53,50.07,6.72,100,-0.93,23.83,78.04,106.5,"I KETUT WIRAJAYA, SH, I MADE BUDIANA, SE","IDA BAGUS SANTIKA, SH"
5/21/2025 21:36,2021,Maret,Provinsi Bali,Kab. Gianyar,601026-PT Bank Perekonomian Rakyat Sadhu Artha,601026-PT Bank Perekonomian Rakyat Sadhu Artha,42477020,39510018,31639591,30329509,36009549,34087141,4779893,3747235,127578,115642,4.9,22.98,3.68,100,0.31,23.79,77.99,90.23,"I NYOMAN WARDANA, S.E., IR. I KOMANG GINARSA","I MADE GEDE SUWETA, S.H., M.KN., I GUSTI PUTU OKA GUNARTA, S.E., I GEDE WIJAYA PANDE, I MADE GEDE SUWETA S.H., M.KN., PUTU VIRGATHA CINTYA DEWI"
5/21/2025 21:36,2021,Maret,Provinsi Bali,Kab. Gianyar,601028-PT Bank Perekonomian Rakyat Puskusa Bali Dwipa,601028-PT Bank Perekonomian Rakyat Puskusa Bali Dwipa,14956540,18514339,10408628,13176816,8685697,11599983,318537,961399,"-51,299","-50,648",7.99,73.88,10.87,100,0.91,50.38,77.09,92.05,"DESAK MADE TIRTAYASA, SE, I GST. NGURAH ALIT SUPERMADI, SH","I NYOMAN KERTAJAYA , SE, Drs. I KETUT PUTRA SUASTHA"
5/21/2025 21:37,2021,Maret,Provinsi Bali,Kab. Gianyar,601039-PT Bank Perekonomian Rakyat Sari Werdhi Sedana,601039-PT Bank Perekonomian Rakyat Sari Werdhi Sedana,71120004,74760157,56469210,63184437,50160161,55683162,8120673,5986571,839170,1090424,4.9,69.13,6.35,100,3.97,26.66,85.05,65.61,"NI WAYAN MULIASTI, SE, NI KADEK ARYASTINI, ST","DR I MADE GUNAMANTHA, ST. MM, KETUT WIDANINGSIH, SE, DRS WAYAN KOTA WIDANA, MBA"
5/21/2025 21:37,2021,Maret,Provinsi Bali,Kab. Gianyar,601041-PT Bank Perekonomian Rakyat Sukawati Pancakanti,601041-PT Bank Perekonomian Rakyat Sukawati Pancakanti,347825683,360364445,262918992,310360101,288766774,302397870,20727222,18512461,87347,1209774,5.85,42.9,6.11,100,0.45,24.9,82.9,98.01,"MADE ARYA AMITABA,MM, I KETUT TANTRA,SE.MM, NI WAYAN TANTRI,SH","NI MADE SUMARTINI,SE, I KETUT SUTARSA,SE, I NYOMAN OKA SUNARYA,S.KOM"
5/21/2025 21:37,2021,Maret,Provinsi Bali,Kab. Gianyar,601042-PT Bank Perekonomian Rakyat Suadana,601042-PT Bank Perekonomian Rakyat Suadana,39741499,38262109,24926082,21857356,28997885,28287166,4303898,3625990,151716,60953,11.65,66.96,7.35,100,2.29,26.4,65.41,82.68,"I Ketut Sandi,SH.,MM, Luh Nyoman Tri Sumartini,SE","Ni Nyoman Sumiartini,SE, I Putu Eka Suka Arsana,SE"
5/21/2025 21:37,2021,Maret,Provinsi Bali,Kab. Gianyar,601054-PT Bank Perekonomian Rakyat Cerdas,601054-PT Bank Perekonomian Rakyat Cerdas,117197653,129077187,95308844,111986066,99655123,109793700,14201259,14763655,341271,1519832,4.17,20.4,3.51,100,1.26,24.15,91.13,88.97,IR KETUT SANTIAWAN,"Ir. NENGAH SENANTARA, A. A. NGR MAHAYANA PUTRA, SE"
5/21/2025 21:37,2021,Maret,Provinsi Bali,Kab. Gianyar,601830-PT Bank Perekonomian Rakyat Naga,601830-PT Bank Perekonomian Rakyat Naga,93156488,102797308,76782280,80367956,82862635,91244045,1724160,2754138,"-15,307",214125,15.99,27.34,12.31,100,-1.4,12.33,89.27,110.4,Ir. I Nyoman Semurah,"Drs. I Wayan Sumertha, MM.,, I Wayan Cenik ,SE, I Ketut Sudiarsana"
5/21/2025 21:37,2021,Maret,Provinsi Bali,Kab. Gianyar,601049-PT Bank Perekonomian Rakyat Tish,601049-PT Bank Perekonomian Rakyat Tish,96979896,121797640,49336795,54399579,77269091,100660116,6556667,9027251,935902,"-107,963",15.82,47.71,10.78,100,0,15.38,53.71,107.74,"I KETUT KADI, SE, I MADE DHARMENDRA, ST","I KETUT OKA ANTARA, SE, A.A. SAGUNG ASRI MAHADEWI, SS, I Wayan Suraharja, I Nyoman Suarjaya"
5/21/2025 21:37,2021,Maret,Provinsi Bali,Kab. Gianyar,601820-PT Bank Perekonomian Rakyat Ulatidana Rahayu,601820-PT Bank Perekonomian Rakyat Ulatidana Rahayu,68818339,68698822,46757136,51023016,59544937,58966295,5958756,6511282,175573,167542,3.48,37.14,3.94,100,0.64,20.33,70.83,94.41,"I Made Suarja, SH.,MH., Luh Gede Padmawati, SE.","I Made Buda Astawa, SE, I Made Cangker Suarjana, SH."
5/21/2025 21:37,2021,Maret,Provinsi Bali,Kab. Gianyar,601047-PT Bank Perekonomian Rakyat Artha Bali Jaya,601047-PT Bank Perekonomian Rakyat Artha Bali Jaya,156638768,141771812,127124416,117484577,137559039,122696016,7878599,5928467,"-798,870",1147329,9.48,26.63,6.38,100,0.24,13.68,84.37,97.17,"Drs. I Made Kerta, Desak Ayu Putu Ngurah Miradewi, S.Pd","Putu Ary Widya Laksmini, SE, I Wayan Suartha, SE, I Made Adi Kusuma Atmaja, SE."
5/21/2025 21:37,2021,Maret,Provinsi Bali,Kab. Gianyar,601817-PT Bank Perekonomian Rakyat Suryajaya Ubud,601817-PT Bank Perekonomian Rakyat Suryajaya Ubud,51126120,74627445,33827287,41841768,47148535,69859113,"-9,495,922","-8,203,535","-277,293","-778,933",12.59,16.49,9.95,100,-1.12,16.75,72.67,106.7,"I GEDE DWI KUSUMA NEGARA,SE, IDA BAGUS ARI MANUABA,SH","DR Ing Ir IDA BAGUS KESAWA NARAYANA, DR Ing Ir IDA BAGUS KESAWA NARAYANA"
5/21/2025 21:38,2021,Maret,Provinsi Bali,Kab. Gianyar,601832-PT. BPR Baskara Dewata,601832-PT. BPR Baskara Dewata,25023261,21064365,19824082,18230284,20371294,16875687,3261954,2820592,190013,168086,3.09,41.84,3.37,100,2.2,38.6,86.9,85,"I Gst Ngr Bagus Harijuna, S.Sos, I Made Subaga, S. Pt","I Nyoman Keramas, SE, MM, I Gede Indra Apriyana, MIB"
5/21/2025 21:38,2021,Maret,Provinsi Bali,Kab. Gianyar,601835-PT Bank Perekonomian Rakyat Mas Giri Wangi,601835-PT Bank Perekonomian Rakyat Mas Giri Wangi,53106035,42360330,38116864,32121139,45303069,34944130,5070384,4585728,263561,361451,1.2,36.82,1.73,100,1.93,22.28,75.48,85.83,"I KETUT SIRTA, SE, MM, PUTU INDIRA PUJIASTUTI, SH, I NYOMAN WISMANA, SE","I WAYAN ALIT WARDANA, SE, VEMILA WIDYAPARISTINA, SH"
5/21/2025 21:38,2021,Maret,Provinsi Bali,Kab. Gianyar,601845-PT Bank Perekonomian Rakyat Aruna Nirmaladuta,601845-PT Bank Perekonomian Rakyat Aruna Nirmaladuta,205243495,221441148,148037824,180332301,180573317,199243415,7593917,4167888,276261,1229845,3.3,32.16,2.79,100,1.59,22.46,74.88,84.08,"A.A.RAKA ERNA DWAJAYANTI, I KETUT GEDE MARDAWA, GEDE ARI WIBAWA SEDANA PUTERA","I NYOMAN SUMERTHA, IR I KETUT GEDE JUARTA SABUDI, I WAYAN REGIG SUARTHA"
5/21/2025 21:38,2021,Maret,Provinsi Bali,Kab. Gianyar,601851-PT Bank Perekonomian Rakyat Mitra Bali Srisedana Mandiri,601851-PT Bank Perekonomian Rakyat Mitra Bali Srisedana Mandiri,25151366,26236362,14821423,18000651,18207294,19529294,3422067,3175810,167505,216758,3.08,40.29,6.34,100,2.98,18.16,62.71,82.69,"I MADE ITEM SUARJANA, GDE KOMANG ADIWANGSA","I MADE SUMATRA, I WAYAN SUYASA"
5/21/2025 21:38,2021,Maret,Provinsi Bali,Kab. Gianyar,601861-PT Bank Perekonomian Rakyat Mulia Wacana,601861-PT Bank Perekonomian Rakyat Mulia Wacana,55219280,59835807,34358172,42897889,42062795,46823411,5025601,4730428,463798,614882,1.32,60.68,0.91,100,3.43,44.78,67.26,72.21,"I Wayan Swartika, SE, Ni Ketut Erawati, SE","Komang Eka Bimawan, Nyoman Bendesa Mas Widiada, SH"
5/21/2025 21:38,2021,Maret,Provinsi Bali,Kab. Gianyar,601856-PT Bank Perekonomian Rakyat Angsa Sedanayoga,601856-PT Bank Perekonomian Rakyat Angsa Sedanayoga,46474211,54422279,29744036,35165275,39235789,45260120,3000792,5279891,35368,"-319,994",16.73,27.38,10.97,100,-4.07,12.78,74.15,127.27,"PUTU YENNY, NI KETUT SARI ASTITI","LEONARD LIAW, KETUT SETIAWAN, I NYOMAN YUDHIAWAN"
5/21/2025 21:38,2021,Maret,Provinsi Bali,Kab. Gianyar,601849-PT Bank Perekonomian Rakyat Gianyar Partasedana,601849-PT Bank Perekonomian Rakyat Gianyar Partasedana,107911237,110531637,63035387,67628093,77272767,80626675,13586582,12329009,251888,775953,10.68,74.37,6.1,100,3,27.06,60.55,77.9,"IR I WAYAN NASIB, IR I MADE SARWA","I GEDE AGUS KURNIAWAN, MADE AYU YULIATINI.SE, I NYOMAN MIRNA"
5/21/2025 21:38,2021,Maret,Provinsi Bali,Kab. Gianyar,601862-PT Bank Perekonomian Rakyat Kancana Dewata Mahadahana,601862-PT Bank Perekonomian Rakyat Kancana Dewata Mahadahana,10800974,7395764,3828197,4889905,4638929,4848654,"-812,553",120439,"-125,402","-123,329",5.22,165.58,2.71,100,-11.58,118.1,37.43,177.4,"I DEWA GEDE SUPARMA, SE","KETUT BUDIARYAWATI, SURYA TIRTANA THE"
5/21/2025 21:38,2021,Maret,Provinsi Bali,Kab. Gianyar,601863-PT Bank Perekonomian Rakyat Raga Jayatama,601863-PT Bank Perekonomian Rakyat Raga Jayatama,27570879,28752339,9942412,14079108,23340323,24789833,2990308,2566580,40248,195926,2.41,57.79,0.69,100,1.13,21.5,36.4,90.15,"I Nyoman Budayasa, SE., I Wayan Dana Susila, SSn.","Prof. Dr. I Wayan Ramantha, SE. Ak. MM., I Made Adi Darmaja"
5/21/2025 21:38,2021,Maret,Provinsi Bali,Kab. Klungkung,601015-PT Bank Perekonomian Rakyat Tri Darma Putri,601015-PT Bank Perekonomian Rakyat Tri Darma Putri,91747973,95401054,61206490,59144390,82576759,86727344,6153783,7337788,317431,135922,3.78,18.65,3.21,100,1.96,15.87,71.4,88.94,"I WYN SUANDI A. SE, NI LUH SRI ARNITI. SE","I MADE WARDANA, AMD., AK, DRS. I WYN BAGIASTRA, DRS I WYN BAGIASTRA, I KT ESTRADA ADHI SAPUTRA, NI KADEK RATMINI"
5/21/2025 21:39,2021,Maret,Provinsi Bali,Kab. Klungkung,601073-PT Bank Perekonomian Rakyat Sinar Puteramas,601073-PT Bank Perekonomian Rakyat Sinar Puteramas,21577991,24766306,13595757,15921372,17044801,21334035,1499413,1448138,"-16,000","-65,644",21.62,55.52,15.02,100,-0.48,14.58,66.56,96.44,"IDA BAGUS GEDE WIRADNYANA, MADE WIDIASTITI, SE","IR. I WAYAN MAHARDIKA, AGUS ENDRO LUKITO, SE, IR. I WAYAN MAHARDIKA"
5/21/2025 21:39,2021,Maret,Provinsi Bali,Kab. Gianyar,601865-PT Bank Perekonomian Rakyat Eka Ayu Artha Bhuwana,601865-PT Bank Perekonomian Rakyat Eka Ayu Artha Bhuwana,100649886,97122572,75713643,79471304,86021748,83530675,7018929,5379989,409209,1011908,10.18,43.04,8.79,100,1.51,20.14,77.83,86.76,"I MADE SUWECA, I NYOMAN ANANDAYUSA","I PUTU EKA DARMAWAN, DESAK MADE JAYANTINI, I PUTU EKA DARMAWAN, NI KADEK SUARTHI, NI MADE DWI DARMAYANTHI, I KOMANG TRI DARMA SETIAWAN"
5/21/2025 21:39,2021,Maret,Provinsi Bali,Kab. Bangli,601066-PT Bank Perekonomian Rakyat Kamadana,601066-PT Bank Perekonomian Rakyat Kamadana,87208162,71602211,62954854,50334451,80828384,65385016,2432769,2301336,129409,215859,1.48,18,1.25,100,1.2,15.89,74.99,84.21,"I NYOMAN B ATMAJA, SE, I KADEK YULIAWAN PURNAMA YASA, SH","GEDE JULIASTA, Gede Juliasta, B.Bus, PUTU ARNANY, LUH TINGGEN, I WAYAN SUDARYA"
5/21/2025 21:39,2021,Maret,Provinsi Bali,Kab. Klungkung,601065-PT Bank Perekonomian Rakyat Surya Natapala,601065-PT Bank Perekonomian Rakyat Surya Natapala,37405586,31967021,23578875,22944918,31307027,27078090,1594333,578483,185433,110448,1.3,31.53,1.39,100,3.7,37.49,78.99,84.1,"I Wayan Kasih, Anak Agung Ngurah Wiryadi","I Wayan Suryawan, Meri Arianeli"
5/21/2025 21:39,2021,Maret,Provinsi Bali,Kab. Klungkung,601866-PT Bank Perekonomian Rakyat Sari Jaya Sedana,601866-PT Bank Perekonomian Rakyat Sari Jaya Sedana,21546334,23096553,16357625,16188566,18047694,19694678,2293055,2181751,5585,20124,16.95,31.33,17.19,100,0.03,23.69,78.64,97.82,"IDGM. DARMAWIJAYA, SE.MM","G.W.BAYU WEDANANTA AP, SE.AK, DHANY RAMADHAN, SE.AK.FLMI"
5/21/2025 21:39,2021,Maret,Provinsi Bali,Kab. Bangli,600999-PT Bank Perekonomian Rakyat Bank Daerah Bangli (Perseroda),600999-PT Bank Perekonomian Rakyat Bank Daerah Bangli (Perseroda),248519436,250776848,117030828,112264009,227661100,231184107,0,0,1618367,1224396,5.4,25.82,3.4,100,2.33,35.03,50.47,78.01,"IR.MADE ASTAWA, I NENGAH PICARAWAN,S.H, I WAYAN KARDI,S.E","IR. IDA BAGUS GDE GIRI PUTRA,M.M, SANG PUTU SUKARASA,S.H, DRS. I GEDE SURYAWAN,M.SI"
5/21/2025 21:39,2021,Maret,Provinsi Bali,Kab. Karangasem,601021-PT Bank Perekonomian Rakyat Nusamba Manggis,601021-PT Bank Perekonomian Rakyat Nusamba Manggis,92508221,97650754,66351430,68485134,79683915,85152407,3402898,3270094,373408,180253,4.24,30.7,6.48,207.57,0.44,13.59,76.34,90.04,"I KETUT WIRAMA, SE, I WAYAN SOMAYASA, SE","DRS I GEDE BUDIASA, I MADE ARTANA, SE, M INDRA PERMANA, SH"
5/21/2025 21:39,2021,Maret,Provinsi Bali,Kab. Karangasem,601831-PT Bank Perekonomian Rakyat Danamaster Dewata,601831-PT Bank Perekonomian Rakyat Danamaster Dewata,5475571,5531316,3691490,3123589,2322387,3808010,"-1,874,627","-1,826,912","-72,189",50218,36.97,84.81,24.54,100,-1.31,20.01,69.11,152.75,,
5/21/2025 21:40,2021,Maret,Provinsi Bali,Kota Denpasar,600083-PT Bank Perekonomian Rakyat Duta Bali,600083-PT Bank Perekonomian Rakyat Duta Bali,43134438,38767935,22043859,26666261,37000635,32432943,183023,252541,"-54,220",77451,1.81,27.59,0.49,100,-0.46,12.56,52.24,104.24,"I GDE SUMARDANA, IDA BAGUS KETUT PURNAMA, SE","I DEWA GDE SIDAN PUTRA,MBA, DRS. KETUT SUMANTRA, MSC.MM, I DEWA GDE SIDAN PUTRA,MBA, DRS. KETUT SUMANTRA, MSC.MM, I NYOMAN ARTHA.SE"
5/21/2025 21:40,2021,Maret,Provinsi Bali,Kota Denpasar,601006-PT Bank Perekonomian Rakyat Pedungan,601006-PT Bank Perekonomian Rakyat Pedungan,94211729,101837602,77356938,87776788,76391308,83965330,527184,0,"-450,428",128607,10.92,47.54,8.64,100,0.12,14.51,85.28,99.97,"I MADE GEDE MAHENDRA, S.E, I KETUT PILARTHA, B.Bus., M.Com","I GUSTI MADE SUDJANA, BA, DRA. PUTU ARDHINI SUGIWATI, I NYOMAN DURYA, Bsc."
5/21/2025 21:40,2021,Maret,Provinsi Bali,Kab. Karangasem,601852-PT Bank Perekonomian Rakyat Mitra Bali Artha Mandiri,601852-PT Bank Perekonomian Rakyat Mitra Bali Artha Mandiri,21049376,21546226,14457371,16211647,14616172,15082914,573879,698224,"-140,675",265088,4.87,43.87,3.59,100,-0.13,11.93,72.2,128.33,,
5/21/2025 21:40,2021,Maret,Provinsi Bali,Kota Denpasar,601011-PT Bank Perekonomian Rakyat Sari Sedana,601011-PT Bank Perekonomian Rakyat Sari Sedana,35773653,32946473,26099612,22533768,26673572,24617940,2905402,2075045,194679,253488,8.98,61.11,4.57,100,2.62,14.34,75.72,81.2,"I MADE SUARDIKA SUKANDARISTA,SE,.MM, NILUH WINARI, SE","DRS.WAYAN KOTA WIDANA,MBA, I NYOMAN SUNARTA,SE.,MM, DRS.WAYAN KOTA WIDANA,MBA, PUTU WIDAWATI,ST, MADE WIDAYANTI, GEDE ANANDA JAYA, KADEK DAMAYANTI, KETUT WIDANINGSIH"
5/21/2025 21:40,2021,Maret,Provinsi Bali,Kota Denpasar,601017-PT. BPR Pasar Umum,601017-PT. BPR Pasar Umum,46464987,50750840,30503679,36247930,43451659,44435233,1374002,4183496,"-997,424","-504,639",17.07,14.64,16.78,100,0,14.3,73.7,169.3,"Ir AA Gde Suarbawa, Komang Nusani",Made Sumardhana
5/21/2025 21:40,2021,Maret,Provinsi Bali,Kota Denpasar,601009-PT Bank Perekonomian Rakyat Desa Sanur,601009-PT Bank Perekonomian Rakyat Desa Sanur,83119757,95706271,51348303,56947386,72727912,82781835,4392805,5914418,"-1,003,733",7245,25.91,30.55,16.51,100.43,-1.59,34.62,66.35,121.94,"I GUSTI AGUNG DARMAWAN, I WAYAN SINTA SUARTAMA","DRS IWAYAN SARDJANA, IR I GUSI WAYAN WASTIKA, LAINNYA"
5/21/2025 21:40,2021,Maret,Provinsi Bali,Kota Denpasar,601030-PT Bank Perekonomian Rakyat Tata Anjung Sari,601030-PT Bank Perekonomian Rakyat Tata Anjung Sari,102019074,103637742,70958928,79529420,97242788,96402100,"-456,523",189679,"-1,267,191",1045963,15.35,13.16,12.19,100,-3.03,14.83,70.54,122.17,"Cokorda Oka Putra, I Nengah Swartawan","I Made Marlowe M. Bandem, I Ketut Supamuda, I KETUT ARTANA, "
5/21/2025 21:40,2021,Maret,Provinsi Bali,Kota Denpasar,601018-PT Bank Perekonomian Rakyat Pande Artha Dewata,601018-PT Bank Perekonomian Rakyat Pande Artha Dewata,62888450,66318881,39893445,42589140,45350110,48768930,"-177,971","-649,586","-224,741",258485,19.7,67.36,13.6,100,0.06,26.15,69.67,99.48,"I KETUT WIJANA, SE","I GEDE MASIA SUYASHA, I NYOMAN KUS EKA JAYA, SE"
5/21/2025 21:41,2021,Maret,Provinsi Bali,Kota Denpasar,601025-PT Bank Perekonomian Rakyat Pusaka,601025-PT Bank Perekonomian Rakyat Pusaka,72099305,78433935,51599808,56049072,62747227,68600807,885253,1674984,66825,158144,10.48,39.34,10.51,100,0,21.3,70.19,100.32,"I Ketut Suanda, SH, I Nyoman Suradana, SE","Ni Made Sarmi,Amd.Ak, Ni Wayan Yuniarthi, SE. MM"
5/21/2025 21:41,2021,Maret,Provinsi Bali,Kota Denpasar,601044-PT Bank Perekonomian Rakyat Lestari Bali,601044-PT Bank Perekonomian Rakyat Lestari Bali,6564400639,6071708016,3883313004,3609118771,5991437434,5547460473,84998444,52845382,33750136,31487536,2.3,26.42,1.47,100,2.42,11.25,66.63,79.18,"PRIBADI BUDIONO, I MADE WENTEN BUDIADA, DRA LUH KETUT CITARASMINI, IR MADE TUTIK SRI ANDAYANI","ALEX PURNADI CHANDRA, EDDY ATENG, ANTONIUS PADUA SAPTONO SOERJO, IRIANTO KUSUMADJAJA"
5/21/2025 21:41,2021,Maret,Provinsi Bali,Kota Denpasar,601048-PT Bank Perekonomian Rakyat Shri Gangga Bali,601048-PT Bank Perekonomian Rakyat Shri Gangga Bali,68340285,88660366,32532335,35852226,64577059,82745793,"-6,810,505","-4,566,000","-435,697","-528,855",12.3,16.42,15.61,100,-2.55,16.3,50.31,126.25,"Ni Made Dwi Aryawati, SP, I Ketut Ari Widiarta, SE","Ni Made Suratni, SE, I Nyoman Dhasmiartha, MBA"
5/21/2025 21:41,2021,Maret,Provinsi Bali,Kota Denpasar,601072-PT Bank Perekonomian Rakyat Kita Centradana,601072-PT Bank Perekonomian Rakyat Kita Centradana,385626230,400852076,269147902,275592930,330171671,344149488,13369545,13911972,185014,890616,4.36,33.24,3.74,100,0.26,15.75,73.47,97.97,"Fifi Widodo, Drs.Albertus Gunawan, Putu Antara","Handi Widjaja, FS Bahari Nusantara"
5/21/2025 21:41,2021,Maret,Provinsi Bali,Kota Denpasar,601814-PT Bank Perekonomian Rakyat Sentral Ekonomi Nusantara,601814-PT Bank Perekonomian Rakyat Sentral Ekonomi Nusantara,49480004,53400301,28719920,31938834,29010515,33026752,14285216,13726157,184273,647392,21.16,100,10.19,100,3.91,100,59.87,70.99,"Wieharso, SE, I Gusti Agung Putu Agung, SE",CAHAYA WIRAWAN HADI
5/21/2025 21:41,2021,Maret,Provinsi Bali,Kota Denpasar,601813-PT Bank Perekonomian Rakyat Bank Kertiawan,601813-PT Bank Perekonomian Rakyat Bank Kertiawan,288524291,314324508,194466136,213383953,235474031,266011430,27856339,22881225,1193921,1431853,4.78,45.94,3.67,201.28,2.05,15.92,77.1,82.57,"Emic Dwi Setyawati G.S., SE.MBA., Ida Bagus Bawarnawa, SE., Gusti Ayu Kade Ratih, A.MD.","Sang Kompiang Ratwiatma, SH.MM., I Made Kertiawan Agus Adi Putra, SE.MM., Ni Made Sukerti, BA., Emic Dwi Setyawati G.S., SE.MBA., Uji Panca Mahendrawati G.S., SE.Ak."
5/21/2025 21:42,2021,Maret,Provinsi Bali,Kota Denpasar,601842-PT. BPR Bali Artha Anugrah,601842-PT. BPR Bali Artha Anugrah,272420334,238077528,243259350,209122587,229700231,200173209,34602351,28733701,1153782,2206648,3.82,16.54,2.9,100,2.48,16.69,109.15,80.73,"IDA BAGUS TONI ASTAWA, SE, I NENGAH SUJANA, B.Sc","IDA BAGUS ALIT SASTRA, SE, I KETUT ARSANA"
5/21/2025 21:42,2021,Maret,Provinsi Bali,Kota Denpasar,601864-PT Bank Perekonomian Rakyat Dewata Candradana,601864-PT Bank Perekonomian Rakyat Dewata Candradana,189703426,207176146,112572607,127166008,176235505,192195044,"-726,133",402981,"-873,922","-489,855",19.3,12.71,14.87,100,-0.75,11.64,62.44,106.78,"I PUTU DIATMIKA,SE, I MADE OKA BUDIYASA, ST","IR. YEREMIAS FILMON WSATIAWAN, HENRY SETIAWAN,SE, I GST. NGR. WIRA SEDANA"
5/21/2025 21:42,2021,Maret,Provinsi Bali,Kota Denpasar,601844-PT Bank Perekonomian Rakyat Bali Dananiaga,601844-PT Bank Perekonomian Rakyat Bali Dananiaga,145054546,143106575,107492111,105307154,126029081,124489330,5252816,5182656,"-500,834","-838,894",18.02,28.1,12.53,100,0.36,12.84,85.4,96.91,"I Nyoman Sutrisno, I Made Arta","I Made Rai Oka Rimbawa, I Wayan Desak Satya Pusparini, I Made Jedeg Sariana"
5/21/2025 21:42,2021,Maret,Provinsi Bali,Kota Denpasar,601848-PT Bank Perekonomian Rakyat Partakencana Tohpati,601848-PT Bank Perekonomian Rakyat Partakencana Tohpati,66292432,71707063,42104367,51508545,57717660,61044275,217858,1357563,"-1,243,086","-294,775",8.46,26.9,8.94,100,-3.1,15.85,65.07,121.6,"Sih Wahyuti, S.Sos, I Made Suastika, SE","Prof. Dr. Ir. Nyoman Suparta, MS.MM, Ida Bagus Harta Mulyana, SE, Prof. Dr. Ir. Nyoman Suparta, MS. MM, Dr. I Wayan Candra, SH.MH, I Ketut Suwitra, SE"
5/21/2025 21:42,2021,Maret,Provinsi Nusa Tenggara Timur,Kab. Belu,602616-PT Bank Perekonomian Rakyat Tanjung Pratama,602616-PT Bank Perekonomian Rakyat Tanjung Pratama,27889173,25598097,12845719,13325616,19503763,18059505,3264524,2382006,320886,356586,1.83,72.3,0.62,100,3.62,20.09,47.8,77.08,"EMERENTIANA REINELDIS MEZE, GRADIANA DEWIYANTI ANEN","MICHAEL TANDJUNG,SE, NOVEMBRANUS RATU RIHI, SH"
5/21/2025 21:42,2021,Maret,Provinsi Bali,Kota Denpasar,601841-PT Bank Perekonomian Rakyat Hari Depan,601841-PT Bank Perekonomian Rakyat Hari Depan,83699683,90156473,56730302,54421406,61230064,70434857,5300306,5115267,369313,"-2,193,651",9.89,41.64,8.88,100,2.08,10.69,78.56,76.47,"DEWA AYU SRI WAHYUNINGSIH, I KETUT LEBAR SUJANA","IDA BAGUS RAI BUDARSA, SANG KOMPIANG RATWIATMA, IDA BAGUS RAI BUDARSA"
5/21/2025 21:42,2021,Maret,Provinsi Nusa Tenggara Timur,Kab. Flores Timur,601795-PT Bank Perekonomian Rakyat Bina Usaha Dana (Perseroda),601795-PT Bank Perekonomian Rakyat Bina Usaha Dana (Perseroda),72081142,66060053,63797257,58076638,50936471,44871810,825692,1249107,186698,244043,4.57,32.77,3.69,97.89,1.47,13.83,98.1,87.39,"MONIKA V.I FERNANDEZ, SOS.CRBD, MOSES KOPONG BEDA, S.SOS.CRBD","SIPRIANUS PURU DULI, DOMINIKUS DEMON, SH"
5/21/2025 21:42,2021,Maret,Provinsi Bali,Kota Denpasar,601850-PT Bank Perekonomian Rakyat Hoki,601850-PT Bank Perekonomian Rakyat Hoki,158527047,86871744,130513782,62275868,141872027,71640417,3674531,3177265,980489,54062,1.86,16,1.51,100,1.88,20.36,86.07,87.48,NI WAYAN SEDARNI,"BHAKTI PERDANA DALIMI, AGUS HERRY PRAMANA"
5/21/2025 21:42,2021,Maret,Provinsi Nusa Tenggara Timur,Kota Kupang,601077-PT Bank Perekonomian Rakyat Sari Dinarkencana,601077-PT Bank Perekonomian Rakyat Sari Dinarkencana,15917529,14417337,14120344,12217661,8080997,7215905,2483863,2180478,312669,"-19,046",7.05,51.02,5.48,100,7.84,0,95.42,65.08,"LINGKAN ARINA MONDOLANG, I MADE PUTRA DJAJA","Y STEPHANIA DE ROZARI, MEVI CHARLES DOMINGGUS ANGI"
5/21/2025 21:42,2021,Maret,Provinsi Nusa Tenggara Timur,Kab. Manggarai,601914-PT Bank Perekonomian Rakyat Lugasganda,601914-PT Bank Perekonomian Rakyat Lugasganda,22308925,23289056,15124702,19922277,14479108,14597923,955967,1656333,45894,289661,3.09,59.08,3.4,152.41,4.31,40.66,73.88,88.73,"PATAR LAURENCIUS PARDEDE, PETRUS TALA","SUTARYADI, HOTMAN T. H. SITORUS, LUCERIA SIAGIAN"
5/21/2025 21:42,2021,Maret,Provinsi Nusa Tenggara Timur,Kota Kupang,602594-PT. Bank Perekonomian Rakyat Timor Raya Makmur,602594-PT. Bank Perekonomian Rakyat Timor Raya Makmur,18568681,18075852,10429619,12159858,13918932,13858647,510391,"-15,851",199358,293056,10.87,30.92,6.01,100,5.42,20.48,62.11,73.75,EKHA ALBERTIKA ZACHARIAS SURYANINGRAT,"RICHARD FUNAY, SUZANA ANGI TAVARES, BLASIUS WIDODO, VINCEN TJUNGMIADY"
5/21/2025 21:42,2021,Maret,Provinsi Maluku,Kab. Maluku Tenggara,600851-PT. BPR Artha Tual,600851-PT. BPR Artha Tual,0,0,0,0,0,0,0,0,0,0,0,0,0,0,0,0,0,0,,
5/21/2025 21:42,2021,Maret,Provinsi Nusa Tenggara Timur,Kota Kupang,602604-PT Bank Perekonomian Rakyat Christa Jaya Perdana,602604-PT Bank Perekonomian Rakyat Christa Jaya Perdana,259128895,218982281,184613704,179930937,220935144,182723491,25488112,22775543,705639,1483247,4.83,35.04,2.85,90.89,-0.29,5.88,75.36,102.2,"LANNY MEISKE TADU, WILSON LIYANTO, SE, RICKY RICHARD MUSA MANAFE, SE, ROSA APRILIA MING ATASOGE, SE","CHRISTOFEL LIYANTO, SE"
5/21/2025 21:42,2021,Maret,Provinsi Nusa Tenggara Timur,Kota Kupang,602703-PT Bank Perekonomian Rakyat Nusantara Abdi Mulia,602703-PT Bank Perekonomian Rakyat Nusantara Abdi Mulia,23662766,17450618,16859562,13442666,19276867,13853136,"-6,772,863","-7,638,139",158762,235621,2.6,34.62,2.82,100,4.26,14.71,74.31,78.29,"RONALD RICHARD FANGGIDAE, RANDY EDISON MANAFE","HELEN ANTHONIUS, RICHARD FUNAY"
5/21/2025 21:43,2021,Maret,Provinsi Nusa Tenggara Timur,Kab. Belu,602708-PT Bank Perekonomian Rakyat Danamas Belu,602708-PT Bank Perekonomian Rakyat Danamas Belu,21382436,21797013,14128582,17857638,14290181,15395800,738954,0,181501,229413,3.63,86.06,3.35,106.04,3.4,26.6,69.11,80.38,"SIPRIANUS BINTURA, MARIA ADELINA FATIMA MALI","JOHANES FOUK SERANG, NOVEMBRANUS RATU RIHI, JOHANES FOUK SERANG, SUMIATI SOEJATNO, SIPRIANUS BINTURA"
5/21/2025 21:43,2021,Maret,Provinsi Nusa Tenggara Timur,Kota Kupang,602578-PT Bank Perekonomian Rakyat Tanaoba Lais Manekat,602578-PT Bank Perekonomian Rakyat Tanaoba Lais Manekat,269407139,255398574,217361734,214339555,235513193,222777083,5270814,4332554,899063,889810,4.6,21.06,3.86,77.99,2.4,8.33,83.31,83.23,"ROBERT POLYADU FANGGIDAE, YEREMIA MESAKH NAPPOE, ERNI EDELFI MUSKANANFOLA","RICHARD FUNAY, ROZALI, JENI EOH"
5/21/2025 21:43,2021,Maret,Provinsi Nusa Tenggara Timur,Kota Kupang,602747-PT Bank Perkreditan Rakyat Modern Express NTT,602747-PT Bank Perkreditan Rakyat Modern Express NTT,45829083,39525863,39609398,33645676,39634235,32446631,"-6,486,779","-5,355,346","-318,373","-565,422",4.84,25.36,3.62,100,-2.25,5.47,90.21,113.96,"AGUS S. WIBOWO, BERTHY SIAHAYA","FREDDIJOE WUNAS, NASARUDIN"
5/21/2025 21:43,2021,Maret,Provinsi Papua,Kab. Jayapura,601869-PT. BPR Phidectama Sentani,601869-PT. BPR Phidectama Sentani,0,0,0,0,0,0,0,0,0,0,0,0,0,0,0,0,0,0,,
5/21/2025 21:43,2021,Maret,Provinsi Papua,Kab. Jayapura,600479-PT Bank Perekonomian Rakyat Nusa Intim,600479-PT Bank Perekonomian Rakyat Nusa Intim,38372121,36420927,35697053,33650042,31637092,30093821,0,2626144,646192,677816,6.61,25.86,12.68,100,27.07,1.99,103.04,81.57,A.K MIHARJA GINTING,"CUCU SUGIARTI,ST, JOHAN SEKEWAEL, DRS.M.ALI KASTELLA,MMT, IR.CUCU SUGIARTI,MMT, DRA. YUYUN NURIAH,MPD, SANTJIE R. IRIANTO,MMT, A. DAENG HUSEIN"
5/21/2025 21:43,2021,Maret,Provinsi Papua,Kota Jayapura,601946-PT Bank Perekonomian Rakyat Phidectama Abepura,601946-PT Bank Perekonomian Rakyat Phidectama Abepura,30013260,29857455,16795241,18136391,19478586,20345379,7458739,6552716,343935,227360,10.53,53.01,7.91,100,3.81,64.87,66.35,80.48,"ABRAHAM FONATABA,SE, MAGDALENA A.QUI","FIENTJE SALOMINA JARANGGA,SE, YVES PIERRE PAPARE,SE, IR. AUGUSTINUS RUMANSARA, MA, GRACE AUUSTHINR RUMANSARA PAPARE,SE, FIENTJE SALOMINA JARANGGA,SE, ABARAHAM FONATABA,SE, FRANS JOHAN ZAKARIAS RUMSARWIR"
5/21/2025 21:43,2021,Maret,Provinsi Maluku,Kota Ambon,601158-PT Bank Perekonomian Rakyat Modern Express,601158-PT Bank Perekonomian Rakyat Modern Express,2270230129,2071347657,1925131049,1862575446,2005488253,1853197858,139066226,107522358,23675650,23627441,0.15,20.53,0.69,98.1,5.35,27.64,98.04,77.09,"Jantje Saya, Frank Harry Titaheluw, Izak Huwaa","Walter Dave Engko, Vronsky Calvin Sahetapy, Djunaidi Andi Sampara"
5/21/2025 21:43,2021,Maret,Provinsi Papua,Kota Jayapura,602584-PT Bank Perekonomian Rakyat Papua Mandiri Makmur,602584-PT Bank Perekonomian Rakyat Papua Mandiri Makmur,31071071,38399374,25836213,22341959,23601789,30372021,1549875,3104903,135816,"-210,317",6.04,43.92,18.06,100,0.44,35.34,86.64,91.35,"LA EFENDI.SP, HARIYANTI","ROSIYATI.THAMRIN, BUDI.SOEPRIYANTO, DRMA"
5/21/2025 21:43,2021,Maret,Provinsi Papua,Kota Jayapura,601886-PT. BPR Irian Sentosa,601886-PT. BPR Irian Sentosa,1255988303,1175024332,1115776647,1007864032,1085455144,1026725318,53619238,49001362,14913921,9297652,0.39,22.47,1.12,99.6,6.19,15.32,93.91,66.13,"Verasisca Nainggolan, Jemi Sabneno, Oktovianus Tangketasik","Ir. Yenny Rustan, Arif Windarto, Arobbi Ahmad Aituaruw"
5/21/2025 21:44,2021,Maret,Provinsi Maluku Utara,Kota Ternate,602649-PT Bank Perekonomian Rakyat Bobato Lestari,602649-PT Bank Perekonomian Rakyat Bobato Lestari,114990137,113756678,84596348,80115467,92110957,99248675,6092238,0,1880986,1515785,1.24,30.49,2.21,100,2,14.34,81,67.06,"ADE UMAR, HADIJAH JAENAL","H. DJUFRI S.J. SANGADJI, H.SYAHBUDDIN SARAHA, KSP BOBATO"
5/21/2025 21:44,2021,Maret,Provinsi Papua,Kota Jayapura,602745-PT Bank Perekonomian Rakyat Anak Negeri Papua,602745-PT Bank Perekonomian Rakyat Anak Negeri Papua,61910437,58461583,39062883,35404909,54667936,52124088,"-1,723,874","-2,763,752","-33,625",101247,6.56,30.37,0.87,100,0.09,6.23,95.61,9.1,"NURI IRIANTI, CAROLINA SUSTIANA SIUS","JOSINA LAWALATA, AGUSTHINA THENU, LEDRYK J. LEKENILA, --, --"
5/21/2025 21:44,2021,Maret,Provinsi Maluku Utara,Kota Ternate,602740-PT. BPR Modern Express Maluku Utara,602740-PT. BPR Modern Express Maluku Utara,134731544,101155675,119791772,92465791,117940383,90754044,3418505,"-655,028",1370656,1054659,0,18.53,0,98.81,4.48,14.29,91.35,71.84,"Heintje Engelbert Sahuleka, Ridhwan Marasabessy","Vronsky Calvin Sahetapy, Margarien Thomas, PT Modern Multiartha"
5/21/2025 21:44,2021,Maret,Provinsi Papua Barat,Kota Sorong,601289-PT Bank Perekonomian Rakyat Menara Cendrawasih Papua,601289-PT Bank Perekonomian Rakyat Menara Cendrawasih Papua,17225122,17011653,14569270,14024118,12075648,11620608,"-4,881,564","-4,474,378",146713,"-18,902",9.23,84.52,9.36,100,-2.26,16.48,89.28,111.87,Tommy Kennedy Toar,"Andi Idrus, Aris Suprianto, ERNI PUSPITA"
5/21/2025 21:44,2021,Maret,Provinsi Papua,Kab. Biak Numfor,600081-PT Bank Perekonomian Rakyat Bosnik Intsia Papua,600081-PT Bank Perekonomian Rakyat Bosnik Intsia Papua,10694582,5736853,5171263,4557284,5694703,5003855,111814,"-470,280","-321,935","-6,722",43.58,123,24.94,100,-2.89,206.5,30.76,53.41,,
5/21/2025 21:44,2021,Maret,Provinsi Papua Barat,Kab. Manokwari,602742-PT BPR Modern Express Papua Barat,602742-PT BPR Modern Express Papua Barat,90304277,69845347,82227895,63884328,80223854,62204714,"-678,161","-3,017,771",758584,658404,1.4,18.26,1.1,100,2.88,8.54,94.09,82.77,"Johanis Damamain, Mursalim","Freddijoe Wunas, Frans Gustaf Kapoh"
5/21/2025 21:44,2021,Maret,Provinsi Papua Barat,Kota Sorong,602750-PT Bank Perekonomian Rakyat Sorong Sukses Sejahtera,602750-PT Bank Perekonomian Rakyat Sorong Sukses Sejahtera,57661477,49224401,40752671,33248847,45259899,37434166,0,1533675,401578,256560,14.23,68.93,9.13,100,1.19,5.78,59.33,81.14,"HARYS WIBOWO, DANIEL TAHULENDING","DONALD R SIWABESSY, JIMMY H ULORLO, "
5/21/2025 21:44,2021,Maret,Provinsi Papua Barat,Kab. Manokwari,602738-PT Bank Perekonomian Rakyat Sinar Mulia Papua,602738-PT Bank Perekonomian Rakyat Sinar Mulia Papua,39372816,53471261,25251965,23033692,31584159,47455273,453832,"-48,797",334825,64785,5.99,32.17,4.21,100,0.86,12.59,66.5,78.83,"DRS Ec John Wanggai, Anisyah Sari","Andi Idrus, Yennifer Febryan Oneal"
5/21/2025 21:44,2021,Maret,Provinsi Papua Barat,Kab. Manokwari,602643-PT. BPR Arfak Indonesia,602643-PT. BPR Arfak Indonesia,491440276,487865131,441598496,420697473,462526084,445896756,"-59,083,039","-12,512,672","-10,356,917","-12,373,101",69.2,8.02,72,100,-14.1,5.75,96.04,372,,
